ThoiGian,BienSo,HanhDong,DoiTuong,GhiChu
2026-01-27 12:57:33,51G4B660,NHẬN DIỆN ẢNH,KHÁCH VÃNG LAI,Ảnh: biensoxe1.jpg
2026-01-27 12:57:49,51G4B660,NHẬN DIỆN ẢNH,KHÁCH VÃNG LAI,Ảnh: biensoxe1.jpg
2026-01-27 13:00:27,51G4B660,NHẬN DIỆN ẢNH,KHÁCH VÃNG LAI,Ảnh: biensoxe1.jpg
2026-01-27 13:00:32,51G4B660,NHẬN DIỆN ẢNH,KHÁCH VÃNG LAI,Ảnh: biensoxe1.jpg
2026-01-27 13:00:45,51G4B660,NHẬN DIỆN ẢNH,KHÁCH VÃNG LAI,Ảnh: biensoxe1.jpg
2026-01-27 13:02:49,59179379,VÀO/RA,KHÁCH VÃNG LAI,Tự động
2026-01-27 13:02:56,59R179379,VÀO/RA,KHÁCH VÃNG LAI,Tự động
2026-01-27 13:02:56,5979379,VÀO/RA,KHÁCH VÃNG LAI,Tự động
2026-01-27 13:09:57,51G4B660,NHẬN DIỆN ẢNH,KHÁCH VÃNG LAI,Ảnh: biensoxe1.jpg
2026-01-27 13:13:31,51G4B660,NHẬN DIỆN ẢNH,KHÁCH VÃNG LAI,Ảnh: biensoxe1.jpg
2026-01-27 13:27:28,51G4B660,NHẬN DIỆN ẢNH,KHÁCH VÃNG LAI,Ảnh: biensoxe1.jpg
2026-01-27 13:31:42,51G4B660,NHẬN DIỆN ẢNH,Ô tô - KHÁCH VÃNG LAI,Ảnh: biensoxe1.jpg
2026-01-27 13:33:49,51G4B660,NHẬN DIỆN ẢNH,Ô tô - KHÁCH VÃNG LAI,Ảnh: biensoxe1.jpg
2026-01-27 14:11:49,51G4B660,PHÁT HIỆN VI PHẠM,Ô tô - XE VI PHẠM,Ảnh: biensoxe1.jpg
2026-01-27 14:45:51,51G4B660,PHÁT HIỆN VI PHẠM,Ô tô - XE VI PHẠM - Vi phạm khác,Ảnh: biensoxe1.jpg
2026-01-27 15:04:50,59214,PHÁT HIỆN VI PHẠM,Xe máy - 59-214 - Vi phạm: Đè vạch dừng,Video: demo_video.mp4 - Frame 150
2026-01-27 15:04:53,597B06868,PHÁT HIỆN VI PHẠM VIDEO,Xe máy - 597B-06868,"Video: demo_video.mp4, Frame: 30, Độ rõ: Rõ"
2026-01-27 15:04:53,47A61773,PHÁT HIỆN VI PHẠM VIDEO,Xe máy - 47A-61773,"Video: demo_video.mp4, Frame: 60, Độ rõ: Rõ"
2026-01-27 15:04:53,59214,PHÁT HIỆN VI PHẠM VIDEO,Xe máy - 59-214 - Vi phạm: Đè vạch dừng,"Video: demo_video.mp4, Frame: 150, Độ rõ: Rõ"
2026-01-27 15:04:53,59T321650,PHÁT HIỆN VI PHẠM VIDEO,Xe máy - 59T3-21650,"Video: demo_video.mp4, Frame: 420, Độ rõ: Rõ"
2026-01-27 15:14:31,59214,PHÁT HIỆN VI PHẠM,Xe máy - 59-214 - Vi phạm: Đè vạch dừng,Video: demo_video.mp4 - Frame 150
2026-01-27 15:14:34,597B06868,PHÁT HIỆN VI PHẠM VIDEO,Xe máy - 597B-06868,"Video: demo_video.mp4, Frame: 30, Độ rõ: Rõ"
2026-01-27 15:14:34,47A61773,PHÁT HIỆN VI PHẠM VIDEO,Xe máy - 47A-61773,"Video: demo_video.mp4, Frame: 60, Độ rõ: Rõ"
2026-01-27 15:14:34,59214,PHÁT HIỆN VI PHẠM VIDEO,Xe máy - 59-214 - Vi phạm: Đè vạch dừng,"Video: demo_video.mp4, Frame: 150, Độ rõ: Rõ"
2026-01-27 15:14:34,59T321650,PHÁT HIỆN VI PHẠM VIDEO,Xe máy - 59T3-21650,"Video: demo_video.mp4, Frame: 420, Độ rõ: Rõ"
2026-01-27 15:18:11,59214,PHÁT HIỆN VI PHẠM,Xe máy - 59-214 - Vi phạm: Đè vạch dừng,Video: demo_video.mp4 - Frame 150
2026-01-27 15:18:14,597B06868,PHÁT HIỆN VI PHẠM VIDEO,Xe máy - 597B-06868,"Video: demo_video.mp4, Frame: 30, Độ rõ: Rõ"
2026-01-27 15:18:14,47A61773,PHÁT HIỆN VI PHẠM VIDEO,Xe máy - 47A-61773,"Video: demo_video.mp4, Frame: 60, Độ rõ: Rõ"
2026-01-27 15:18:14,59214,PHÁT HIỆN VI PHẠM VIDEO,Xe máy - 59-214 - Vi phạm: Đè vạch dừng,"Video: demo_video.mp4, Frame: 150, Độ rõ: Rõ"
2026-01-27 15:18:14,59T321650,PHÁT HIỆN VI PHẠM VIDEO,Xe máy - 59T3-21650,"Video: demo_video.mp4, Frame: 420, Độ rõ: Rõ"
2026-01-27 15:22:41,59214,PHÁT HIỆN VI PHẠM,Xe máy - 59-214 - Vi phạm: Đè vạch dừng,Video: demo_video.mp4 - Frame 150
2026-01-27 15:22:42,597B06868,PHÁT HIỆN VI PHẠM VIDEO,Xe máy - 597B-06868,"Video: demo_video.mp4, Frame: 30, Độ rõ: Rõ"
2026-01-27 15:22:42,47A61773,PHÁT HIỆN VI PHẠM VIDEO,Xe máy - 47A-61773,"Video: demo_video.mp4, Frame: 60, Độ rõ: Rõ"
2026-01-27 15:22:42,59214,PHÁT HIỆN VI PHẠM VIDEO,Xe máy - 59-214 - Vi phạm: Đè vạch dừng,"Video: demo_video.mp4, Frame: 150, Độ rõ: Rõ"
2026-01-27 15:22:44,59214,PHÁT HIỆN VI PHẠM,Xe máy - 59-214 - Vi phạm: Đè vạch dừng,Video: demo_video.mp4 - Frame 150
2026-01-27 15:22:44,597B06868,PHÁT HIỆN VI PHẠM VIDEO,Xe máy - 597B-06868,"Video: demo_video.mp4, Frame: 30, Độ rõ: Rõ"
2026-01-27 15:22:44,47A61773,PHÁT HIỆN VI PHẠM VIDEO,Xe máy - 47A-61773,"Video: demo_video.mp4, Frame: 60, Độ rõ: Rõ"
2026-01-27 15:22:44,59214,PHÁT HIỆN VI PHẠM VIDEO,Xe máy - 59-214 - Vi phạm: Đè vạch dừng,"Video: demo_video.mp4, Frame: 150, Độ rõ: Rõ"
2026-01-27 15:22:46,59214,PHÁT HIỆN VI PHẠM,Xe máy - 59-214 - Vi phạm: Đè vạch dừng,Video: demo_video.mp4 - Frame 150
2026-01-27 15:22:47,59214,PHÁT HIỆN VI PHẠM,Xe máy - 59-214 - Vi phạm: Đè vạch dừng,Video: demo_video.mp4 - Frame 150
2026-01-27 15:22:50,597B06868,PHÁT HIỆN VI PHẠM VIDEO,Xe máy - 597B-06868,"Video: demo_video.mp4, Frame: 30, Độ rõ: Rõ"
2026-01-27 15:22:50,47A61773,PHÁT HIỆN VI PHẠM VIDEO,Xe máy - 47A-61773,"Video: demo_video.mp4, Frame: 60, Độ rõ: Rõ"
2026-01-27 15:22:50,59214,PHÁT HIỆN VI PHẠM VIDEO,Xe máy - 59-214 - Vi phạm: Đè vạch dừng,"Video: demo_video.mp4, Frame: 150, Độ rõ: Rõ"
2026-01-27 15:22:50,59T321650,PHÁT HIỆN VI PHẠM VIDEO,Xe máy - 59T3-21650,"Video: demo_video.mp4, Frame: 420, Độ rõ: Rõ"
2026-01-27 15:22:51,597B06868,PHÁT HIỆN VI PHẠM VIDEO,Xe máy - 597B-06868,"Video: demo_video.mp4, Frame: 30, Độ rõ: Rõ"
2026-01-27 15:22:51,47A61773,PHÁT HIỆN VI PHẠM VIDEO,Xe máy - 47A-61773,"Video: demo_video.mp4, Frame: 60, Độ rõ: Rõ"
2026-01-27 15:22:51,59214,PHÁT HIỆN VI PHẠM VIDEO,Xe máy - 59-214 - Vi phạm: Đè vạch dừng,"Video: demo_video.mp4, Frame: 150, Độ rõ: Rõ"
2026-01-27 15:22:51,59T321650,PHÁT HIỆN VI PHẠM VIDEO,Xe máy - 59T3-21650,"Video: demo_video.mp4, Frame: 420, Độ rõ: Rõ"
2026-01-27 15:29:13,59214,PHÁT HIỆN VI PHẠM,Xe máy - 59-214 - Vi phạm: Đè vạch dừng,Video: demo_video.mp4 - Frame 150
2026-01-27 15:29:16,597B06868,PHÁT HIỆN VI PHẠM VIDEO,Xe máy - 597B-06868,"Video: demo_video.mp4, Frame: 30, Độ rõ: Rõ"
2026-01-27 15:29:16,47A61773,PHÁT HIỆN VI PHẠM VIDEO,Xe máy - 47A-61773,"Video: demo_video.mp4, Frame: 60, Độ rõ: Rõ"
2026-01-27 15:29:16,59214,PHÁT HIỆN VI PHẠM VIDEO,Xe máy - 59-214 - Vi phạm: Đè vạch dừng,"Video: demo_video.mp4, Frame: 150, Độ rõ: Rõ"
2026-01-27 15:29:16,59T321650,PHÁT HIỆN VI PHẠM VIDEO,Xe máy - 59T3-21650,"Video: demo_video.mp4, Frame: 420, Độ rõ: Rõ"
2026-01-28 00:22:35,"('63B9-99999', 0.8835354910956489)",GHI NHẬN THỦ CÔNG,Xe,Nhấn Space
2026-01-28 00:31:34,"('63B9-99999', 0.888675140009986)",GHI NHẬN THỦ CÔNG,Xe,Nhấn Space
2026-01-28 01:09:08,51G-4B660,NHẬN DIỆN THỦ CÔNG,Ô tô - Không vi phạm,Từ upload ảnh: 
2026-01-28 01:22:04,76A-22222,PHÁT HIỆN VI PHẠM,Ô tô - 76A-22222 - Vi phạm: Đè làn đường,Ảnh: biensoxe2.jpg
2026-01-28 01:22:41,76A-22222,PHÁT HIỆN VI PHẠM,Ô tô - 76A-22222 - Vi phạm: Đè làn đường,Ảnh: biensoxe2.jpg
2026-01-28 01:24:02,"('63B9-99999', 0.8860687679714627)",GHI NHẬN THỦ CÔNG,Xe,Nhấn Space
2026-01-28 22:25:05,76A-22222,PHÁT HIỆN VI PHẠM,Ô tô - 76A-22222 - Vi phạm: Đè làn đường,Ảnh: biensoxe2.jpg
2026-01-28 22:25:24,76A-22222,PHÁT HIỆN VI PHẠM,Ô tô - 76A-22222 - Vi phạm: Đè làn đường,Ảnh: biensoxe2.jpg
2026-01-28 22:25:53,59214,PHÁT HIỆN VI PHẠM,Xe máy - 59-214 - Vi phạm: Đè vạch dừng,Video: demo_video.mp4 - Frame 150
2026-01-28 22:25:57,597B06868,PHÁT HIỆN VI PHẠM VIDEO,Xe máy - 597B-06868,"Video: demo_video.mp4, Frame: 30, Độ rõ: Rõ"
2026-01-28 22:25:57,47A61773,PHÁT HIỆN VI PHẠM VIDEO,Xe máy - 47A-61773,"Video: demo_video.mp4, Frame: 60, Độ rõ: Rõ"
2026-01-28 22:25:57,59214,PHÁT HIỆN VI PHẠM VIDEO,Xe máy - 59-214 - Vi phạm: Đè vạch dừng,"Video: demo_video.mp4, Frame: 150, Độ rõ: Rõ"
2026-01-28 22:25:57,59T321650,PHÁT HIỆN VI PHẠM VIDEO,Xe máy - 59T3-21650,"Video: demo_video.mp4, Frame: 420, Độ rõ: Rõ"
2026-01-28 22:27:15,59214,PHÁT HIỆN VI PHẠM,Xe máy - 59-214 - Vi phạm: Đè vạch dừng,Video: demo_video.mp4 - Frame 150
2026-01-28 22:27:20,597B06868,PHÁT HIỆN VI PHẠM VIDEO,Xe máy - 597B-06868,"Video: demo_video.mp4, Frame: 30, Độ rõ: Rõ"
2026-01-28 22:27:20,47A61773,PHÁT HIỆN VI PHẠM VIDEO,Xe máy - 47A-61773,"Video: demo_video.mp4, Frame: 60, Độ rõ: Rõ"
2026-01-28 22:27:20,59214,PHÁT HIỆN VI PHẠM VIDEO,Xe máy - 59-214 - Vi phạm: Đè vạch dừng,"Video: demo_video.mp4, Frame: 150, Độ rõ: Rõ"
2026-01-28 22:27:20,59T321650,PHÁT HIỆN VI PHẠM VIDEO,Xe máy - 59T3-21650,"Video: demo_video.mp4, Frame: 420, Độ rõ: Rõ"
2026-01-28 22:28:39,76A-22222,PHÁT HIỆN VI PHẠM,Ô tô - 76A-22222 - Vi phạm: Đè làn đường,Ảnh: biensoxe2.jpg
2026-01-28 22:29:55,76A-22222,NHẬN DIỆN THỦ CÔNG,Ô tô - Vi phạm: Đè làn đường,Từ upload ảnh: Đè làn đường
2026-01-28 22:30:29,59214,PHÁT HIỆN VI PHẠM,Xe máy - 59-214 - Vi phạm: Đè vạch dừng,Video: demo_video.mp4 - Frame 150
2026-01-28 22:30:33,597B06868,PHÁT HIỆN VI PHẠM VIDEO,Xe máy - 597B-06868,"Video: demo_video.mp4, Frame: 30, Độ rõ: Rõ"
2026-01-28 22:30:33,47A61773,PHÁT HIỆN VI PHẠM VIDEO,Xe máy - 47A-61773,"Video: demo_video.mp4, Frame: 60, Độ rõ: Rõ"
2026-01-28 22:30:33,59214,PHÁT HIỆN VI PHẠM VIDEO,Xe máy - 59-214 - Vi phạm: Đè vạch dừng,"Video: demo_video.mp4, Frame: 150, Độ rõ: Rõ"
2026-01-28 22:30:33,59T321650,PHÁT HIỆN VI PHẠM VIDEO,Xe máy - 59T3-21650,"Video: demo_video.mp4, Frame: 420, Độ rõ: Rõ"
2026-01-28 22:44:23,76A-22222,PHÁT HIỆN VI PHẠM,Ô tô - 76A-22222 - Vi phạm: Đè làn đường,Ảnh: biensoxe2.jpg
2026-01-28 22:45:32,1100503,PHÁT HIỆN VI PHẠM VIDEO,Xe máy - 11-00503 - Vi phạm: Đè vạch dừng,Video: demo_video.mp4 - Frame 1
2026-01-28 22:45:34,81100E03,PHÁT HIỆN VI PHẠM VIDEO,Xe máy - 811-00E03 - Vi phạm: Đè vạch dừng,Video: demo_video.mp4 - Frame 2
2026-01-28 22:45:34,597B05868,PHÁT HIỆN VI PHẠM VIDEO,Xe máy - 597B-05868 - Vi phạm: Đè vạch dừng,Video: demo_video.mp4 - Frame 2
2026-01-28 22:45:36,81108503,PHÁT HIỆN VI PHẠM VIDEO,Xe máy - 811-08503 - Vi phạm: Đè vạch dừng,Video: demo_video.mp4 - Frame 3
2026-01-28 22:45:39,1X1408503,PHÁT HIỆN VI PHẠM VIDEO,Xe máy - 1X14-08503 - Vi phạm: Đè vạch dừng,Video: demo_video.mp4 - Frame 5
2026-01-28 22:45:41,81108E03,PHÁT HIỆN VI PHẠM VIDEO,Xe máy - 811-08E03 - Vi phạm: Đè vạch dừng,Video: demo_video.mp4 - Frame 6
2026-01-28 22:45:43,8110803,PHÁT HIỆN VI PHẠM VIDEO,Xe máy - 811-0803 - Vi phạm: Đè vạch dừng,Video: demo_video.mp4 - Frame 7
2026-01-28 22:45:48,R811H08503,PHÁT HIỆN VI PHẠM VIDEO,Xe máy - R811H-08503 - Vi phạm: Đè vạch dừng,Video: demo_video.mp4 - Frame 12
2026-01-28 22:45:58,B1150,PHÁT HIỆN VI PHẠM VIDEO,Xe máy - B11-50 - Vi phạm: Đè vạch dừng,Video: demo_video.mp4 - Frame 21
2026-01-28 22:46:10,61H159850,PHÁT HIỆN VI PHẠM VIDEO,Xe máy - 61H1-59850 - Vi phạm: Đè vạch dừng,Video: demo_video.mp4 - Frame 33
2026-01-28 22:46:11,59706868,PHÁT HIỆN VI PHẠM VIDEO,Xe máy - 597-06868 - Vi phạm: Đè vạch dừng,Video: demo_video.mp4 - Frame 35
2026-01-28 22:46:14,97B0688,PHÁT HIỆN VI PHẠM VIDEO,Xe máy - 97B-0688 - Vi phạm: Đè vạch dừng,Video: demo_video.mp4 - Frame 40
2026-01-28 22:46:17,70A26872,PHÁT HIỆN VI PHẠM VIDEO,Ô tô - 70A-26872 - Vi phạm: Đè vạch dừng,Video: demo_video.mp4 - Frame 43
2026-01-28 22:46:22,5905868,PHÁT HIỆN VI PHẠM VIDEO,Xe máy - 59-05868 - Vi phạm: Đè vạch dừng,Video: demo_video.mp4 - Frame 47
2026-01-28 22:46:25,91B58,PHÁT HIỆN VI PHẠM VIDEO,Xe máy - 91B-58 - Vi phạm: Đè vạch dừng,Video: demo_video.mp4 - Frame 50
2026-01-28 22:46:27,181,PHÁT HIỆN VI PHẠM VIDEO,Xe máy - 18-1 - Vi phạm: Đè vạch dừng,Video: demo_video.mp4 - Frame 51
2026-01-28 22:46:27,591B80588,PHÁT HIỆN VI PHẠM VIDEO,Xe máy - 591B8-0588 - Vi phạm: Đè vạch dừng,Video: demo_video.mp4 - Frame 51
2026-01-28 22:46:28,ZZ181,PHÁT HIỆN VI PHẠM VIDEO,Xe máy - ZZ-181 - Vi phạm: Đè vạch dừng,Video: demo_video.mp4 - Frame 52
2026-01-28 22:46:29,591B058,PHÁT HIỆN VI PHẠM VIDEO,Xe máy - 591B-058 - Vi phạm: Đè vạch dừng,Video: demo_video.mp4 - Frame 52
2026-01-28 22:47:02,5Z10861,PHÁT HIỆN VI PHẠM VIDEO,Xe máy - 5Z-10861 - Vi phạm: Đè vạch dừng,Video: demo_video.mp4 - Frame 97
2026-01-28 22:47:11,61R159850,PHÁT HIỆN VI PHẠM VIDEO,Xe máy - 61R1-59850 - Vi phạm: Đè vạch dừng,Video: demo_video.mp4 - Frame 108
2026-01-28 22:47:40,"('99E1-22268', 0.89527428150177)",GHI NHẬN THỦ CÔNG,Xe,Nhấn Space
2026-01-28 22:48:01,5414,PHÁT HIỆN VI PHẠM VIDEO,Ô tô - 54-14 - Vi phạm: Đè vạch dừng,Video: demo_video.mp4 - Frame 149
2026-01-28 22:48:03,59214,PHÁT HIỆN VI PHẠM VIDEO,Ô tô - 59-214 - Vi phạm: Đè vạch dừng,Video: demo_video.mp4 - Frame 150
2026-01-28 22:48:04,59R214,PHÁT HIỆN VI PHẠM VIDEO,Xe máy - 59R-214 - Vi phạm: Đè vạch dừng,Video: demo_video.mp4 - Frame 151
2026-01-28 22:48:06,61RH159850,PHÁT HIỆN VI PHẠM VIDEO,Xe máy - 61RH1-59850 - Vi phạm: Đè vạch dừng,Video: demo_video.mp4 - Frame 152
2026-01-28 22:48:10,6918214,PHÁT HIỆN VI PHẠM VIDEO,Xe máy - 69-18214 - Vi phạm: Đè vạch dừng,Video: demo_video.mp4 - Frame 155
2026-01-28 22:48:19,579RA18214,PHÁT HIỆN VI PHẠM VIDEO,Xe máy - 579RA-18214 - Vi phạm: Đè vạch dừng,Video: demo_video.mp4 - Frame 163
2026-01-28 22:48:20,61R59850,PHÁT HIỆN VI PHẠM VIDEO,Xe máy - 61R-59850 - Vi phạm: Đè vạch dừng,Video: demo_video.mp4 - Frame 163
2026-01-28 22:48:22,67R159850,PHÁT HIỆN VI PHẠM VIDEO,Xe máy - 67R1-59850 - Vi phạm: Đè vạch dừng,Video: demo_video.mp4 - Frame 164
2026-01-28 22:48:23,59RA18214,PHÁT HIỆN VI PHẠM VIDEO,Xe máy - 59RA-18214 - Vi phạm: Đè vạch dừng,Video: demo_video.mp4 - Frame 165
2026-01-28 22:48:26,69RA18214,PHÁT HIỆN VI PHẠM VIDEO,Xe máy - 69RA-18214 - Vi phạm: Đè vạch dừng,Video: demo_video.mp4 - Frame 167
2026-01-28 22:48:28,1159850,PHÁT HIỆN VI PHẠM VIDEO,Xe máy - 11-59850 - Vi phạm: Đè vạch dừng,Video: demo_video.mp4 - Frame 168
2026-01-28 22:48:32,659RA78214,PHÁT HIỆN VI PHẠM VIDEO,Xe máy - 659RA-78214 - Vi phạm: Đè vạch dừng,Video: demo_video.mp4 - Frame 171
2026-01-28 22:48:33,69RA78214,PHÁT HIỆN VI PHẠM VIDEO,Xe máy - 69RA-78214 - Vi phạm: Đè vạch dừng,Video: demo_video.mp4 - Frame 172
2026-01-28 22:48:35,69R1821,PHÁT HIỆN VI PHẠM VIDEO,Xe máy - 69R-1821 - Vi phạm: Đè vạch dừng,Video: demo_video.mp4 - Frame 173
2026-01-28 22:48:36,61H15950,PHÁT HIỆN VI PHẠM VIDEO,Xe máy - 61H1-5950 - Vi phạm: Đè vạch dừng,Video: demo_video.mp4 - Frame 173
2026-01-28 22:48:40,61R15950,PHÁT HIỆN VI PHẠM VIDEO,Xe máy - 61R1-5950 - Vi phạm: Đè vạch dừng,Video: demo_video.mp4 - Frame 176
2026-01-28 22:48:41,9R18214,PHÁT HIỆN VI PHẠM VIDEO,Xe máy - 9R-18214 - Vi phạm: Đè vạch dừng,Video: demo_video.mp4 - Frame 177
2026-01-28 22:48:43,R15950,PHÁT HIỆN VI PHẠM VIDEO,Xe máy - R1-5950 - Vi phạm: Đè vạch dừng,Video: demo_video.mp4 - Frame 178
2026-01-28 22:48:44,R1714,PHÁT HIỆN VI PHẠM VIDEO,Xe máy - R-1714 - Vi phạm: Đè vạch dừng,Video: demo_video.mp4 - Frame 179
2026-01-28 22:48:45,Z1950,PHÁT HIỆN VI PHẠM VIDEO,Xe máy - Z1-950 - Vi phạm: Đè vạch dừng,Video: demo_video.mp4 - Frame 179
2026-01-28 22:48:46,5R18214,PHÁT HIỆN VI PHẠM VIDEO,Xe máy - 5R-18214 - Vi phạm: Đè vạch dừng,Video: demo_video.mp4 - Frame 180
2026-01-28 22:48:47,R59850,PHÁT HIỆN VI PHẠM VIDEO,Xe máy - R-59850 - Vi phạm: Đè vạch dừng,Video: demo_video.mp4 - Frame 180
2026-01-28 22:48:48,569A18214,PHÁT HIỆN VI PHẠM VIDEO,Xe máy - 569A-18214 - Vi phạm: Đè vạch dừng,Video: demo_video.mp4 - Frame 181
2026-01-28 22:48:48,61Z1598850,PHÁT HIỆN VI PHẠM VIDEO,Xe máy - 61Z1-598850 - Vi phạm: Đè vạch dừng,Video: demo_video.mp4 - Frame 181
2026-01-28 22:48:49,69RA1821,PHÁT HIỆN VI PHẠM VIDEO,Xe máy - 69RA-1821 - Vi phạm: Đè vạch dừng,Video: demo_video.mp4 - Frame 182
2026-01-28 22:48:50,601R5950,PHÁT HIỆN VI PHẠM VIDEO,Xe máy - 601R-5950 - Vi phạm: Đè vạch dừng,Video: demo_video.mp4 - Frame 182
2026-01-28 22:48:51,591721,PHÁT HIỆN VI PHẠM VIDEO,Xe máy - 59-1721 - Vi phạm: Đè vạch dừng,Video: demo_video.mp4 - Frame 183
2026-01-28 22:48:52,R950,PHÁT HIỆN VI PHẠM VIDEO,Xe máy - R-950 - Vi phạm: Đè vạch dừng,Video: demo_video.mp4 - Frame 183
2026-01-28 22:48:53,5918271,PHÁT HIỆN VI PHẠM VIDEO,Xe máy - 59-18271 - Vi phạm: Đè vạch dừng,Video: demo_video.mp4 - Frame 184
2026-01-28 22:48:56,1Z15980,PHÁT HIỆN VI PHẠM VIDEO,Xe máy - 1Z1-5980 - Vi phạm: Đè vạch dừng,Video: demo_video.mp4 - Frame 185
2026-01-28 22:48:56,9R12714,PHÁT HIỆN VI PHẠM VIDEO,Xe máy - 9R-12714 - Vi phạm: Đè vạch dừng,Video: demo_video.mp4 - Frame 186
2026-01-28 22:48:58,6RZ19850,PHÁT HIỆN VI PHẠM VIDEO,Xe máy - 6RZ1-9850 - Vi phạm: Đè vạch dừng,Video: demo_video.mp4 - Frame 186
2026-01-28 22:48:59,59R1B714,PHÁT HIỆN VI PHẠM VIDEO,Xe máy - 59R-1B714 - Vi phạm: Đè vạch dừng,Video: demo_video.mp4 - Frame 187
2026-01-28 22:49:00,59R11271,PHÁT HIỆN VI PHẠM VIDEO,Xe máy - 59R1-1271 - Vi phạm: Đè vạch dừng,Video: demo_video.mp4 - Frame 188
2026-01-28 22:49:01,61R1595,PHÁT HIỆN VI PHẠM VIDEO,Xe máy - 61R1-595 - Vi phạm: Đè vạch dừng,Video: demo_video.mp4 - Frame 188
2026-01-28 22:49:02,5911821,PHÁT HIỆN VI PHẠM VIDEO,Xe máy - 591-1821 - Vi phạm: Đè vạch dừng,Video: demo_video.mp4 - Frame 189
2026-01-28 22:49:04,59R121,PHÁT HIỆN VI PHẠM VIDEO,Xe máy - 59R-121 - Vi phạm: Đè vạch dừng,Video: demo_video.mp4 - Frame 190
2026-01-28 22:49:05,59R1B21,PHÁT HIỆN VI PHẠM VIDEO,Xe máy - 59R-1B21 - Vi phạm: Đè vạch dừng,Video: demo_video.mp4 - Frame 191
2026-01-28 22:49:05,61Z598,PHÁT HIỆN VI PHẠM VIDEO,Xe máy - 61Z-598 - Vi phạm: Đè vạch dừng,Video: demo_video.mp4 - Frame 191
2026-01-28 22:49:08,69RA718214,PHÁT HIỆN VI PHẠM VIDEO,Xe máy - 69RA-718214 - Vi phạm: Đè vạch dừng,Video: demo_video.mp4 - Frame 193
2026-01-28 22:49:08,61PR15985,PHÁT HIỆN VI PHẠM VIDEO,Xe máy - 61PR1-5985 - Vi phạm: Đè vạch dừng,Video: demo_video.mp4 - Frame 193
2026-01-28 22:49:10,1R1985,PHÁT HIỆN VI PHẠM VIDEO,Xe máy - 1R1-985 - Vi phạm: Đè vạch dừng,Video: demo_video.mp4 - Frame 194
2026-01-28 22:49:11,59A18214,PHÁT HIỆN VI PHẠM VIDEO,Xe máy - 59A-18214 - Vi phạm: Đè vạch dừng,Video: demo_video.mp4 - Frame 195
2026-01-28 22:49:12,59R178214,PHÁT HIỆN VI PHẠM VIDEO,Xe máy - 59R-178214 - Vi phạm: Đè vạch dừng,Video: demo_video.mp4 - Frame 196
2026-01-28 22:49:13,59R11821,PHÁT HIỆN VI PHẠM VIDEO,Xe máy - 59R1-1821 - Vi phạm: Đè vạch dừng,Video: demo_video.mp4 - Frame 197
2026-01-28 22:49:15,59RA1821,PHÁT HIỆN VI PHẠM VIDEO,Xe máy - 59RA-1821 - Vi phạm: Đè vạch dừng,Video: demo_video.mp4 - Frame 198
2026-01-28 22:49:16,59R1821,PHÁT HIỆN VI PHẠM VIDEO,Xe máy - 59R-1821 - Vi phạm: Đè vạch dừng,Video: demo_video.mp4 - Frame 199
2026-01-28 22:49:18,59R19214,PHÁT HIỆN VI PHẠM VIDEO,Xe máy - 59R-19214 - Vi phạm: Đè vạch dừng,Video: demo_video.mp4 - Frame 201
2026-01-28 22:49:19,5919214,PHÁT HIỆN VI PHẠM VIDEO,Xe máy - 59-19214 - Vi phạm: Đè vạch dừng,Video: demo_video.mp4 - Frame 202
2026-01-28 22:49:20,5918214,PHÁT HIỆN VI PHẠM VIDEO,Xe máy - 59-18214 - Vi phạm: Đè vạch dừng,Video: demo_video.mp4 - Frame 203
2026-01-28 22:49:22,5917214,PHÁT HIỆN VI PHẠM VIDEO,Xe máy - 59-17214 - Vi phạm: Đè vạch dừng,Video: demo_video.mp4 - Frame 205
2026-01-28 22:49:24,9721,PHÁT HIỆN VI PHẠM VIDEO,Xe máy - 9-721 - Vi phạm: Đè vạch dừng,Video: demo_video.mp4 - Frame 207
2026-01-28 22:49:28,59R8214,PHÁT HIỆN VI PHẠM VIDEO,Xe máy - 59R-8214 - Vi phạm: Đè vạch dừng,Video: demo_video.mp4 - Frame 210
2026-01-28 22:49:29,421,PHÁT HIỆN VI PHẠM VIDEO,Xe máy - 4-21 - Vi phạm: Đè vạch dừng,Video: demo_video.mp4 - Frame 211
2026-01-28 22:49:31,259821,PHÁT HIỆN VI PHẠM VIDEO,Xe máy - 259-821 - Vi phạm: Đè vạch dừng,Video: demo_video.mp4 - Frame 212
2026-01-28 22:49:33,698214,PHÁT HIỆN VI PHẠM VIDEO,Xe máy - 69-8214 - Vi phạm: Đè vạch dừng,Video: demo_video.mp4 - Frame 213
2026-01-28 22:49:35,592,PHÁT HIỆN VI PHẠM VIDEO,Xe máy - 59-2 - Vi phạm: Đè vạch dừng,Video: demo_video.mp4 - Frame 214
2026-01-28 22:49:37,5982,PHÁT HIỆN VI PHẠM VIDEO,Xe máy - 59-82 - Vi phạm: Đè vạch dừng,Video: demo_video.mp4 - Frame 215
2026-01-28 22:49:39,59821,PHÁT HIỆN VI PHẠM VIDEO,Xe máy - 59-821 - Vi phạm: Đè vạch dừng,Video: demo_video.mp4 - Frame 216
2026-01-28 22:49:40,H0,PHÁT HIỆN VI PHẠM VIDEO,Xe máy - H-0 - Vi phạm: Đè vạch dừng,Video: demo_video.mp4 - Frame 217
2026-01-28 22:49:43,5005,PHÁT HIỆN VI PHẠM VIDEO,Xe máy - 500-5 - Vi phạm: Đè vạch dừng,Video: demo_video.mp4 - Frame 220
2026-01-28 22:49:46,Z214,PHÁT HIỆN VI PHẠM VIDEO,Xe máy - Z-214 - Vi phạm: Đè vạch dừng,Video: demo_video.mp4 - Frame 222
2026-01-28 22:49:48,214,PHÁT HIỆN VI PHẠM VIDEO,Xe máy - 2-14 - Vi phạm: Đè vạch dừng,Video: demo_video.mp4 - Frame 226
2026-01-28 22:49:50,9Z214,PHÁT HIỆN VI PHẠM VIDEO,Xe máy - 9Z-214 - Vi phạm: Đè vạch dừng,Video: demo_video.mp4 - Frame 227
2026-01-28 22:49:51,14,PHÁT HIỆN VI PHẠM VIDEO,Xe máy - 1-4 - Vi phạm: Đè vạch dừng,Video: demo_video.mp4 - Frame 227
2026-01-28 22:49:52,Z14,PHÁT HIỆN VI PHẠM VIDEO,Ô tô - Z-14 - Vi phạm: Đè vạch dừng,Video: demo_video.mp4 - Frame 228
2026-01-28 22:49:53,4146,PHÁT HIỆN VI PHẠM VIDEO,Xe máy - 41-46 - Vi phạm: Đè vạch dừng,Video: demo_video.mp4 - Frame 228
2026-01-28 22:49:54,59Z814,PHÁT HIỆN VI PHẠM VIDEO,Xe máy - 59Z-814 - Vi phạm: Đè vạch dừng,Video: demo_video.mp4 - Frame 229
2026-01-28 22:49:55,11,PHÁT HIỆN VI PHẠM VIDEO,Xe máy - 1-1 - Vi phạm: Đè vạch dừng,Video: demo_video.mp4 - Frame 229
2026-01-28 22:49:56,Z8721,PHÁT HIỆN VI PHẠM VIDEO,Ô tô - Z-8721 - Vi phạm: Đè vạch dừng,Video: demo_video.mp4 - Frame 230
2026-01-28 22:49:57,Z21,PHÁT HIỆN VI PHẠM VIDEO,Ô tô - Z-21 - Vi phạm: Đè vạch dừng,Video: demo_video.mp4 - Frame 231
2026-01-28 22:49:59,9Z814,PHÁT HIỆN VI PHẠM VIDEO,Xe máy - 9Z-814 - Vi phạm: Đè vạch dừng,Video: demo_video.mp4 - Frame 233
2026-01-28 22:50:00,5Z8714,PHÁT HIỆN VI PHẠM VIDEO,Ô tô - 5Z-8714 - Vi phạm: Đè vạch dừng,Video: demo_video.mp4 - Frame 234
2026-01-28 22:50:02,814,PHÁT HIỆN VI PHẠM VIDEO,Xe máy - 8-14 - Vi phạm: Đè vạch dừng,Video: demo_video.mp4 - Frame 235
2026-01-28 22:50:03,4814,PHÁT HIỆN VI PHẠM VIDEO,Xe máy - 4-814 - Vi phạm: Đè vạch dừng,Video: demo_video.mp4 - Frame 236
2026-01-28 22:50:04,48714,PHÁT HIỆN VI PHẠM VIDEO,Xe máy - 4-8714 - Vi phạm: Đè vạch dừng,Video: demo_video.mp4 - Frame 237
2026-01-28 22:50:07,914A,PHÁT HIỆN VI PHẠM VIDEO,Xe máy - 91-4A - Vi phạm: Đè vạch dừng,Video: demo_video.mp4 - Frame 241
2026-01-28 22:50:09,910,PHÁT HIỆN VI PHẠM VIDEO,Xe máy - 91-0 - Vi phạm: Đè vạch dừng,Video: demo_video.mp4 - Frame 242
2026-01-28 23:24:42,92CA-03484,GHI NHẬN THỦ CÔNG,Xe,Nhấn Space
2026-01-28 23:25:58,59214,PHÁT HIỆN VI PHẠM,Xe máy - 59-214 - Vi phạm: Đè vạch dừng,Video: demo_video.mp4 - Frame 150
2026-01-28 23:26:02,597B06868,PHÁT HIỆN VI PHẠM VIDEO,Xe máy - 597B-06868,"Video: demo_video.mp4, Frame: 30, Độ rõ: Rõ"
2026-01-28 23:26:02,47A61773,PHÁT HIỆN VI PHẠM VIDEO,Xe máy - 47A-61773,"Video: demo_video.mp4, Frame: 60, Độ rõ: Rõ"
2026-01-28 23:26:02,59214,PHÁT HIỆN VI PHẠM VIDEO,Xe máy - 59-214 - Vi phạm: Đè vạch dừng,"Video: demo_video.mp4, Frame: 150, Độ rõ: Rõ"
2026-01-28 23:26:02,59T321650,PHÁT HIỆN VI PHẠM VIDEO,Xe máy - 59T3-21650,"Video: demo_video.mp4, Frame: 420, Độ rõ: Rõ"
2026-01-28 23:41:02,59214,PHÁT HIỆN VI PHẠM,Xe máy - 59-214 - Vi phạm: Đè vạch dừng,Video: demo_video.mp4 - Frame 150
2026-01-28 23:41:06,597B06868,PHÁT HIỆN VI PHẠM VIDEO,Xe máy - 597B-06868,"Video: demo_video.mp4, Frame: 30, Độ rõ: Rõ"
2026-01-28 23:41:06,47A61773,PHÁT HIỆN VI PHẠM VIDEO,Xe máy - 47A-61773,"Video: demo_video.mp4, Frame: 60, Độ rõ: Rõ"
2026-01-28 23:41:06,59214,PHÁT HIỆN VI PHẠM VIDEO,Xe máy - 59-214 - Vi phạm: Đè vạch dừng,"Video: demo_video.mp4, Frame: 150, Độ rõ: Rõ"
2026-01-28 23:41:06,59T321650,PHÁT HIỆN VI PHẠM VIDEO,Xe máy - 59T3-21650,"Video: demo_video.mp4, Frame: 420, Độ rõ: Rõ"
2026-01-28 23:41:14,59214,PHÁT HIỆN VI PHẠM,Xe máy - 59-214 - Vi phạm: Đè vạch dừng,Video: demo_video.mp4 - Frame 150
2026-01-28 23:41:17,597B06868,PHÁT HIỆN VI PHẠM VIDEO,Xe máy - 597B-06868,"Video: demo_video.mp4, Frame: 30, Độ rõ: Rõ"
2026-01-28 23:41:17,47A61773,PHÁT HIỆN VI PHẠM VIDEO,Xe máy - 47A-61773,"Video: demo_video.mp4, Frame: 60, Độ rõ: Rõ"
2026-01-28 23:41:17,59214,PHÁT HIỆN VI PHẠM VIDEO,Xe máy - 59-214 - Vi phạm: Đè vạch dừng,"Video: demo_video.mp4, Frame: 150, Độ rõ: Rõ"
2026-01-28 23:41:17,59T321650,PHÁT HIỆN VI PHẠM VIDEO,Xe máy - 59T3-21650,"Video: demo_video.mp4, Frame: 420, Độ rõ: Rõ"
2026-01-28 23:41:23,59214,PHÁT HIỆN VI PHẠM,Xe máy - 59-214 - Vi phạm: Đè vạch dừng,Video: demo_video.mp4 - Frame 150
2026-01-28 23:41:26,597B06868,PHÁT HIỆN VI PHẠM VIDEO,Xe máy - 597B-06868,"Video: demo_video.mp4, Frame: 30, Độ rõ: Rõ"
2026-01-28 23:41:26,47A61773,PHÁT HIỆN VI PHẠM VIDEO,Xe máy - 47A-61773,"Video: demo_video.mp4, Frame: 60, Độ rõ: Rõ"
2026-01-28 23:41:26,59214,PHÁT HIỆN VI PHẠM VIDEO,Xe máy - 59-214 - Vi phạm: Đè vạch dừng,"Video: demo_video.mp4, Frame: 150, Độ rõ: Rõ"
2026-01-28 23:41:26,59T321650,PHÁT HIỆN VI PHẠM VIDEO,Xe máy - 59T3-21650,"Video: demo_video.mp4, Frame: 420, Độ rõ: Rõ"
2026-01-28 23:41:49,59214,PHÁT HIỆN VI PHẠM,Xe máy - 59-214 - Vi phạm: Đè vạch dừng,Video: demo_video.mp4 - Frame 150
2026-01-28 23:41:53,597B06868,PHÁT HIỆN VI PHẠM VIDEO,Xe máy - 597B-06868,"Video: demo_video.mp4, Frame: 30, Độ rõ: Rõ"
2026-01-28 23:41:53,47A61773,PHÁT HIỆN VI PHẠM VIDEO,Xe máy - 47A-61773,"Video: demo_video.mp4, Frame: 60, Độ rõ: Rõ"
2026-01-28 23:41:53,59214,PHÁT HIỆN VI PHẠM VIDEO,Xe máy - 59-214 - Vi phạm: Đè vạch dừng,"Video: demo_video.mp4, Frame: 150, Độ rõ: Rõ"
2026-01-28 23:41:53,59T321650,PHÁT HIỆN VI PHẠM VIDEO,Xe máy - 59T3-21650,"Video: demo_video.mp4, Frame: 420, Độ rõ: Rõ"
2026-01-28 23:47:23,76A-22222,PHÁT HIỆN VI PHẠM,Ô tô - 76A-22222 - Vi phạm: Đè làn đường,Ảnh: biensoxe2.jpg
2026-01-28 23:47:43,59214,PHÁT HIỆN VI PHẠM,Xe máy - 59-214 - Vi phạm: Đè vạch dừng,Video: demo_video.mp4 - Frame 150
2026-01-28 23:47:47,597B06868,PHÁT HIỆN VI PHẠM VIDEO,Xe máy - 597B-06868,"Video: demo_video.mp4, Frame: 30, Độ rõ: Rõ"
2026-01-28 23:47:47,47A61773,PHÁT HIỆN VI PHẠM VIDEO,Xe máy - 47A-61773,"Video: demo_video.mp4, Frame: 60, Độ rõ: Rõ"
2026-01-28 23:47:47,59214,PHÁT HIỆN VI PHẠM VIDEO,Xe máy - 59-214 - Vi phạm: Đè vạch dừng,"Video: demo_video.mp4, Frame: 150, Độ rõ: Rõ"
2026-01-28 23:47:47,59T321650,PHÁT HIỆN VI PHẠM VIDEO,Xe máy - 59T3-21650,"Video: demo_video.mp4, Frame: 420, Độ rõ: Rõ"
2026-01-29 00:53:32,59214,PHÁT HIỆN VI PHẠM,Xe máy - 59-214 - Vi phạm: Đè vạch dừng,Video: demo_video.mp4 - Frame 150
2026-01-29 00:55:16,597B06868,PHÁT HIỆN VI PHẠM VIDEO,Xe máy - 597B-06868,"Video: demo_video.mp4, Frame: 30, Độ rõ: Rõ"
2026-01-29 00:55:16,47A61773,PHÁT HIỆN VI PHẠM VIDEO,Xe máy - 47A-61773,"Video: demo_video.mp4, Frame: 60, Độ rõ: Rõ"
2026-01-29 00:55:16,59214,PHÁT HIỆN VI PHẠM VIDEO,Xe máy - 59-214 - Vi phạm: Đè vạch dừng,"Video: demo_video.mp4, Frame: 150, Độ rõ: Rõ"
2026-01-29 00:55:16,59T321650,PHÁT HIỆN VI PHẠM VIDEO,Xe máy - 59T3-21650,"Video: demo_video.mp4, Frame: 420, Độ rõ: Rõ"
2026-01-29 01:00:56,597B05868,PHÁT HIỆN VI PHẠM,Xe máy - 597B-05868 - Vi phạm: Đè vạch dừng,Video: demo_video.mp4 - Frame 10
2026-01-29 01:00:58,97B0688,PHÁT HIỆN VI PHẠM,Xe máy - 97B-0688 - Vi phạm: Đè vạch dừng,Video: demo_video.mp4 - Frame 40
2026-01-29 01:00:58,91B58,PHÁT HIỆN VI PHẠM,Xe máy - 91B-58 - Vi phạm: Đè vạch dừng,Video: demo_video.mp4 - Frame 50
2026-01-29 01:01:02,59214,PHÁT HIỆN VI PHẠM,Xe máy - 59-214 - Vi phạm: Đè vạch dừng,Video: demo_video.mp4 - Frame 150
2026-01-29 01:01:02,59R18214,PHÁT HIỆN VI PHẠM,Xe máy - 59R-18214 - Vi phạm: Đè vạch dừng,Video: demo_video.mp4 - Frame 160
2026-01-29 01:01:03,69RA18214,PHÁT HIỆN VI PHẠM,Xe máy - 69RA-18214 - Vi phạm: Đè vạch dừng,Video: demo_video.mp4 - Frame 170
2026-01-29 01:01:15,597B05868,PHÁT HIỆN VI PHẠM VIDEO,Xe máy - 597B-05868 - Vi phạm: Đè vạch dừng,"Video: demo_video.mp4, Frame: 10, Độ rõ: Rõ"
2026-01-29 01:01:15,59B0568,PHÁT HIỆN VI PHẠM VIDEO,Xe máy - 59B-0568,"Video: demo_video.mp4, Frame: 20, Độ rõ: Rõ"
2026-01-29 01:01:15,597B06868,PHÁT HIỆN VI PHẠM VIDEO,Xe máy - 597B-06868,"Video: demo_video.mp4, Frame: 30, Độ rõ: Rõ"
2026-01-29 01:01:15,97B0688,PHÁT HIỆN VI PHẠM VIDEO,Xe máy - 97B-0688 - Vi phạm: Đè vạch dừng,"Video: demo_video.mp4, Frame: 40, Độ rõ: Rõ"
2026-01-29 01:01:15,91B58,PHÁT HIỆN VI PHẠM VIDEO,Xe máy - 91B-58 - Vi phạm: Đè vạch dừng,"Video: demo_video.mp4, Frame: 50, Độ rõ: Rõ"
2026-01-29 01:01:15,47A61773,PHÁT HIỆN VI PHẠM VIDEO,Xe máy - 47A-61773,"Video: demo_video.mp4, Frame: 60, Độ rõ: Rõ"
2026-01-29 01:01:15,5910861,PHÁT HIỆN VI PHẠM VIDEO,Xe máy - 59-10861,"Video: demo_video.mp4, Frame: 110, Độ rõ: Rõ"
2026-01-29 01:01:15,59214,PHÁT HIỆN VI PHẠM VIDEO,Xe máy - 59-214 - Vi phạm: Đè vạch dừng,"Video: demo_video.mp4, Frame: 150, Độ rõ: Rõ"
2026-01-29 01:01:15,59R18214,PHÁT HIỆN VI PHẠM VIDEO,Xe máy - 59R-18214 - Vi phạm: Đè vạch dừng,"Video: demo_video.mp4, Frame: 160, Độ rõ: Rõ"
2026-01-29 01:01:15,69RA18214,PHÁT HIỆN VI PHẠM VIDEO,Xe máy - 69RA-18214 - Vi phạm: Đè vạch dừng,"Video: demo_video.mp4, Frame: 170, Độ rõ: Rõ"
2026-01-29 01:01:15,59R2553,PHÁT HIỆN VI PHẠM VIDEO,Xe máy - 59R2-553,"Video: demo_video.mp4, Frame: 350, Độ rõ: Rõ"
2026-01-29 01:01:15,59T321650,PHÁT HIỆN VI PHẠM VIDEO,Xe máy - 59T3-21650,"Video: demo_video.mp4, Frame: 420, Độ rõ: Rõ"
2026-01-29 01:01:15,50E10630,PHÁT HIỆN VI PHẠM VIDEO,Xe máy - 50E-10630,"Video: demo_video.mp4, Frame: 490, Độ rõ: Rõ"
2026-01-29 01:01:15,6DE10623D,PHÁT HIỆN VI PHẠM VIDEO,Xe máy - 6DE-10623D,"Video: demo_video.mp4, Frame: 500, Độ rõ: Rõ"
2026-01-29 01:18:01,59214,PHÁT HIỆN VI PHẠM,Xe máy - 59-214 - Vi phạm: Đè vạch dừng,Video: demo_video.mp4 - Frame 150
2026-01-29 01:18:09,597B06868,PHÁT HIỆN VI PHẠM VIDEO,Xe máy - 597B-06868,"Video: demo_video.mp4, Frame: 30, Độ rõ: Rõ"
2026-01-29 01:18:09,47A61773,PHÁT HIỆN VI PHẠM VIDEO,Xe máy - 47A-61773,"Video: demo_video.mp4, Frame: 60, Độ rõ: Rõ"
2026-01-29 01:18:09,59214,PHÁT HIỆN VI PHẠM VIDEO,Xe máy - 59-214 - Vi phạm: Đè vạch dừng,"Video: demo_video.mp4, Frame: 150, Độ rõ: Rõ"
2026-01-29 01:18:09,59T321650,PHÁT HIỆN VI PHẠM VIDEO,Xe máy - 59T3-21650,"Video: demo_video.mp4, Frame: 420, Độ rõ: Rõ"
2026-01-29 01:18:19,59214,PHÁT HIỆN VI PHẠM,Xe máy - 59-214 - Vi phạm: Đè vạch dừng,Video: demo_video.mp4 - Frame 150
2026-01-29 01:18:28,597B06868,PHÁT HIỆN VI PHẠM VIDEO,Xe máy - 597B-06868,"Video: demo_video.mp4, Frame: 30, Độ rõ: Rõ"
2026-01-29 01:18:28,47A61773,PHÁT HIỆN VI PHẠM VIDEO,Xe máy - 47A-61773,"Video: demo_video.mp4, Frame: 60, Độ rõ: Rõ"
2026-01-29 01:18:28,59214,PHÁT HIỆN VI PHẠM VIDEO,Xe máy - 59-214 - Vi phạm: Đè vạch dừng,"Video: demo_video.mp4, Frame: 150, Độ rõ: Rõ"
2026-01-29 01:18:28,59T321650,PHÁT HIỆN VI PHẠM VIDEO,Xe máy - 59T3-21650,"Video: demo_video.mp4, Frame: 420, Độ rõ: Rõ"
2026-01-29 01:18:52,59214,PHÁT HIỆN VI PHẠM,Xe máy - 59-214 - Vi phạm: Đè vạch dừng,Video: demo_video.mp4 - Frame 150
2026-01-29 01:19:01,597B06868,PHÁT HIỆN VI PHẠM VIDEO,Xe máy - 597B-06868,"Video: demo_video.mp4, Frame: 30, Độ rõ: Rõ"
2026-01-29 01:19:01,47A61773,PHÁT HIỆN VI PHẠM VIDEO,Xe máy - 47A-61773,"Video: demo_video.mp4, Frame: 60, Độ rõ: Rõ"
2026-01-29 01:19:01,59214,PHÁT HIỆN VI PHẠM VIDEO,Xe máy - 59-214 - Vi phạm: Đè vạch dừng,"Video: demo_video.mp4, Frame: 150, Độ rõ: Rõ"
2026-01-29 01:19:01,59T321650,PHÁT HIỆN VI PHẠM VIDEO,Xe máy - 59T3-21650,"Video: demo_video.mp4, Frame: 420, Độ rõ: Rõ"
2026-01-29 01:20:27,59214,PHÁT HIỆN VI PHẠM,Xe máy - 59-214 - Vi phạm: Đè vạch dừng,Video: demo_video.mp4 - Frame 150
2026-01-29 01:20:36,597B06868,PHÁT HIỆN VI PHẠM VIDEO,Xe máy - 597B-06868,"Video: demo_video.mp4, Frame: 30, Độ rõ: Rõ"
2026-01-29 01:20:36,47A61773,PHÁT HIỆN VI PHẠM VIDEO,Xe máy - 47A-61773,"Video: demo_video.mp4, Frame: 60, Độ rõ: Rõ"
2026-01-29 01:20:36,59214,PHÁT HIỆN VI PHẠM VIDEO,Xe máy - 59-214 - Vi phạm: Đè vạch dừng,"Video: demo_video.mp4, Frame: 150, Độ rõ: Rõ"
2026-01-29 01:20:36,59T321650,PHÁT HIỆN VI PHẠM VIDEO,Xe máy - 59T3-21650,"Video: demo_video.mp4, Frame: 420, Độ rõ: Rõ"
2026-01-29 01:21:30,59214,PHÁT HIỆN VI PHẠM,Xe máy - 59-214 - Vi phạm: Đè vạch dừng,Video: demo_video.mp4 - Frame 150
2026-01-29 01:21:39,597B06868,PHÁT HIỆN VI PHẠM VIDEO,Xe máy - 597B-06868,"Video: demo_video.mp4, Frame: 30, Độ rõ: Rõ"
2026-01-29 01:21:39,47A61773,PHÁT HIỆN VI PHẠM VIDEO,Xe máy - 47A-61773,"Video: demo_video.mp4, Frame: 60, Độ rõ: Rõ"
2026-01-29 01:21:39,59214,PHÁT HIỆN VI PHẠM VIDEO,Xe máy - 59-214 - Vi phạm: Đè vạch dừng,"Video: demo_video.mp4, Frame: 150, Độ rõ: Rõ"
2026-01-29 01:21:39,59T321650,PHÁT HIỆN VI PHẠM VIDEO,Xe máy - 59T3-21650,"Video: demo_video.mp4, Frame: 420, Độ rõ: Rõ"
2026-01-29 01:26:57,59214,PHÁT HIỆN VI PHẠM,Xe máy - 59-214 - Vi phạm: Đè vạch dừng,Video: demo_video.mp4 - Frame 150
2026-01-29 01:27:05,597B06868,PHÁT HIỆN VI PHẠM VIDEO,Xe máy - 597B-06868,"Video: demo_video.mp4, Frame: 30, Độ rõ: Rõ"
2026-01-29 01:27:05,47A61773,PHÁT HIỆN VI PHẠM VIDEO,Xe máy - 47A-61773,"Video: demo_video.mp4, Frame: 60, Độ rõ: Rõ"
2026-01-29 01:27:05,59214,PHÁT HIỆN VI PHẠM VIDEO,Xe máy - 59-214 - Vi phạm: Đè vạch dừng,"Video: demo_video.mp4, Frame: 150, Độ rõ: Rõ"
2026-01-29 01:27:05,59T321650,PHÁT HIỆN VI PHẠM VIDEO,Xe máy - 59T3-21650,"Video: demo_video.mp4, Frame: 420, Độ rõ: Rõ"
2026-01-29 01:27:14,59214,PHÁT HIỆN VI PHẠM,Xe máy - 59-214 - Vi phạm: Đè vạch dừng,Video: demo_video.mp4 - Frame 150
2026-01-29 01:27:22,597B06868,PHÁT HIỆN VI PHẠM VIDEO,Xe máy - 597B-06868,"Video: demo_video.mp4, Frame: 30, Độ rõ: Rõ"
2026-01-29 01:27:22,47A61773,PHÁT HIỆN VI PHẠM VIDEO,Xe máy - 47A-61773,"Video: demo_video.mp4, Frame: 60, Độ rõ: Rõ"
2026-01-29 01:27:22,59214,PHÁT HIỆN VI PHẠM VIDEO,Xe máy - 59-214 - Vi phạm: Đè vạch dừng,"Video: demo_video.mp4, Frame: 150, Độ rõ: Rõ"
2026-01-29 01:27:22,59T321650,PHÁT HIỆN VI PHẠM VIDEO,Xe máy - 59T3-21650,"Video: demo_video.mp4, Frame: 420, Độ rõ: Rõ"
2026-01-29 01:28:02,59214,PHÁT HIỆN VI PHẠM,Xe máy - 59-214 - Vi phạm: Đè vạch dừng,Video: demo_video.mp4 - Frame 150
2026-01-29 01:28:09,597B06868,PHÁT HIỆN VI PHẠM VIDEO,Xe máy - 597B-06868,"Video: demo_video.mp4, Frame: 30, Độ rõ: Rõ"
2026-01-29 01:28:09,47A61773,PHÁT HIỆN VI PHẠM VIDEO,Xe máy - 47A-61773,"Video: demo_video.mp4, Frame: 60, Độ rõ: Rõ"
2026-01-29 01:28:09,59214,PHÁT HIỆN VI PHẠM VIDEO,Xe máy - 59-214 - Vi phạm: Đè vạch dừng,"Video: demo_video.mp4, Frame: 150, Độ rõ: Rõ"
2026-01-29 01:28:09,59T321650,PHÁT HIỆN VI PHẠM VIDEO,Xe máy - 59T3-21650,"Video: demo_video.mp4, Frame: 420, Độ rõ: Rõ"
2026-01-29 01:31:54,59214,PHÁT HIỆN VI PHẠM,Xe máy - 59-214 - Vi phạm: Đè vạch dừng,Video: demo_video.mp4 - Frame 150
2026-01-29 01:32:03,597B06868,PHÁT HIỆN VI PHẠM VIDEO,Xe máy - 597B-06868,"Video: demo_video.mp4, Frame: 30, Độ rõ: Rõ"
2026-01-29 01:32:03,47A61773,PHÁT HIỆN VI PHẠM VIDEO,Xe máy - 47A-61773,"Video: demo_video.mp4, Frame: 60, Độ rõ: Rõ"
2026-01-29 01:32:03,59214,PHÁT HIỆN VI PHẠM VIDEO,Xe máy - 59-214 - Vi phạm: Đè vạch dừng,"Video: demo_video.mp4, Frame: 150, Độ rõ: Rõ"
2026-01-29 01:32:03,59T321650,PHÁT HIỆN VI PHẠM VIDEO,Xe máy - 59T3-21650,"Video: demo_video.mp4, Frame: 420, Độ rõ: Rõ"
2026-01-29 01:37:44,59214,PHÁT HIỆN VI PHẠM,Xe máy - 59-214 - Vi phạm: Đè vạch dừng,Video: demo_video.mp4 - Frame 150
2026-01-29 01:37:53,597B06868,PHÁT HIỆN VI PHẠM VIDEO,Xe máy - 597B-06868,"Video: demo_video.mp4, Frame: 30, Độ rõ: Rõ"
2026-01-29 01:37:53,47A61773,PHÁT HIỆN VI PHẠM VIDEO,Xe máy - 47A-61773,"Video: demo_video.mp4, Frame: 60, Độ rõ: Rõ"
2026-01-29 01:37:53,59214,PHÁT HIỆN VI PHẠM VIDEO,Xe máy - 59-214 - Vi phạm: Đè vạch dừng,"Video: demo_video.mp4, Frame: 150, Độ rõ: Rõ"
2026-01-29 01:37:53,59T321650,PHÁT HIỆN VI PHẠM VIDEO,Xe máy - 59T3-21650,"Video: demo_video.mp4, Frame: 420, Độ rõ: Rõ"
2026-01-29 01:38:05,59214,PHÁT HIỆN VI PHẠM,Xe máy - 59-214 - Vi phạm: Đè vạch dừng,Video: demo_video.mp4 - Frame 150
2026-01-29 01:38:15,597B06868,PHÁT HIỆN VI PHẠM VIDEO,Xe máy - 597B-06868,"Video: demo_video.mp4, Frame: 30, Độ rõ: Rõ"
2026-01-29 01:38:15,47A61773,PHÁT HIỆN VI PHẠM VIDEO,Xe máy - 47A-61773,"Video: demo_video.mp4, Frame: 60, Độ rõ: Rõ"
2026-01-29 01:38:15,59214,PHÁT HIỆN VI PHẠM VIDEO,Xe máy - 59-214 - Vi phạm: Đè vạch dừng,"Video: demo_video.mp4, Frame: 150, Độ rõ: Rõ"
2026-01-29 01:38:15,59T321650,PHÁT HIỆN VI PHẠM VIDEO,Xe máy - 59T3-21650,"Video: demo_video.mp4, Frame: 420, Độ rõ: Rõ"
2026-01-29 02:17:07,1100503,PHÁT HIỆN VI PHẠM,Xe máy - 11-00503 - Vi phạm: Đè vạch dừng,Video: demo_video.mp4 - Frame 1
2026-01-29 02:17:08,81100E03,PHÁT HIỆN VI PHẠM,Xe máy - 811-00E03 - Vi phạm: Đè vạch dừng,Video: demo_video.mp4 - Frame 2
2026-01-29 02:17:08,81108503,PHÁT HIỆN VI PHẠM,Xe máy - 811-08503 - Vi phạm: Đè vạch dừng,Video: demo_video.mp4 - Frame 3
2026-01-29 02:17:08,59B05868,PHÁT HIỆN VI PHẠM,Xe máy - 59B-05868 - Vi phạm: Đè vạch dừng,Video: demo_video.mp4 - Frame 4
2026-01-29 02:17:16,59706868,PHÁT HIỆN VI PHẠM,Xe máy - 597-06868 - Vi phạm: Đè vạch dừng,Video: demo_video.mp4 - Frame 35
2026-01-29 02:17:18,97B0688,PHÁT HIỆN VI PHẠM,Xe máy - 97B-0688 - Vi phạm: Đè vạch dừng,Video: demo_video.mp4 - Frame 40
2026-01-29 02:17:21,91B58,PHÁT HIỆN VI PHẠM,Xe máy - 91B-58 - Vi phạm: Đè vạch dừng,Video: demo_video.mp4 - Frame 50
2026-01-29 02:17:31,5Z10861,PHÁT HIỆN VI PHẠM,Xe máy - 5Z-10861 - Vi phạm: Đè vạch dừng,Video: demo_video.mp4 - Frame 97
2026-01-29 02:17:34,61R159850,PHÁT HIỆN VI PHẠM,Xe máy - 61R1-59850 - Vi phạm: Đè vạch dừng,Video: demo_video.mp4 - Frame 108
2026-01-29 02:17:44,5414,PHÁT HIỆN VI PHẠM,Xe máy - 54-14 - Vi phạm: Đè vạch dừng,Video: demo_video.mp4 - Frame 149
2026-01-29 02:17:45,59214,PHÁT HIỆN VI PHẠM,Xe máy - 59-214 - Vi phạm: Đè vạch dừng,Video: demo_video.mp4 - Frame 150
2026-01-29 02:17:45,59R214,PHÁT HIỆN VI PHẠM,Xe máy - 59R-214 - Vi phạm: Đè vạch dừng,Video: demo_video.mp4 - Frame 151
2026-01-29 02:17:46,6918214,PHÁT HIỆN VI PHẠM,Xe máy - 69-18214 - Vi phạm: Đè vạch dừng,Video: demo_video.mp4 - Frame 155
2026-01-29 02:17:47,69R18214,PHÁT HIỆN VI PHẠM,Xe máy - 69R-18214 - Vi phạm: Đè vạch dừng,Video: demo_video.mp4 - Frame 159
2026-01-29 02:17:48,579RA18214,PHÁT HIỆN VI PHẠM,Xe máy - 579RA-18214 - Vi phạm: Đè vạch dừng,Video: demo_video.mp4 - Frame 163
2026-01-29 02:17:49,59RA18214,PHÁT HIỆN VI PHẠM,Xe máy - 59RA-18214 - Vi phạm: Đè vạch dừng,Video: demo_video.mp4 - Frame 165
2026-01-29 02:17:50,69RA18214,PHÁT HIỆN VI PHẠM,Xe máy - 69RA-18214 - Vi phạm: Đè vạch dừng,Video: demo_video.mp4 - Frame 167
2026-01-29 02:17:51,659RA78214,PHÁT HIỆN VI PHẠM,Xe máy - 659RA-78214 - Vi phạm: Đè vạch dừng,Video: demo_video.mp4 - Frame 171
2026-01-29 02:17:51,69RA78214,PHÁT HIỆN VI PHẠM,Xe máy - 69RA-78214 - Vi phạm: Đè vạch dừng,Video: demo_video.mp4 - Frame 172
2026-01-29 02:17:52,69R1821,PHÁT HIỆN VI PHẠM,Xe máy - 69R-1821 - Vi phạm: Đè vạch dừng,Video: demo_video.mp4 - Frame 173
2026-01-29 02:17:53,9R18214,PHÁT HIỆN VI PHẠM,Xe máy - 9R-18214 - Vi phạm: Đè vạch dừng,Video: demo_video.mp4 - Frame 177
2026-01-29 02:17:54,69RA1821,PHÁT HIỆN VI PHẠM,Xe máy - 69RA-1821 - Vi phạm: Đè vạch dừng,Video: demo_video.mp4 - Frame 182
2026-01-29 02:17:54,591721,PHÁT HIỆN VI PHẠM,Xe máy - 59-1721 - Vi phạm: Đè vạch dừng,Video: demo_video.mp4 - Frame 183
2026-01-29 02:17:55,5918271,PHÁT HIỆN VI PHẠM,Xe máy - 59-18271 - Vi phạm: Đè vạch dừng,Video: demo_video.mp4 - Frame 184
2026-01-29 02:17:55,9R12714,PHÁT HIỆN VI PHẠM,Xe máy - 9R-12714 - Vi phạm: Đè vạch dừng,Video: demo_video.mp4 - Frame 186
2026-02-04 21:59:04,"('48C1-99999', 0.8682835963037279)",GHI NHẬN THỦ CÔNG,Xe,Nhấn Space
2026-02-04 22:06:34,63E-00006,PHÁT HIỆN VI PHẠM,Ô tô - 63E-00006 - Vi phạm: Đè làn đường,Ảnh: bienso1.jpg
2026-02-04 22:09:08,63E-00006,NHẬN DIỆN THỦ CÔNG,Ô tô - Vi phạm: Đè làn đường,Từ upload ảnh: Đè làn đường
2026-02-04 22:09:16,29B1-55555,PHÁT HIỆN VI PHẠM,Ô tô - 29B1-55555 - Vi phạm: Đè làn đường,Ảnh: bienso4.jpg
2026-02-04 22:11:08,59R3-34388,PHÁT HIỆN VI PHẠM,Xe máy - 59R3-34388 - Vi phạm: Đè vạch dừng,Ảnh: Screenshot_2026-02-04_221035.png
2026-02-04 22:15:26,"('48C1-99999', 0.8795889218648275)",GHI NHẬN THỦ CÔNG,Xe,Nhấn Space
2026-02-04 23:05:54,48C1-99999,GHI NHẬN THỦ CÔNG,Xe,Nhấn Space
2026-02-04 23:06:17,48C1-99999,GHI NHẬN THỦ CÔNG,Xe,Nhấn Space
2026-02-04 23:06:39,63E-00006,PHÁT HIỆN VI PHẠM,Ô tô - 63E-00006 - Vi phạm: Đè làn đường,Ảnh: bienso1.jpg
2026-02-04 23:06:55,29B1-55555,PHÁT HIỆN VI PHẠM,Ô tô - 29B1-55555 - Vi phạm: Đè làn đường,Ảnh: bienso4.jpg
2026-02-04 23:07:02,76A-22222,PHÁT HIỆN VI PHẠM,Ô tô - 76A-22222 - Vi phạm: Đè làn đường,Ảnh: bienso3.jpg
2026-02-04 23:07:08,59R3-34388,PHÁT HIỆN VI PHẠM,Xe máy - 59R3-34388 - Vi phạm: Đè vạch dừng,Ảnh: Screenshot_2026-02-04_221035.png
2026-02-04 23:07:32,59214,PHÁT HIỆN VI PHẠM,Xe máy - 59-214 - Vi phạm: Đè vạch dừng,Video: demo_video.mp4 - Frame 150
2026-02-04 23:07:35,597B06868,PHÁT HIỆN VI PHẠM VIDEO,Xe máy - 597B-06868,"Video: demo_video.mp4, Frame: 30, Độ rõ: Rõ"
2026-02-04 23:07:35,47A61773,PHÁT HIỆN VI PHẠM VIDEO,Xe máy - 47A-61773,"Video: demo_video.mp4, Frame: 60, Độ rõ: Rõ"
2026-02-04 23:07:35,59214,PHÁT HIỆN VI PHẠM VIDEO,Xe máy - 59-214 - Vi phạm: Đè vạch dừng,"Video: demo_video.mp4, Frame: 150, Độ rõ: Rõ"
2026-02-04 23:07:35,59T321650,PHÁT HIỆN VI PHẠM VIDEO,Xe máy - 59T3-21650,"Video: demo_video.mp4, Frame: 420, Độ rõ: Rõ"
2026-02-04 23:14:49,59706868,PHÁT HIỆN VI PHẠM VIDEO,Xe máy - 597-06868 - Vi phạm: Đè vạch dừng,Video: demo_video.mp4 - Frame 35
2026-02-04 23:14:50,97B0688,PHÁT HIỆN VI PHẠM VIDEO,Xe máy - 97B-0688 - Vi phạm: Đè vạch dừng,Video: demo_video.mp4 - Frame 40
2026-02-04 23:14:50,91B58,PHÁT HIỆN VI PHẠM VIDEO,Xe máy - 91B-58 - Vi phạm: Đè vạch dừng,Video: demo_video.mp4 - Frame 50
2026-02-04 23:14:53,59214,PHÁT HIỆN VI PHẠM VIDEO,Xe máy - 59-214 - Vi phạm: Đè vạch dừng,Video: demo_video.mp4 - Frame 150
2026-02-04 23:14:53,6918214,PHÁT HIỆN VI PHẠM VIDEO,Xe máy - 69-18214 - Vi phạm: Đè vạch dừng,Video: demo_video.mp4 - Frame 155
2026-02-04 23:14:53,59R18214,PHÁT HIỆN VI PHẠM VIDEO,Xe máy - 59R-18214 - Vi phạm: Đè vạch dừng,Video: demo_video.mp4 - Frame 160
2026-02-04 23:14:53,59RA18214,PHÁT HIỆN VI PHẠM VIDEO,Xe máy - 59RA-18214 - Vi phạm: Đè vạch dừng,Video: demo_video.mp4 - Frame 165
2026-02-04 23:14:53,69RA18214,PHÁT HIỆN VI PHẠM VIDEO,Xe máy - 69RA-18214 - Vi phạm: Đè vạch dừng,Video: demo_video.mp4 - Frame 170
2026-02-04 23:14:54,69R1821,PHÁT HIỆN VI PHẠM VIDEO,Xe máy - 69R-1821 - Vi phạm: Đè vạch dừng,Video: demo_video.mp4 - Frame 185
2026-02-04 23:14:54,5917214,PHÁT HIỆN VI PHẠM VIDEO,Xe máy - 59-17214 - Vi phạm: Đè vạch dừng,Video: demo_video.mp4 - Frame 205
2026-02-04 23:15:05,597B05868,PHÁT HIỆN VI PHẠM VIDEO,Xe máy - 597B-05868,"Video: demo_video.mp4, FirstFrame: 5, Độ rõ: Rõ"
2026-02-04 23:15:05,59B05868,PHÁT HIỆN VI PHẠM VIDEO,Xe máy - 59B-05868,"Video: demo_video.mp4, FirstFrame: 15, Độ rõ: Rõ"
2026-02-04 23:15:05,59B0568,PHÁT HIỆN VI PHẠM VIDEO,Xe máy - 59B-0568,"Video: demo_video.mp4, FirstFrame: 20, Độ rõ: Rõ"
2026-02-04 23:15:05,47A61773,PHÁT HIỆN VI PHẠM VIDEO,Xe máy - 47A-61773,"Video: demo_video.mp4, FirstFrame: 25, Độ rõ: Rõ"
2026-02-04 23:15:05,597B06868,PHÁT HIỆN VI PHẠM VIDEO,Xe máy - 597B-06868,"Video: demo_video.mp4, FirstFrame: 30, Độ rõ: Rõ"
2026-02-04 23:15:05,59706868,PHÁT HIỆN VI PHẠM VIDEO,Xe máy - 597-06868 - Vi phạm: Đè vạch dừng,"Video: demo_video.mp4, FirstFrame: 35, Độ rõ: Rõ"
2026-02-04 23:15:05,97B0688,PHÁT HIỆN VI PHẠM VIDEO,Xe máy - 97B-0688 - Vi phạm: Đè vạch dừng,"Video: demo_video.mp4, FirstFrame: 40, Độ rõ: Rõ"
2026-02-04 23:15:05,91B58,PHÁT HIỆN VI PHẠM VIDEO,Xe máy - 91B-58 - Vi phạm: Đè vạch dừng,"Video: demo_video.mp4, FirstFrame: 50, Độ rõ: Rõ"
2026-02-04 23:15:05,5910861,PHÁT HIỆN VI PHẠM VIDEO,Xe máy - 59-10861,"Video: demo_video.mp4, FirstFrame: 110, Độ rõ: Rõ"
2026-02-04 23:15:05,59R12,PHÁT HIỆN VI PHẠM VIDEO,Xe máy - 59R-12 (Mờ),"Video: demo_video.mp4, FirstFrame: 125, Độ rõ: Mờ"
2026-02-04 23:15:05,9R1212,PHÁT HIỆN VI PHẠM VIDEO,Xe máy - 9R-1212 (Mờ),"Video: demo_video.mp4, FirstFrame: 135, Độ rõ: Mờ"
2026-02-04 23:15:05,59R7821,PHÁT HIỆN VI PHẠM VIDEO,Xe máy - 59R-7821,"Video: demo_video.mp4, FirstFrame: 145, Độ rõ: Rõ"
2026-02-04 23:15:05,59214,PHÁT HIỆN VI PHẠM VIDEO,Xe máy - 59-214 - Vi phạm: Đè vạch dừng,"Video: demo_video.mp4, FirstFrame: 150, Độ rõ: Rõ"
2026-02-04 23:15:05,6918214,PHÁT HIỆN VI PHẠM VIDEO,Xe máy - 69-18214 - Vi phạm: Đè vạch dừng,"Video: demo_video.mp4, FirstFrame: 155, Độ rõ: Rõ"
2026-02-04 23:15:05,59R18214,PHÁT HIỆN VI PHẠM VIDEO,Xe máy - 59R-18214 - Vi phạm: Đè vạch dừng,"Video: demo_video.mp4, FirstFrame: 160, Độ rõ: Rõ"
2026-02-04 23:15:05,59RA18214,PHÁT HIỆN VI PHẠM VIDEO,Xe máy - 59RA-18214 - Vi phạm: Đè vạch dừng,"Video: demo_video.mp4, FirstFrame: 165, Độ rõ: Rõ"
2026-02-04 23:15:05,69RA18214,PHÁT HIỆN VI PHẠM VIDEO,Xe máy - 69RA-18214 - Vi phạm: Đè vạch dừng,"Video: demo_video.mp4, FirstFrame: 170, Độ rõ: Rõ"
2026-02-04 23:15:05,69R1821,PHÁT HIỆN VI PHẠM VIDEO,Xe máy - 69R-1821 - Vi phạm: Đè vạch dừng,"Video: demo_video.mp4, FirstFrame: 185, Độ rõ: Rõ"
2026-02-04 23:15:05,5917214,PHÁT HIỆN VI PHẠM VIDEO,Xe máy - 59-17214 - Vi phạm: Đè vạch dừng,"Video: demo_video.mp4, FirstFrame: 205, Độ rõ: Rõ"
2026-02-04 23:15:05,59R2553,PHÁT HIỆN VI PHẠM VIDEO,Xe máy - 59R2-553,"Video: demo_video.mp4, FirstFrame: 350, Độ rõ: Rõ"
2026-02-04 23:15:05,59T321650,PHÁT HIỆN VI PHẠM VIDEO,Xe máy - 59T3-21650,"Video: demo_video.mp4, FirstFrame: 420, Độ rõ: Rõ"
2026-02-04 23:15:05,592T321650,PHÁT HIỆN VI PHẠM VIDEO,Xe máy - 592T3-21650,"Video: demo_video.mp4, FirstFrame: 425, Độ rõ: Rõ"
2026-02-04 23:15:05,50E10630,PHÁT HIỆN VI PHẠM VIDEO,Xe máy - 50E-10630,"Video: demo_video.mp4, FirstFrame: 490, Độ rõ: Rõ"
2026-02-04 23:15:05,6DE10623D,PHÁT HIỆN VI PHẠM VIDEO,Xe máy - 6DE-10623D,"Video: demo_video.mp4, FirstFrame: 500, Độ rõ: Rõ"
2026-02-04 23:34:40,48C1-99999,GHI NHẬN THỦ CÔNG,Xe,Nhấn Space
2026-02-04 23:35:06,63E-00006,PHÁT HIỆN VI PHẠM,Ô tô - 63E-00006 - Vi phạm: Đè làn đường,Ảnh: bienso1.jpg
2026-02-04 23:35:19,59214,PHÁT HIỆN VI PHẠM,Xe máy - 59-214 - Vi phạm: Đè vạch dừng,Video: demo_video.mp4 - Frame 150
2026-02-04 23:35:22,597B06868,PHÁT HIỆN VI PHẠM VIDEO,Xe máy - 597B-06868,"Video: demo_video.mp4, Frame: 30, Độ rõ: Rõ"
2026-02-04 23:35:22,47A61773,PHÁT HIỆN VI PHẠM VIDEO,Xe máy - 47A-61773,"Video: demo_video.mp4, Frame: 60, Độ rõ: Rõ"
2026-02-04 23:35:22,59214,PHÁT HIỆN VI PHẠM VIDEO,Xe máy - 59-214 - Vi phạm: Đè vạch dừng,"Video: demo_video.mp4, Frame: 150, Độ rõ: Rõ"
2026-02-04 23:35:22,59T321650,PHÁT HIỆN VI PHẠM VIDEO,Xe máy - 59T3-21650,"Video: demo_video.mp4, Frame: 420, Độ rõ: Rõ"
2026-02-06 18:56:53,48C1-99999,GHI NHẬN THỦ CÔNG,Xe,Nhấn Space
2026-02-06 19:11:35,59214,PHÁT HIỆN VI PHẠM,Xe máy - 59-214 - Vi phạm: Đè vạch dừng,Video: demo_video.mp4 - Frame 150
2026-02-06 19:11:39,597B06868,PHÁT HIỆN VI PHẠM VIDEO,Xe máy - 597B-06868,"Video: demo_video.mp4, Frame: 30, Độ rõ: Rõ"
2026-02-06 19:11:39,47A61773,PHÁT HIỆN VI PHẠM VIDEO,Xe máy - 47A-61773,"Video: demo_video.mp4, Frame: 60, Độ rõ: Rõ"
2026-02-06 19:11:39,59214,PHÁT HIỆN VI PHẠM VIDEO,Xe máy - 59-214 - Vi phạm: Đè vạch dừng,"Video: demo_video.mp4, Frame: 150, Độ rõ: Rõ"
2026-02-06 19:11:39,59T321650,PHÁT HIỆN VI PHẠM VIDEO,Xe máy - 59T3-21650,"Video: demo_video.mp4, Frame: 420, Độ rõ: Rõ"
2026-02-06 19:11:48,59214,PHÁT HIỆN VI PHẠM,Xe máy - 59-214 - Vi phạm: Đè vạch dừng,Video: demo_video.mp4 - Frame 150
2026-02-06 19:11:52,597B06868,PHÁT HIỆN VI PHẠM VIDEO,Xe máy - 597B-06868,"Video: demo_video.mp4, Frame: 30, Độ rõ: Rõ"
2026-02-06 19:11:52,47A61773,PHÁT HIỆN VI PHẠM VIDEO,Xe máy - 47A-61773,"Video: demo_video.mp4, Frame: 60, Độ rõ: Rõ"
2026-02-06 19:11:52,59214,PHÁT HIỆN VI PHẠM VIDEO,Xe máy - 59-214 - Vi phạm: Đè vạch dừng,"Video: demo_video.mp4, Frame: 150, Độ rõ: Rõ"
2026-02-06 19:11:52,59T321650,PHÁT HIỆN VI PHẠM VIDEO,Xe máy - 59T3-21650,"Video: demo_video.mp4, Frame: 420, Độ rõ: Rõ"
2026-02-06 19:27:30,59R3-34388,PHÁT HIỆN VI PHẠM,Xe máy - 59R3-34388 - Vi phạm: Đè vạch dừng,Ảnh: Screenshot_2026-02-04_221035.png
2026-02-06 19:27:47,59214,PHÁT HIỆN VI PHẠM,Xe máy - 59-214 - Vi phạm: Đè vạch dừng,Video: demo_video.mp4 - Frame 150
2026-02-06 19:27:51,597B06868,PHÁT HIỆN VI PHẠM VIDEO,Xe máy - 597B-06868,"Video: demo_video.mp4, Frame: 30, Độ rõ: Rõ"
2026-02-06 19:27:51,47A61773,PHÁT HIỆN VI PHẠM VIDEO,Xe máy - 47A-61773,"Video: demo_video.mp4, Frame: 60, Độ rõ: Rõ"
2026-02-06 19:27:51,59214,PHÁT HIỆN VI PHẠM VIDEO,Xe máy - 59-214 - Vi phạm: Đè vạch dừng,"Video: demo_video.mp4, Frame: 150, Độ rõ: Rõ"
2026-02-06 19:27:51,59T321650,PHÁT HIỆN VI PHẠM VIDEO,Xe máy - 59T3-21650,"Video: demo_video.mp4, Frame: 420, Độ rõ: Rõ"
2026-02-06 19:28:07,59214,PHÁT HIỆN VI PHẠM,Xe máy - 59-214 - Vi phạm: Đè vạch dừng,Video: demo_video.mp4 - Frame 150
2026-02-06 19:28:10,597B06868,PHÁT HIỆN VI PHẠM VIDEO,Xe máy - 597B-06868,"Video: demo_video.mp4, Frame: 30, Độ rõ: Rõ"
2026-02-06 19:28:10,47A61773,PHÁT HIỆN VI PHẠM VIDEO,Xe máy - 47A-61773,"Video: demo_video.mp4, Frame: 60, Độ rõ: Rõ"
2026-02-06 19:28:10,59214,PHÁT HIỆN VI PHẠM VIDEO,Xe máy - 59-214 - Vi phạm: Đè vạch dừng,"Video: demo_video.mp4, Frame: 150, Độ rõ: Rõ"
2026-02-06 19:28:10,59T321650,PHÁT HIỆN VI PHẠM VIDEO,Xe máy - 59T3-21650,"Video: demo_video.mp4, Frame: 420, Độ rõ: Rõ"
2026-02-06 19:36:11,4BC1-99999,GHI NHẬN THỦ CÔNG,Xe,Nhấn Space
2026-02-06 19:39:00,76A-22222,PHÁT HIỆN VI PHẠM,Ô tô - 76A-22222 - Vi phạm: Đè làn đường,Ảnh: bienso3.jpg
2026-02-06 19:39:01,76A-22222,NHẬN DIỆN THỦ CÔNG,Ô tô - Vi phạm: Đè làn đường,Từ upload ảnh: Đè làn đường
2026-02-06 19:39:29,59214,PHÁT HIỆN VI PHẠM,Xe máy - 59-214 - Vi phạm: Đè vạch dừng,Video: demo_video.mp4 - Frame 150
2026-02-06 19:39:35,597B06868,PHÁT HIỆN VI PHẠM VIDEO,Xe máy - 597B-06868,"Video: demo_video.mp4, Frame: 30, Độ rõ: Rõ"
2026-02-06 19:39:35,47A61773,PHÁT HIỆN VI PHẠM VIDEO,Xe máy - 47A-61773,"Video: demo_video.mp4, Frame: 60, Độ rõ: Rõ"
2026-02-06 19:39:35,59214,PHÁT HIỆN VI PHẠM VIDEO,Xe máy - 59-214 - Vi phạm: Đè vạch dừng,"Video: demo_video.mp4, Frame: 150, Độ rõ: Rõ"
2026-02-06 19:39:35,59T321650,PHÁT HIỆN VI PHẠM VIDEO,Xe máy - 59T3-21650,"Video: demo_video.mp4, Frame: 420, Độ rõ: Rõ"
2026-02-06 20:05:21,48C1-99999,GHI NHẬN THỦ CÔNG,Xe,Nhấn Space
2026-02-06 20:05:37,59R3-34388,PHÁT HIỆN VI PHẠM,Xe máy - 59R3-34388 - Vi phạm: Đè vạch dừng,Ảnh: Screenshot_2026-02-04_221035.png
2026-02-06 20:05:46,29B1-55555,PHÁT HIỆN VI PHẠM,Ô tô - 29B1-55555 - Vi phạm: Đè làn đường,Ảnh: bienso4.jpg
2026-02-06 20:05:54,76A-22222,PHÁT HIỆN VI PHẠM,Ô tô - 76A-22222 - Vi phạm: Đè làn đường,Ảnh: bienso3.jpg
2026-02-06 20:06:04,63E-00006,PHÁT HIỆN VI PHẠM,Ô tô - 63E-00006 - Vi phạm: Đè làn đường,Ảnh: bienso1.jpg
2026-02-06 20:06:38,59214,PHÁT HIỆN VI PHẠM,Xe máy - 59-214 - Vi phạm: Đè vạch dừng,Video: demo_video.mp4 - Frame 150
2026-02-06 20:07:17,597B06868,PHÁT HIỆN VI PHẠM VIDEO,Xe máy - 597B-06868,"Video: demo_video.mp4, Frame: 30, Độ rõ: Rõ"
2026-02-06 20:07:17,47A61773,PHÁT HIỆN VI PHẠM VIDEO,Xe máy - 47A-61773,"Video: demo_video.mp4, Frame: 60, Độ rõ: Rõ"
2026-02-06 20:07:17,59214,PHÁT HIỆN VI PHẠM VIDEO,Xe máy - 59-214 - Vi phạm: Đè vạch dừng,"Video: demo_video.mp4, Frame: 150, Độ rõ: Rõ"
2026-02-06 20:07:17,59T321650,PHÁT HIỆN VI PHẠM VIDEO,Xe máy - 59T3-21650,"Video: demo_video.mp4, Frame: 420, Độ rõ: Rõ"
2026-02-06 20:14:35,59214,PHÁT HIỆN VI PHẠM,Xe máy - 59-214 - Vi phạm: Đè vạch dừng,Video: demo_video.mp4 - Frame 150
2026-02-06 20:15:21,597B06868,PHÁT HIỆN VI PHẠM VIDEO,Xe máy - 597B-06868,"Video: demo_video.mp4, Frame: 30, Độ rõ: Rõ"
2026-02-06 20:15:21,47A61773,PHÁT HIỆN VI PHẠM VIDEO,Xe máy - 47A-61773,"Video: demo_video.mp4, Frame: 60, Độ rõ: Rõ"
2026-02-06 20:15:21,59214,PHÁT HIỆN VI PHẠM VIDEO,Xe máy - 59-214 - Vi phạm: Đè vạch dừng,"Video: demo_video.mp4, Frame: 150, Độ rõ: Rõ"
2026-02-06 20:15:21,59T321650,PHÁT HIỆN VI PHẠM VIDEO,Xe máy - 59T3-21650,"Video: demo_video.mp4, Frame: 420, Độ rõ: Rõ"
2026-02-06 20:15:57,59214,PHÁT HIỆN VI PHẠM,Xe máy - 59-214 - Vi phạm: Đè vạch dừng,Video: demo_video.mp4 - Frame 150
2026-02-06 20:16:38,597B06868,PHÁT HIỆN VI PHẠM VIDEO,Xe máy - 597B-06868,"Video: demo_video.mp4, Frame: 30, Độ rõ: Rõ"
2026-02-06 20:16:38,47A61773,PHÁT HIỆN VI PHẠM VIDEO,Xe máy - 47A-61773,"Video: demo_video.mp4, Frame: 60, Độ rõ: Rõ"
2026-02-06 20:16:38,59214,PHÁT HIỆN VI PHẠM VIDEO,Xe máy - 59-214 - Vi phạm: Đè vạch dừng,"Video: demo_video.mp4, Frame: 150, Độ rõ: Rõ"
2026-02-06 20:16:38,59T321650,PHÁT HIỆN VI PHẠM VIDEO,Xe máy - 59T3-21650,"Video: demo_video.mp4, Frame: 420, Độ rõ: Rõ"
2026-02-06 20:20:00,59214,PHÁT HIỆN VI PHẠM,Xe máy - 59-214 - Vi phạm: Đè vạch dừng,Video: demo_video.mp4 - Frame 150
2026-02-06 20:20:43,597B06868,PHÁT HIỆN VI PHẠM VIDEO,Xe máy - 597B-06868,"Video: demo_video.mp4, Frame: 30, Độ rõ: Rõ"
2026-02-06 20:20:43,47A61773,PHÁT HIỆN VI PHẠM VIDEO,Xe máy - 47A-61773,"Video: demo_video.mp4, Frame: 60, Độ rõ: Rõ"
2026-02-06 20:20:43,59214,PHÁT HIỆN VI PHẠM VIDEO,Xe máy - 59-214 - Vi phạm: Đè vạch dừng,"Video: demo_video.mp4, Frame: 150, Độ rõ: Rõ"
2026-02-06 20:20:43,59T321650,PHÁT HIỆN VI PHẠM VIDEO,Xe máy - 59T3-21650,"Video: demo_video.mp4, Frame: 420, Độ rõ: Rõ"
2026-02-06 20:26:04,59214,PHÁT HIỆN VI PHẠM,Xe máy - 59-214 - Vi phạm: Đè vạch dừng,Video: demo_video.mp4 - Frame 150
2026-02-06 20:26:48,597B06868,PHÁT HIỆN VI PHẠM VIDEO,Xe máy - 597B-06868,"Video: demo_video.mp4, Frame: 30, Độ rõ: Rõ"
2026-02-06 20:26:48,47A61773,PHÁT HIỆN VI PHẠM VIDEO,Xe máy - 47A-61773,"Video: demo_video.mp4, Frame: 60, Độ rõ: Rõ"
2026-02-06 20:26:48,59214,PHÁT HIỆN VI PHẠM VIDEO,Xe máy - 59-214 - Vi phạm: Đè vạch dừng,"Video: demo_video.mp4, Frame: 150, Độ rõ: Rõ"
2026-02-06 20:26:48,59T321650,PHÁT HIỆN VI PHẠM VIDEO,Xe máy - 59T3-21650,"Video: demo_video.mp4, Frame: 420, Độ rõ: Rõ"
2026-02-06 22:15:32,1100503,PHÁT HIỆN VI PHẠM,Xe máy - 11-00503 - Vi phạm,Video: demo_video.mp4 - Frame 1
2026-02-06 22:15:32,81100E03,PHÁT HIỆN VI PHẠM,Xe máy - 811-00E03 - Vi phạm,Video: demo_video.mp4 - Frame 2
2026-02-06 22:15:33,81108503,PHÁT HIỆN VI PHẠM,Xe máy - 811-08503 - Vi phạm,Video: demo_video.mp4 - Frame 3
2026-02-06 22:15:33,59B05868,PHÁT HIỆN VI PHẠM,Xe máy - 59B-05868 - Vi phạm,Video: demo_video.mp4 - Frame 4
2026-02-06 22:15:43,59706868,PHÁT HIỆN VI PHẠM,Xe máy - 597-06868 - Vi phạm,Video: demo_video.mp4 - Frame 35
2026-02-06 22:15:45,97B0688,PHÁT HIỆN VI PHẠM,Xe máy - 97B-0688 - Vi phạm,Video: demo_video.mp4 - Frame 40
2026-02-06 22:15:48,91B58,PHÁT HIỆN VI PHẠM,Xe máy - 91B-58 - Vi phạm,Video: demo_video.mp4 - Frame 50
2026-02-06 22:16:00,5Z10861,PHÁT HIỆN VI PHẠM,Xe máy - 5Z-10861 - Vi phạm,Video: demo_video.mp4 - Frame 97
2026-02-06 22:16:03,61R159850,PHÁT HIỆN VI PHẠM,Xe máy - 61R1-59850 - Vi phạm,Video: demo_video.mp4 - Frame 108
2026-02-06 22:16:15,5414,PHÁT HIỆN VI PHẠM,Xe máy - 54-14 - Vi phạm,Video: demo_video.mp4 - Frame 149
2026-02-06 22:16:16,59214,PHÁT HIỆN VI PHẠM,Xe máy - 59-214 - Vi phạm,Video: demo_video.mp4 - Frame 150
2026-02-06 22:16:16,59R214,PHÁT HIỆN VI PHẠM,Xe máy - 59R-214 - Vi phạm,Video: demo_video.mp4 - Frame 151
2026-02-06 22:16:17,6918214,PHÁT HIỆN VI PHẠM,Xe máy - 69-18214 - Vi phạm,Video: demo_video.mp4 - Frame 155
2026-02-06 22:16:19,69R18214,PHÁT HIỆN VI PHẠM,Xe máy - 69R-18214 - Vi phạm,Video: demo_video.mp4 - Frame 159
2026-02-06 22:16:20,579RA18214,PHÁT HIỆN VI PHẠM,Xe máy - 579RA-18214 - Vi phạm,Video: demo_video.mp4 - Frame 163
2026-02-06 22:16:21,59RA18214,PHÁT HIỆN VI PHẠM,Xe máy - 59RA-18214 - Vi phạm,Video: demo_video.mp4 - Frame 165
2026-02-06 22:16:21,69RA18214,PHÁT HIỆN VI PHẠM,Xe máy - 69RA-18214 - Vi phạm,Video: demo_video.mp4 - Frame 167
2026-02-06 22:16:22,659RA78214,PHÁT HIỆN VI PHẠM,Xe máy - 659RA-78214 - Vi phạm,Video: demo_video.mp4 - Frame 171
2026-02-06 22:16:22,69RA78214,PHÁT HIỆN VI PHẠM,Xe máy - 69RA-78214 - Vi phạm,Video: demo_video.mp4 - Frame 172
2026-02-06 22:16:23,69R1821,PHÁT HIỆN VI PHẠM,Xe máy - 69R-1821 - Vi phạm,Video: demo_video.mp4 - Frame 173
2026-02-06 22:16:24,9R18214,PHÁT HIỆN VI PHẠM,Xe máy - 9R-18214 - Vi phạm,Video: demo_video.mp4 - Frame 177
2026-02-06 22:16:26,69RA1821,PHÁT HIỆN VI PHẠM,Xe máy - 69RA-1821 - Vi phạm,Video: demo_video.mp4 - Frame 182
2026-02-06 22:16:26,591721,PHÁT HIỆN VI PHẠM,Xe máy - 59-1721 - Vi phạm,Video: demo_video.mp4 - Frame 183
2026-02-06 22:16:26,5918271,PHÁT HIỆN VI PHẠM,Xe máy - 59-18271 - Vi phạm,Video: demo_video.mp4 - Frame 184
2026-02-06 22:16:27,9R12714,PHÁT HIỆN VI PHẠM,Xe máy - 9R-12714 - Vi phạm,Video: demo_video.mp4 - Frame 186
2026-02-06 22:16:32,59A18214,PHÁT HIỆN VI PHẠM,Xe máy - 59A-18214 - Vi phạm,Video: demo_video.mp4 - Frame 204
2026-02-06 22:16:32,5917214,PHÁT HIỆN VI PHẠM,Xe máy - 59-17214 - Vi phạm,Video: demo_video.mp4 - Frame 205
2026-02-06 22:16:32,5918214,PHÁT HIỆN VI PHẠM,Xe máy - 59-18214 - Vi phạm,Video: demo_video.mp4 - Frame 206
2026-02-06 22:16:36,5,PHÁT HIỆN VI PHẠM,Xe máy - -5 - Vi phạm,Video: demo_video.mp4 - Frame 219
2026-02-06 22:16:40,Z21,PHÁT HIỆN VI PHẠM,Xe máy - Z-21 (Mờ),Video: demo_video.mp4 - Frame 231
2026-02-06 22:16:40,5Z8714,PHÁT HIỆN VI PHẠM,Xe máy - 5Z-8714 (Mờ),Video: demo_video.mp4 - Frame 234
2026-02-06 22:17:26,524255,PHÁT HIỆN VI PHẠM,Xe máy - 52-4255 - Vi phạm,Video: demo_video.mp4 - Frame 377
2026-02-06 22:17:26,522353,PHÁT HIỆN VI PHẠM,Xe máy - 52-2353 - Vi phạm,Video: demo_video.mp4 - Frame 379
2026-02-06 22:17:27,59N24253,PHÁT HIỆN VI PHẠM,Xe máy - 59N2-4253 - Vi phạm,Video: demo_video.mp4 - Frame 382
2026-02-06 22:17:28,59242553,PHÁT HIỆN VI PHẠM,Xe máy - 592-42553 - Vi phạm,Video: demo_video.mp4 - Frame 383
2026-02-06 22:17:44,59T321850,PHÁT HIỆN VI PHẠM,Xe máy - 59T3-21850 - Vi phạm,Video: demo_video.mp4 - Frame 437
2026-02-06 22:18:04,1100503,PHÁT HIỆN VI PHẠM VIDEO,Xe máy - 11-00503 - Vi phạm,"Video: demo_video.mp4, Frame: 1, Độ rõ: Rõ"
2026-02-06 22:18:04,81100E03,PHÁT HIỆN VI PHẠM VIDEO,Xe máy - 811-00E03 - Vi phạm,"Video: demo_video.mp4, Frame: 2, Độ rõ: Rõ"
2026-02-06 22:18:05,81108503,PHÁT HIỆN VI PHẠM VIDEO,Xe máy - 811-08503 - Vi phạm,"Video: demo_video.mp4, Frame: 3, Độ rõ: Rõ"
2026-02-06 22:18:05,59B05868,PHÁT HIỆN VI PHẠM VIDEO,Xe máy - 59B-05868 - Vi phạm,"Video: demo_video.mp4, Frame: 4, Độ rõ: Rõ"
2026-02-06 22:18:05,597B05868,PHÁT HIỆN VI PHẠM VIDEO,Xe máy - 597B-05868,"Video: demo_video.mp4, Frame: 5, Độ rõ: Rõ"
2026-02-06 22:18:05,5T50F,PHÁT HIỆN VI PHẠM VIDEO,Xe máy - 5T-50F (Mờ),"Video: demo_video.mp4, Frame: 18, Độ rõ: Mờ"
2026-02-06 22:18:05,59B0568,PHÁT HIỆN VI PHẠM VIDEO,Xe máy - 59B-0568,"Video: demo_video.mp4, Frame: 20, Độ rõ: Rõ"
2026-02-06 22:18:05,597B5568,PHÁT HIỆN VI PHẠM VIDEO,Xe máy - 597B-5568,"Video: demo_video.mp4, Frame: 21, Độ rõ: Rõ"
2026-02-06 22:18:05,597BB68,PHÁT HIỆN VI PHẠM VIDEO,Xe máy - 597B-B68,"Video: demo_video.mp4, Frame: 22, Độ rõ: Rõ"
2026-02-06 22:18:05,597B0868,PHÁT HIỆN VI PHẠM VIDEO,Xe máy - 597B-0868,"Video: demo_video.mp4, Frame: 23, Độ rõ: Rõ"
2026-02-06 22:18:05,47A61773,PHÁT HIỆN VI PHẠM VIDEO,Xe máy - 47A-61773,"Video: demo_video.mp4, Frame: 25, Độ rõ: Rõ"
2026-02-06 22:18:05,597B06868,PHÁT HIỆN VI PHẠM VIDEO,Xe máy - 597B-06868,"Video: demo_video.mp4, Frame: 27, Độ rõ: Rõ"
2026-02-06 22:18:05,59M706868,PHÁT HIỆN VI PHẠM VIDEO,Xe máy - 59M7-06868,"Video: demo_video.mp4, Frame: 28, Độ rõ: Rõ"
2026-02-06 22:18:05,59706868,PHÁT HIỆN VI PHẠM VIDEO,Xe máy - 597-06868 - Vi phạm,"Video: demo_video.mp4, Frame: 35, Độ rõ: Rõ"
2026-02-06 22:18:05,97B0688,PHÁT HIỆN VI PHẠM VIDEO,Xe máy - 97B-0688 - Vi phạm,"Video: demo_video.mp4, Frame: 40, Độ rõ: Rõ"
2026-02-06 22:18:05,59B0868,PHÁT HIỆN VI PHẠM VIDEO,Xe máy - 59B-0868,"Video: demo_video.mp4, Frame: 43, Độ rõ: Rõ"
2026-02-06 22:18:05,91B58,PHÁT HIỆN VI PHẠM VIDEO,Xe máy - 91B-58 - Vi phạm,"Video: demo_video.mp4, Frame: 50, Độ rõ: Rõ"
2026-02-06 22:18:05,5Z10861,PHÁT HIỆN VI PHẠM VIDEO,Xe máy - 5Z-10861 - Vi phạm,"Video: demo_video.mp4, Frame: 97, Độ rõ: Rõ"
2026-02-06 22:18:05,911081,PHÁT HIỆN VI PHẠM VIDEO,Xe máy - 91-1081,"Video: demo_video.mp4, Frame: 107, Độ rõ: Rõ"
2026-02-06 22:18:05,61R159850,PHÁT HIỆN VI PHẠM VIDEO,Xe máy - 61R1-59850 - Vi phạm,"Video: demo_video.mp4, Frame: 108, Độ rõ: Rõ"
2026-02-06 22:18:05,5910861,PHÁT HIỆN VI PHẠM VIDEO,Xe máy - 59-10861,"Video: demo_video.mp4, Frame: 109, Độ rõ: Rõ"
2026-02-06 22:18:05,59Y10861,PHÁT HIỆN VI PHẠM VIDEO,Xe máy - 59Y-10861,"Video: demo_video.mp4, Frame: 111, Độ rõ: Rõ"
2026-02-06 22:18:05,59110861,PHÁT HIỆN VI PHẠM VIDEO,Xe máy - 591-10861,"Video: demo_video.mp4, Frame: 112, Độ rõ: Rõ"
2026-02-06 22:18:05,R,PHÁT HIỆN VI PHẠM VIDEO,Xe máy - -R (Mờ),"Video: demo_video.mp4, Frame: 122, Độ rõ: Mờ"
2026-02-06 22:18:05,59R12,PHÁT HIỆN VI PHẠM VIDEO,Xe máy - 59R-12 (Mờ),"Video: demo_video.mp4, Frame: 125, Độ rõ: Mờ"
2026-02-06 22:18:05,59R112,PHÁT HIỆN VI PHẠM VIDEO,Xe máy - 59R-112,"Video: demo_video.mp4, Frame: 127, Độ rõ: Rõ"
2026-02-06 22:18:05,59H1,PHÁT HIỆN VI PHẠM VIDEO,Xe máy - 59H-1,"Video: demo_video.mp4, Frame: 129, Độ rõ: Rõ"
2026-02-06 22:18:05,9R1212,PHÁT HIỆN VI PHẠM VIDEO,Xe máy - 9R-1212 (Mờ),"Video: demo_video.mp4, Frame: 135, Độ rõ: Mờ"
2026-02-06 22:18:05,R2122,PHÁT HIỆN VI PHẠM VIDEO,Xe máy - R-2122,"Video: demo_video.mp4, Frame: 136, Độ rõ: Rõ"
2026-02-06 22:18:05,59R18214,PHÁT HIỆN VI PHẠM VIDEO,Xe máy - 59R-18214,"Video: demo_video.mp4, Frame: 138, Độ rõ: Rõ"
2026-02-06 22:18:05,59RR1821,PHÁT HIỆN VI PHẠM VIDEO,Xe máy - 59RR-1821,"Video: demo_video.mp4, Frame: 141, Độ rõ: Rõ"
2026-02-06 22:18:05,59R8271,PHÁT HIỆN VI PHẠM VIDEO,Xe máy - 59R-8271,"Video: demo_video.mp4, Frame: 142, Độ rõ: Rõ"
2026-02-06 22:18:05,59R118212,PHÁT HIỆN VI PHẠM VIDEO,Xe máy - 59R1-18212,"Video: demo_video.mp4, Frame: 143, Độ rõ: Rõ"
2026-02-06 22:18:05,579R7821,PHÁT HIỆN VI PHẠM VIDEO,Xe máy - 579R-7821,"Video: demo_video.mp4, Frame: 144, Độ rõ: Rõ"
2026-02-06 22:18:05,59R7821,PHÁT HIỆN VI PHẠM VIDEO,Xe máy - 59R-7821,"Video: demo_video.mp4, Frame: 145, Độ rõ: Rõ"
2026-02-06 22:18:05,579R78214,PHÁT HIỆN VI PHẠM VIDEO,Xe máy - 579R-78214,"Video: demo_video.mp4, Frame: 146, Độ rõ: Rõ"
2026-02-06 22:18:05,59N7081,PHÁT HIỆN VI PHẠM VIDEO,Xe máy - 59N-7081 (Mờ),"Video: demo_video.mp4, Frame: 147, Độ rõ: Mờ"
2026-02-06 22:18:05,5R47714,PHÁT HIỆN VI PHẠM VIDEO,Xe máy - 5R4-7714,"Video: demo_video.mp4, Frame: 148, Độ rõ: Rõ"
2026-02-06 22:18:05,5414,PHÁT HIỆN VI PHẠM VIDEO,Xe máy - 54-14 - Vi phạm,"Video: demo_video.mp4, Frame: 149, Độ rõ: Rõ"
2026-02-06 22:18:05,59214,PHÁT HIỆN VI PHẠM VIDEO,Xe máy - 59-214 - Vi phạm,"Video: demo_video.mp4, Frame: 150, Độ rõ: Rõ"
2026-02-06 22:18:05,59R214,PHÁT HIỆN VI PHẠM VIDEO,Xe máy - 59R-214 - Vi phạm,"Video: demo_video.mp4, Frame: 151, Độ rõ: Rõ"
2026-02-06 22:18:05,5978214,PHÁT HIỆN VI PHẠM VIDEO,Xe máy - 59-78214,"Video: demo_video.mp4, Frame: 152, Độ rõ: Rõ"
2026-02-06 22:18:05,5418214,PHÁT HIỆN VI PHẠM VIDEO,Xe máy - 54-18214,"Video: demo_video.mp4, Frame: 153, Độ rõ: Rõ"
2026-02-06 22:18:05,9R418214,PHÁT HIỆN VI PHẠM VIDEO,Xe máy - 9R4-18214,"Video: demo_video.mp4, Frame: 154, Độ rõ: Rõ"
2026-02-06 22:18:05,6918214,PHÁT HIỆN VI PHẠM VIDEO,Xe máy - 69-18214 - Vi phạm,"Video: demo_video.mp4, Frame: 155, Độ rõ: Rõ"
2026-02-06 22:18:05,69R18214,PHÁT HIỆN VI PHẠM VIDEO,Xe máy - 69R-18214 - Vi phạm,"Video: demo_video.mp4, Frame: 159, Độ rõ: Rõ"
2026-02-06 22:18:05,579RA18214,PHÁT HIỆN VI PHẠM VIDEO,Xe máy - 579RA-18214 - Vi phạm,"Video: demo_video.mp4, Frame: 163, Độ rõ: Rõ"
2026-02-06 22:18:05,59RA18214,PHÁT HIỆN VI PHẠM VIDEO,Xe máy - 59RA-18214 - Vi phạm,"Video: demo_video.mp4, Frame: 165, Độ rõ: Rõ"
2026-02-06 22:18:05,69RA18214,PHÁT HIỆN VI PHẠM VIDEO,Xe máy - 69RA-18214 - Vi phạm,"Video: demo_video.mp4, Frame: 167, Độ rõ: Rõ"
2026-02-06 22:18:05,659RA78214,PHÁT HIỆN VI PHẠM VIDEO,Xe máy - 659RA-78214 - Vi phạm,"Video: demo_video.mp4, Frame: 171, Độ rõ: Rõ"
2026-02-06 22:18:05,69RA78214,PHÁT HIỆN VI PHẠM VIDEO,Xe máy - 69RA-78214 - Vi phạm,"Video: demo_video.mp4, Frame: 172, Độ rõ: Rõ"
2026-02-06 22:18:05,69R1821,PHÁT HIỆN VI PHẠM VIDEO,Xe máy - 69R-1821 - Vi phạm,"Video: demo_video.mp4, Frame: 173, Độ rõ: Rõ"
2026-02-06 22:18:05,9R18214,PHÁT HIỆN VI PHẠM VIDEO,Xe máy - 9R-18214 - Vi phạm,"Video: demo_video.mp4, Frame: 177, Độ rõ: Rõ"
2026-02-06 22:18:05,69RA1821,PHÁT HIỆN VI PHẠM VIDEO,Xe máy - 69RA-1821 - Vi phạm,"Video: demo_video.mp4, Frame: 182, Độ rõ: Rõ"
2026-02-06 22:18:05,591721,PHÁT HIỆN VI PHẠM VIDEO,Xe máy - 59-1721 - Vi phạm,"Video: demo_video.mp4, Frame: 183, Độ rõ: Rõ"
2026-02-06 22:18:05,5918271,PHÁT HIỆN VI PHẠM VIDEO,Xe máy - 59-18271 - Vi phạm,"Video: demo_video.mp4, Frame: 184, Độ rõ: Rõ"
2026-02-06 22:18:05,9R12714,PHÁT HIỆN VI PHẠM VIDEO,Xe máy - 9R-12714 - Vi phạm,"Video: demo_video.mp4, Frame: 186, Độ rõ: Rõ"
2026-02-06 22:18:05,59A18214,PHÁT HIỆN VI PHẠM VIDEO,Xe máy - 59A-18214 - Vi phạm,"Video: demo_video.mp4, Frame: 204, Độ rõ: Rõ"
2026-02-06 22:18:05,5917214,PHÁT HIỆN VI PHẠM VIDEO,Xe máy - 59-17214 - Vi phạm,"Video: demo_video.mp4, Frame: 205, Độ rõ: Rõ"
2026-02-06 22:18:05,5918214,PHÁT HIỆN VI PHẠM VIDEO,Xe máy - 59-18214 - Vi phạm,"Video: demo_video.mp4, Frame: 206, Độ rõ: Rõ"
2026-02-06 22:18:05,5,PHÁT HIỆN VI PHẠM VIDEO,Xe máy - -5 - Vi phạm,"Video: demo_video.mp4, Frame: 219, Độ rõ: Rõ"
2026-02-06 22:18:05,Z21,PHÁT HIỆN VI PHẠM VIDEO,Xe máy - Z-21 (Mờ),"Video: demo_video.mp4, Frame: 231, Độ rõ: Mờ"
2026-02-06 22:18:05,5Z8714,PHÁT HIỆN VI PHẠM VIDEO,Xe máy - 5Z-8714 (Mờ),"Video: demo_video.mp4, Frame: 234, Độ rõ: Mờ"
2026-02-06 22:18:05,47A161773,PHÁT HIỆN VI PHẠM VIDEO,Xe máy - 47A1-61773,"Video: demo_video.mp4, Frame: 312, Độ rõ: Rõ"
2026-02-06 22:18:05,59R2553,PHÁT HIỆN VI PHẠM VIDEO,Xe máy - 59R2-553,"Video: demo_video.mp4, Frame: 349, Độ rõ: Rõ"
2026-02-06 22:18:05,592553,PHÁT HIỆN VI PHẠM VIDEO,Xe máy - 592-553,"Video: demo_video.mp4, Frame: 351, Độ rõ: Rõ"
2026-02-06 22:18:05,5927553,PHÁT HIỆN VI PHẠM VIDEO,Xe máy - 592-7553,"Video: demo_video.mp4, Frame: 352, Độ rõ: Rõ"
2026-02-06 22:18:05,R2753,PHÁT HIỆN VI PHẠM VIDEO,Xe máy - R2-753,"Video: demo_video.mp4, Frame: 366, Độ rõ: Rõ"
2026-02-06 22:18:05,2475,PHÁT HIỆN VI PHẠM VIDEO,Xe máy - 2-475,"Video: demo_video.mp4, Frame: 367, Độ rõ: Rõ"
2026-02-06 22:18:05,51242353,PHÁT HIỆN VI PHẠM VIDEO,Xe máy - 512-42353 (Mờ),"Video: demo_video.mp4, Frame: 369, Độ rõ: Mờ"
2026-02-06 22:18:05,92472553,PHÁT HIỆN VI PHẠM VIDEO,Xe máy - 92-472553,"Video: demo_video.mp4, Frame: 371, Độ rõ: Rõ"
2026-02-06 22:18:05,524255,PHÁT HIỆN VI PHẠM VIDEO,Xe máy - 52-4255 - Vi phạm,"Video: demo_video.mp4, Frame: 377, Độ rõ: Rõ"
2026-02-06 22:18:05,522353,PHÁT HIỆN VI PHẠM VIDEO,Xe máy - 52-2353 - Vi phạm,"Video: demo_video.mp4, Frame: 379, Độ rõ: Rõ"
2026-02-06 22:18:05,59N24253,PHÁT HIỆN VI PHẠM VIDEO,Xe máy - 59N2-4253 - Vi phạm,"Video: demo_video.mp4, Frame: 382, Độ rõ: Rõ"
2026-02-06 22:18:05,59242553,PHÁT HIỆN VI PHẠM VIDEO,Xe máy - 592-42553 - Vi phạm,"Video: demo_video.mp4, Frame: 383, Độ rõ: Rõ"
2026-02-06 22:18:05,5927T37650,PHÁT HIỆN VI PHẠM VIDEO,Xe máy - 5927T3-7650,"Video: demo_video.mp4, Frame: 417, Độ rõ: Rõ"
2026-02-06 22:18:05,59T3217650,PHÁT HIỆN VI PHẠM VIDEO,Xe máy - 59T3-217650,"Video: demo_video.mp4, Frame: 418, Độ rõ: Rõ"
2026-02-06 22:18:05,592T321650,PHÁT HIỆN VI PHẠM VIDEO,Xe máy - 592T3-21650,"Video: demo_video.mp4, Frame: 419, Độ rõ: Rõ"
2026-02-06 22:18:05,59T321650,PHÁT HIỆN VI PHẠM VIDEO,Xe máy - 59T3-21650,"Video: demo_video.mp4, Frame: 420, Độ rõ: Rõ"
2026-02-06 22:18:05,529T321650,PHÁT HIỆN VI PHẠM VIDEO,Xe máy - 529T3-21650,"Video: demo_video.mp4, Frame: 426, Độ rõ: Rõ"
2026-02-06 22:18:05,59T321850,PHÁT HIỆN VI PHẠM VIDEO,Xe máy - 59T3-21850 - Vi phạm,"Video: demo_video.mp4, Frame: 437, Độ rõ: Rõ"
2026-02-06 22:18:05,59321650,PHÁT HIỆN VI PHẠM VIDEO,Xe máy - 593-21650,"Video: demo_video.mp4, Frame: 443, Độ rõ: Rõ"
2026-02-06 22:18:05,510,PHÁT HIỆN VI PHẠM VIDEO,Xe máy - 5-10,"Video: demo_video.mp4, Frame: 463, Độ rõ: Rõ"
2026-02-06 22:18:05,50E1063D,PHÁT HIỆN VI PHẠM VIDEO,Xe máy - 50E-1063D,"Video: demo_video.mp4, Frame: 472, Độ rõ: Rõ"
2026-02-06 22:18:05,5DE10630,PHÁT HIỆN VI PHẠM VIDEO,Xe máy - 5DE-10630,"Video: demo_video.mp4, Frame: 473, Độ rõ: Rõ"
2026-02-06 22:18:05,50E10630,PHÁT HIỆN VI PHẠM VIDEO,Xe máy - 50E-10630,"Video: demo_video.mp4, Frame: 488, Độ rõ: Rõ"
2026-02-06 22:18:05,6DE10623D,PHÁT HIỆN VI PHẠM VIDEO,Xe máy - 6DE-10623D,"Video: demo_video.mp4, Frame: 500, Độ rõ: Rõ"
2026-02-06 22:18:05,47A81773,PHÁT HIỆN VI PHẠM VIDEO,Xe máy - 47A-81773,"Video: demo_video.mp4, Frame: 501, Độ rõ: Rõ"
2026-02-07 02:43:24,1100503,PHÁT HIỆN VI PHẠM VIDEO,Xe máy - 11-00503 - Vi phạm: Đè vạch dừng,Video: demo_video.mp4 - Frame 1
2026-02-07 02:43:24,81100E03,PHÁT HIỆN VI PHẠM VIDEO,Xe máy - 811-00E03 - Vi phạm: Đè vạch dừng,Video: demo_video.mp4 - Frame 2
2026-02-07 02:43:24,81108503,PHÁT HIỆN VI PHẠM VIDEO,Xe máy - 811-08503 - Vi phạm: Đè vạch dừng,Video: demo_video.mp4 - Frame 3
2026-02-07 02:44:08,1100503,PHÁT HIỆN VI PHẠM VIDEO,Xe máy - 11-00503 - Vi phạm: Đè vạch dừng,Video: demo_video.mp4 - Frame 1
2026-02-07 02:44:08,81100E03,PHÁT HIỆN VI PHẠM VIDEO,Xe máy - 811-00E03 - Vi phạm: Đè vạch dừng,Video: demo_video.mp4 - Frame 2
2026-02-07 02:44:09,81108503,PHÁT HIỆN VI PHẠM VIDEO,Xe máy - 811-08503 - Vi phạm: Đè vạch dừng,Video: demo_video.mp4 - Frame 3
2026-02-07 02:44:09,59B05868,PHÁT HIỆN VI PHẠM VIDEO,Xe máy - 59B-05868 - Vi phạm: Đè vạch dừng,Video: demo_video.mp4 - Frame 4
2026-02-07 02:44:17,59706868,PHÁT HIỆN VI PHẠM VIDEO,Xe máy - 597-06868 - Vi phạm: Đè vạch dừng,Video: demo_video.mp4 - Frame 35
2026-02-07 02:44:18,97B0688,PHÁT HIỆN VI PHẠM VIDEO,Xe máy - 97B-0688 - Vi phạm: Đè vạch dừng,Video: demo_video.mp4 - Frame 40
2026-02-07 02:44:20,91B58,PHÁT HIỆN VI PHẠM VIDEO,Xe máy - 91B-58 - Vi phạm: Đè vạch dừng,Video: demo_video.mp4 - Frame 50
2026-02-07 02:44:29,5Z10861,PHÁT HIỆN VI PHẠM VIDEO,Xe máy - 5Z-10861 - Vi phạm: Đè vạch dừng,Video: demo_video.mp4 - Frame 97
2026-02-07 02:44:32,61R159850,PHÁT HIỆN VI PHẠM VIDEO,Xe máy - 61R1-59850 - Vi phạm: Đè vạch dừng,Video: demo_video.mp4 - Frame 108
2026-02-07 02:44:42,5414,PHÁT HIỆN VI PHẠM VIDEO,Xe máy - 54-14 - Vi phạm: Đè vạch dừng,Video: demo_video.mp4 - Frame 149
2026-02-07 02:44:43,59214,PHÁT HIỆN VI PHẠM VIDEO,Xe máy - 59-214 - Vi phạm: Đè vạch dừng,Video: demo_video.mp4 - Frame 150
2026-02-07 02:44:43,59R214,PHÁT HIỆN VI PHẠM VIDEO,Xe máy - 59R-214 - Vi phạm: Đè vạch dừng,Video: demo_video.mp4 - Frame 151
2026-02-07 02:44:44,6918214,PHÁT HIỆN VI PHẠM VIDEO,Xe máy - 69-18214 - Vi phạm: Đè vạch dừng,Video: demo_video.mp4 - Frame 155
2026-02-07 02:44:45,69R18214,PHÁT HIỆN VI PHẠM VIDEO,Xe máy - 69R-18214 - Vi phạm: Đè vạch dừng,Video: demo_video.mp4 - Frame 159
2026-02-07 02:44:46,579RA18214,PHÁT HIỆN VI PHẠM VIDEO,Xe máy - 579RA-18214 - Vi phạm: Đè vạch dừng,Video: demo_video.mp4 - Frame 163
2026-02-07 02:44:47,59RA18214,PHÁT HIỆN VI PHẠM VIDEO,Xe máy - 59RA-18214 - Vi phạm: Đè vạch dừng,Video: demo_video.mp4 - Frame 165
2026-02-07 02:44:47,69RA18214,PHÁT HIỆN VI PHẠM VIDEO,Xe máy - 69RA-18214 - Vi phạm: Đè vạch dừng,Video: demo_video.mp4 - Frame 167
2026-02-07 02:44:48,659RA78214,PHÁT HIỆN VI PHẠM VIDEO,Xe máy - 659RA-78214 - Vi phạm: Đè vạch dừng,Video: demo_video.mp4 - Frame 171
2026-02-07 02:44:49,69RA78214,PHÁT HIỆN VI PHẠM VIDEO,Xe máy - 69RA-78214 - Vi phạm: Đè vạch dừng,Video: demo_video.mp4 - Frame 172
2026-02-07 02:44:49,69R1821,PHÁT HIỆN VI PHẠM VIDEO,Xe máy - 69R-1821 - Vi phạm: Đè vạch dừng,Video: demo_video.mp4 - Frame 173
2026-02-07 02:44:50,9R18214,PHÁT HIỆN VI PHẠM VIDEO,Xe máy - 9R-18214 - Vi phạm: Đè vạch dừng,Video: demo_video.mp4 - Frame 177
2026-02-07 02:44:51,69RA1821,PHÁT HIỆN VI PHẠM VIDEO,Xe máy - 69RA-1821 - Vi phạm: Đè vạch dừng,Video: demo_video.mp4 - Frame 182
2026-02-07 02:44:51,591721,PHÁT HIỆN VI PHẠM VIDEO,Xe máy - 59-1721 - Vi phạm: Đè vạch dừng,Video: demo_video.mp4 - Frame 183
2026-02-07 02:44:52,5918271,PHÁT HIỆN VI PHẠM VIDEO,Xe máy - 59-18271 - Vi phạm: Đè vạch dừng,Video: demo_video.mp4 - Frame 184
2026-02-07 02:44:52,9R12714,PHÁT HIỆN VI PHẠM VIDEO,Xe máy - 9R-12714 - Vi phạm: Đè vạch dừng,Video: demo_video.mp4 - Frame 186
2026-02-07 02:44:56,59A18214,PHÁT HIỆN VI PHẠM VIDEO,Xe máy - 59A-18214 - Vi phạm: Đè vạch dừng,Video: demo_video.mp4 - Frame 204
2026-02-07 02:44:56,5917214,PHÁT HIỆN VI PHẠM VIDEO,Xe máy - 59-17214 - Vi phạm: Đè vạch dừng,Video: demo_video.mp4 - Frame 205
2026-02-07 02:44:56,5918214,PHÁT HIỆN VI PHẠM VIDEO,Xe máy - 59-18214 - Vi phạm: Đè vạch dừng,Video: demo_video.mp4 - Frame 206
2026-02-07 02:44:59,5,PHÁT HIỆN VI PHẠM VIDEO,Xe máy - -5 - Vi phạm: Đè vạch dừng,Video: demo_video.mp4 - Frame 219
2026-02-07 02:45:01,Z21,PHÁT HIỆN VI PHẠM VIDEO,Xe máy - Z-21 (Mờ),Video: demo_video.mp4 - Frame 231
2026-02-07 02:45:02,5Z8714,PHÁT HIỆN VI PHẠM VIDEO,Xe máy - 5Z-8714 (Mờ),Video: demo_video.mp4 - Frame 234
2026-02-07 02:45:33,524255,PHÁT HIỆN VI PHẠM VIDEO,Xe máy - 52-4255 - Vi phạm: Đè vạch dừng,Video: demo_video.mp4 - Frame 377
2026-02-07 02:45:33,522353,PHÁT HIỆN VI PHẠM VIDEO,Xe máy - 52-2353 - Vi phạm: Đè vạch dừng,Video: demo_video.mp4 - Frame 379
2026-02-07 02:45:35,59N24253,PHÁT HIỆN VI PHẠM VIDEO,Xe máy - 59N2-4253 - Vi phạm: Đè vạch dừng,Video: demo_video.mp4 - Frame 382
2026-02-07 02:45:35,59242553,PHÁT HIỆN VI PHẠM VIDEO,Xe máy - 592-42553 - Vi phạm: Đè vạch dừng,Video: demo_video.mp4 - Frame 383
2026-02-07 02:45:47,59T321850,PHÁT HIỆN VI PHẠM VIDEO,Xe máy - 59T3-21850 - Vi phạm: Đè vạch dừng,Video: demo_video.mp4 - Frame 437
2026-02-07 02:46:04,1100503,PHÁT HIỆN VI PHẠM VIDEO,Xe máy - 11-00503 - Vi phạm: Đè vạch dừng,"Video: demo_video.mp4, Frame: 1, Độ rõ: Rõ"
2026-02-07 02:46:04,81100E03,PHÁT HIỆN VI PHẠM VIDEO,Xe máy - 811-00E03 - Vi phạm: Đè vạch dừng,"Video: demo_video.mp4, Frame: 2, Độ rõ: Rõ"
2026-02-07 02:46:04,81108503,PHÁT HIỆN VI PHẠM VIDEO,Xe máy - 811-08503 - Vi phạm: Đè vạch dừng,"Video: demo_video.mp4, Frame: 3, Độ rõ: Rõ"
2026-02-07 02:46:04,59B05868,PHÁT HIỆN VI PHẠM VIDEO,Xe máy - 59B-05868 - Vi phạm: Đè vạch dừng,"Video: demo_video.mp4, Frame: 4, Độ rõ: Rõ"
2026-02-07 02:46:04,597B05868,PHÁT HIỆN VI PHẠM VIDEO,Xe máy - 597B-05868,"Video: demo_video.mp4, Frame: 5, Độ rõ: Rõ"
2026-02-07 02:46:04,5T50F,PHÁT HIỆN VI PHẠM VIDEO,Xe máy - 5T-50F (Mờ),"Video: demo_video.mp4, Frame: 18, Độ rõ: Mờ"
2026-02-07 02:46:04,59B58,PHÁT HIỆN VI PHẠM VIDEO,Xe máy - 59B-58,"Video: demo_video.mp4, Frame: 19, Độ rõ: Rõ"
2026-02-07 02:46:04,59B0568,PHÁT HIỆN VI PHẠM VIDEO,Xe máy - 59B-0568,"Video: demo_video.mp4, Frame: 20, Độ rõ: Rõ"
2026-02-07 02:46:04,597B5568,PHÁT HIỆN VI PHẠM VIDEO,Xe máy - 597B-5568,"Video: demo_video.mp4, Frame: 21, Độ rõ: Rõ"
2026-02-07 02:46:04,597BB68,PHÁT HIỆN VI PHẠM VIDEO,Xe máy - 597B-B68,"Video: demo_video.mp4, Frame: 22, Độ rõ: Rõ"
2026-02-07 02:46:04,597B0868,PHÁT HIỆN VI PHẠM VIDEO,Xe máy - 597B-0868,"Video: demo_video.mp4, Frame: 23, Độ rõ: Rõ"
2026-02-07 02:46:04,47A61773,PHÁT HIỆN VI PHẠM VIDEO,Xe máy - 47A-61773,"Video: demo_video.mp4, Frame: 25, Độ rõ: Rõ"
2026-02-07 02:46:04,597B06868,PHÁT HIỆN VI PHẠM VIDEO,Xe máy - 597B-06868,"Video: demo_video.mp4, Frame: 27, Độ rõ: Rõ"
2026-02-07 02:46:04,59M706868,PHÁT HIỆN VI PHẠM VIDEO,Xe máy - 59M7-06868,"Video: demo_video.mp4, Frame: 28, Độ rõ: Rõ"
2026-02-07 02:46:04,59706868,PHÁT HIỆN VI PHẠM VIDEO,Xe máy - 597-06868 - Vi phạm: Đè vạch dừng,"Video: demo_video.mp4, Frame: 35, Độ rõ: Rõ"
2026-02-07 02:46:04,97B0688,PHÁT HIỆN VI PHẠM VIDEO,Xe máy - 97B-0688 - Vi phạm: Đè vạch dừng,"Video: demo_video.mp4, Frame: 40, Độ rõ: Rõ"
2026-02-07 02:46:04,59B0868,PHÁT HIỆN VI PHẠM VIDEO,Xe máy - 59B-0868,"Video: demo_video.mp4, Frame: 43, Độ rõ: Rõ"
2026-02-07 02:46:04,91B58,PHÁT HIỆN VI PHẠM VIDEO,Xe máy - 91B-58 - Vi phạm: Đè vạch dừng,"Video: demo_video.mp4, Frame: 50, Độ rõ: Rõ"
2026-02-07 02:46:04,5Z10861,PHÁT HIỆN VI PHẠM VIDEO,Xe máy - 5Z-10861 - Vi phạm: Đè vạch dừng,"Video: demo_video.mp4, Frame: 97, Độ rõ: Rõ"
2026-02-07 02:46:04,911081,PHÁT HIỆN VI PHẠM VIDEO,Xe máy - 91-1081,"Video: demo_video.mp4, Frame: 107, Độ rõ: Rõ"
2026-02-07 02:46:04,61R159850,PHÁT HIỆN VI PHẠM VIDEO,Xe máy - 61R1-59850 - Vi phạm: Đè vạch dừng,"Video: demo_video.mp4, Frame: 108, Độ rõ: Rõ"
2026-02-07 02:46:04,5910861,PHÁT HIỆN VI PHẠM VIDEO,Xe máy - 59-10861,"Video: demo_video.mp4, Frame: 109, Độ rõ: Rõ"
2026-02-07 02:46:04,59Y10861,PHÁT HIỆN VI PHẠM VIDEO,Xe máy - 59Y-10861,"Video: demo_video.mp4, Frame: 111, Độ rõ: Rõ"
2026-02-07 02:46:04,59110861,PHÁT HIỆN VI PHẠM VIDEO,Xe máy - 591-10861,"Video: demo_video.mp4, Frame: 112, Độ rõ: Rõ"
2026-02-07 02:46:04,R,PHÁT HIỆN VI PHẠM VIDEO,Xe máy - -R (Mờ),"Video: demo_video.mp4, Frame: 122, Độ rõ: Mờ"
2026-02-07 02:46:04,59R12,PHÁT HIỆN VI PHẠM VIDEO,Xe máy - 59R-12 (Mờ),"Video: demo_video.mp4, Frame: 125, Độ rõ: Mờ"
2026-02-07 02:46:04,59R112,PHÁT HIỆN VI PHẠM VIDEO,Xe máy - 59R-112,"Video: demo_video.mp4, Frame: 127, Độ rõ: Rõ"
2026-02-07 02:46:04,59H1,PHÁT HIỆN VI PHẠM VIDEO,Xe máy - 59H-1,"Video: demo_video.mp4, Frame: 129, Độ rõ: Rõ"
2026-02-07 02:46:04,9R1212,PHÁT HIỆN VI PHẠM VIDEO,Xe máy - 9R-1212 (Mờ),"Video: demo_video.mp4, Frame: 135, Độ rõ: Mờ"
2026-02-07 02:46:04,R2122,PHÁT HIỆN VI PHẠM VIDEO,Xe máy - R-2122,"Video: demo_video.mp4, Frame: 136, Độ rõ: Rõ"
2026-02-07 02:46:04,59R18214,PHÁT HIỆN VI PHẠM VIDEO,Xe máy - 59R-18214,"Video: demo_video.mp4, Frame: 138, Độ rõ: Rõ"
2026-02-07 02:46:04,59RR1821,PHÁT HIỆN VI PHẠM VIDEO,Xe máy - 59RR-1821,"Video: demo_video.mp4, Frame: 141, Độ rõ: Rõ"
2026-02-07 02:46:04,59R8271,PHÁT HIỆN VI PHẠM VIDEO,Xe máy - 59R-8271,"Video: demo_video.mp4, Frame: 142, Độ rõ: Rõ"
2026-02-07 02:46:04,59R118212,PHÁT HIỆN VI PHẠM VIDEO,Xe máy - 59R1-18212,"Video: demo_video.mp4, Frame: 143, Độ rõ: Rõ"
2026-02-07 02:46:04,579R7821,PHÁT HIỆN VI PHẠM VIDEO,Xe máy - 579R-7821,"Video: demo_video.mp4, Frame: 144, Độ rõ: Rõ"
2026-02-07 02:46:04,59R7821,PHÁT HIỆN VI PHẠM VIDEO,Xe máy - 59R-7821,"Video: demo_video.mp4, Frame: 145, Độ rõ: Rõ"
2026-02-07 02:46:04,579R78214,PHÁT HIỆN VI PHẠM VIDEO,Xe máy - 579R-78214,"Video: demo_video.mp4, Frame: 146, Độ rõ: Rõ"
2026-02-07 02:46:04,59N7081,PHÁT HIỆN VI PHẠM VIDEO,Xe máy - 59N-7081 (Mờ),"Video: demo_video.mp4, Frame: 147, Độ rõ: Mờ"
2026-02-07 02:46:04,5R47714,PHÁT HIỆN VI PHẠM VIDEO,Xe máy - 5R4-7714,"Video: demo_video.mp4, Frame: 148, Độ rõ: Rõ"
2026-02-07 02:46:04,5414,PHÁT HIỆN VI PHẠM VIDEO,Xe máy - 54-14 - Vi phạm: Đè vạch dừng,"Video: demo_video.mp4, Frame: 149, Độ rõ: Rõ"
2026-02-07 02:46:04,59214,PHÁT HIỆN VI PHẠM VIDEO,Xe máy - 59-214 - Vi phạm: Đè vạch dừng,"Video: demo_video.mp4, Frame: 150, Độ rõ: Rõ"
2026-02-07 02:46:04,59R214,PHÁT HIỆN VI PHẠM VIDEO,Xe máy - 59R-214 - Vi phạm: Đè vạch dừng,"Video: demo_video.mp4, Frame: 151, Độ rõ: Rõ"
2026-02-07 02:46:04,5978214,PHÁT HIỆN VI PHẠM VIDEO,Xe máy - 59-78214,"Video: demo_video.mp4, Frame: 152, Độ rõ: Rõ"
2026-02-07 02:46:04,5418214,PHÁT HIỆN VI PHẠM VIDEO,Xe máy - 54-18214,"Video: demo_video.mp4, Frame: 153, Độ rõ: Rõ"
2026-02-07 02:46:04,9R418214,PHÁT HIỆN VI PHẠM VIDEO,Xe máy - 9R4-18214,"Video: demo_video.mp4, Frame: 154, Độ rõ: Rõ"
2026-02-07 02:46:04,6918214,PHÁT HIỆN VI PHẠM VIDEO,Xe máy - 69-18214 - Vi phạm: Đè vạch dừng,"Video: demo_video.mp4, Frame: 155, Độ rõ: Rõ"
2026-02-07 02:46:04,69R18214,PHÁT HIỆN VI PHẠM VIDEO,Xe máy - 69R-18214 - Vi phạm: Đè vạch dừng,"Video: demo_video.mp4, Frame: 159, Độ rõ: Rõ"
2026-02-07 02:46:04,579RA18214,PHÁT HIỆN VI PHẠM VIDEO,Xe máy - 579RA-18214 - Vi phạm: Đè vạch dừng,"Video: demo_video.mp4, Frame: 163, Độ rõ: Rõ"
2026-02-07 02:46:04,59RA18214,PHÁT HIỆN VI PHẠM VIDEO,Xe máy - 59RA-18214 - Vi phạm: Đè vạch dừng,"Video: demo_video.mp4, Frame: 165, Độ rõ: Rõ"
2026-02-07 02:46:04,69RA18214,PHÁT HIỆN VI PHẠM VIDEO,Xe máy - 69RA-18214 - Vi phạm: Đè vạch dừng,"Video: demo_video.mp4, Frame: 167, Độ rõ: Rõ"
2026-02-07 02:46:04,659RA78214,PHÁT HIỆN VI PHẠM VIDEO,Xe máy - 659RA-78214 - Vi phạm: Đè vạch dừng,"Video: demo_video.mp4, Frame: 171, Độ rõ: Rõ"
2026-02-07 02:46:04,69RA78214,PHÁT HIỆN VI PHẠM VIDEO,Xe máy - 69RA-78214 - Vi phạm: Đè vạch dừng,"Video: demo_video.mp4, Frame: 172, Độ rõ: Rõ"
2026-02-07 02:46:04,69R1821,PHÁT HIỆN VI PHẠM VIDEO,Xe máy - 69R-1821 - Vi phạm: Đè vạch dừng,"Video: demo_video.mp4, Frame: 173, Độ rõ: Rõ"
2026-02-07 02:46:04,9R18214,PHÁT HIỆN VI PHẠM VIDEO,Xe máy - 9R-18214 - Vi phạm: Đè vạch dừng,"Video: demo_video.mp4, Frame: 177, Độ rõ: Rõ"
2026-02-07 02:46:04,69RA1821,PHÁT HIỆN VI PHẠM VIDEO,Xe máy - 69RA-1821 - Vi phạm: Đè vạch dừng,"Video: demo_video.mp4, Frame: 182, Độ rõ: Rõ"
2026-02-07 02:46:04,591721,PHÁT HIỆN VI PHẠM VIDEO,Xe máy - 59-1721 - Vi phạm: Đè vạch dừng,"Video: demo_video.mp4, Frame: 183, Độ rõ: Rõ"
2026-02-07 02:46:04,5918271,PHÁT HIỆN VI PHẠM VIDEO,Xe máy - 59-18271 - Vi phạm: Đè vạch dừng,"Video: demo_video.mp4, Frame: 184, Độ rõ: Rõ"
2026-02-07 02:46:04,9R12714,PHÁT HIỆN VI PHẠM VIDEO,Xe máy - 9R-12714 - Vi phạm: Đè vạch dừng,"Video: demo_video.mp4, Frame: 186, Độ rõ: Rõ"
2026-02-07 02:46:04,59A18214,PHÁT HIỆN VI PHẠM VIDEO,Xe máy - 59A-18214 - Vi phạm: Đè vạch dừng,"Video: demo_video.mp4, Frame: 204, Độ rõ: Rõ"
2026-02-07 02:46:04,5917214,PHÁT HIỆN VI PHẠM VIDEO,Xe máy - 59-17214 - Vi phạm: Đè vạch dừng,"Video: demo_video.mp4, Frame: 205, Độ rõ: Rõ"
2026-02-07 02:46:04,5918214,PHÁT HIỆN VI PHẠM VIDEO,Xe máy - 59-18214 - Vi phạm: Đè vạch dừng,"Video: demo_video.mp4, Frame: 206, Độ rõ: Rõ"
2026-02-07 02:46:04,5,PHÁT HIỆN VI PHẠM VIDEO,Xe máy - -5 - Vi phạm: Đè vạch dừng,"Video: demo_video.mp4, Frame: 219, Độ rõ: Rõ"
2026-02-07 02:46:04,Z21,PHÁT HIỆN VI PHẠM VIDEO,Xe máy - Z-21 (Mờ),"Video: demo_video.mp4, Frame: 231, Độ rõ: Mờ"
2026-02-07 02:46:04,5Z8714,PHÁT HIỆN VI PHẠM VIDEO,Xe máy - 5Z-8714 (Mờ),"Video: demo_video.mp4, Frame: 234, Độ rõ: Mờ"
2026-02-07 02:46:04,47A161773,PHÁT HIỆN VI PHẠM VIDEO,Xe máy - 47A1-61773,"Video: demo_video.mp4, Frame: 312, Độ rõ: Rõ"
2026-02-07 02:46:04,59R2553,PHÁT HIỆN VI PHẠM VIDEO,Xe máy - 59R2-553,"Video: demo_video.mp4, Frame: 349, Độ rõ: Rõ"
2026-02-07 02:46:04,592553,PHÁT HIỆN VI PHẠM VIDEO,Xe máy - 592-553,"Video: demo_video.mp4, Frame: 351, Độ rõ: Rõ"
2026-02-07 02:46:04,5927553,PHÁT HIỆN VI PHẠM VIDEO,Xe máy - 592-7553,"Video: demo_video.mp4, Frame: 352, Độ rõ: Rõ"
2026-02-07 02:46:04,R2753,PHÁT HIỆN VI PHẠM VIDEO,Xe máy - R2-753,"Video: demo_video.mp4, Frame: 366, Độ rõ: Rõ"
2026-02-07 02:46:04,2475,PHÁT HIỆN VI PHẠM VIDEO,Xe máy - 2-475,"Video: demo_video.mp4, Frame: 367, Độ rõ: Rõ"
2026-02-07 02:46:04,51242353,PHÁT HIỆN VI PHẠM VIDEO,Xe máy - 512-42353 (Mờ),"Video: demo_video.mp4, Frame: 369, Độ rõ: Mờ"
2026-02-07 02:46:04,92472553,PHÁT HIỆN VI PHẠM VIDEO,Xe máy - 92-472553,"Video: demo_video.mp4, Frame: 371, Độ rõ: Rõ"
2026-02-07 02:46:04,524255,PHÁT HIỆN VI PHẠM VIDEO,Xe máy - 52-4255 - Vi phạm: Đè vạch dừng,"Video: demo_video.mp4, Frame: 377, Độ rõ: Rõ"
2026-02-07 02:46:04,522353,PHÁT HIỆN VI PHẠM VIDEO,Xe máy - 52-2353 - Vi phạm: Đè vạch dừng,"Video: demo_video.mp4, Frame: 379, Độ rõ: Rõ"
2026-02-07 02:46:04,59N24253,PHÁT HIỆN VI PHẠM VIDEO,Xe máy - 59N2-4253 - Vi phạm: Đè vạch dừng,"Video: demo_video.mp4, Frame: 382, Độ rõ: Rõ"
2026-02-07 02:46:04,59242553,PHÁT HIỆN VI PHẠM VIDEO,Xe máy - 592-42553 - Vi phạm: Đè vạch dừng,"Video: demo_video.mp4, Frame: 383, Độ rõ: Rõ"
2026-02-07 02:46:04,5927T37650,PHÁT HIỆN VI PHẠM VIDEO,Xe máy - 5927T3-7650,"Video: demo_video.mp4, Frame: 417, Độ rõ: Rõ"
2026-02-07 02:46:04,59T3217650,PHÁT HIỆN VI PHẠM VIDEO,Xe máy - 59T3-217650,"Video: demo_video.mp4, Frame: 418, Độ rõ: Rõ"
2026-02-07 02:46:04,592T321650,PHÁT HIỆN VI PHẠM VIDEO,Xe máy - 592T3-21650,"Video: demo_video.mp4, Frame: 419, Độ rõ: Rõ"
2026-02-07 02:46:04,59T321650,PHÁT HIỆN VI PHẠM VIDEO,Xe máy - 59T3-21650,"Video: demo_video.mp4, Frame: 420, Độ rõ: Rõ"
2026-02-07 02:46:04,529T321650,PHÁT HIỆN VI PHẠM VIDEO,Xe máy - 529T3-21650,"Video: demo_video.mp4, Frame: 426, Độ rõ: Rõ"
2026-02-07 02:46:04,59T321850,PHÁT HIỆN VI PHẠM VIDEO,Xe máy - 59T3-21850 - Vi phạm: Đè vạch dừng,"Video: demo_video.mp4, Frame: 437, Độ rõ: Rõ"
2026-02-07 02:46:04,59321650,PHÁT HIỆN VI PHẠM VIDEO,Xe máy - 593-21650,"Video: demo_video.mp4, Frame: 443, Độ rõ: Rõ"
2026-02-07 02:46:04,510,PHÁT HIỆN VI PHẠM VIDEO,Xe máy - 5-10,"Video: demo_video.mp4, Frame: 463, Độ rõ: Rõ"
2026-02-07 02:46:04,50E1063D,PHÁT HIỆN VI PHẠM VIDEO,Xe máy - 50E-1063D,"Video: demo_video.mp4, Frame: 472, Độ rõ: Rõ"
2026-02-07 02:46:04,5DE10630,PHÁT HIỆN VI PHẠM VIDEO,Xe máy - 5DE-10630,"Video: demo_video.mp4, Frame: 473, Độ rõ: Rõ"
2026-02-07 02:46:04,50E10630,PHÁT HIỆN VI PHẠM VIDEO,Xe máy - 50E-10630,"Video: demo_video.mp4, Frame: 488, Độ rõ: Rõ"
2026-02-07 02:46:04,6DE10623D,PHÁT HIỆN VI PHẠM VIDEO,Xe máy - 6DE-10623D,"Video: demo_video.mp4, Frame: 500, Độ rõ: Rõ"
2026-02-07 02:46:04,47A81773,PHÁT HIỆN VI PHẠM VIDEO,Xe máy - 47A-81773,"Video: demo_video.mp4, Frame: 501, Độ rõ: Rõ"
2026-02-07 02:46:29,1100503,PHÁT HIỆN VI PHẠM VIDEO,Xe máy - 11-00503 - Vi phạm: Đè vạch dừng,Video: demo_video.mp4 - Frame 1
2026-02-07 02:46:29,81100E03,PHÁT HIỆN VI PHẠM VIDEO,Xe máy - 811-00E03 - Vi phạm: Đè vạch dừng,Video: demo_video.mp4 - Frame 2
2026-02-07 02:46:30,81108503,PHÁT HIỆN VI PHẠM VIDEO,Xe máy - 811-08503 - Vi phạm: Đè vạch dừng,Video: demo_video.mp4 - Frame 3
2026-02-07 02:46:30,59B05868,PHÁT HIỆN VI PHẠM VIDEO,Xe máy - 59B-05868 - Vi phạm: Đè vạch dừng,Video: demo_video.mp4 - Frame 4
2026-02-07 02:46:42,59706868,PHÁT HIỆN VI PHẠM VIDEO,Xe máy - 597-06868 - Vi phạm: Đè vạch dừng,Video: demo_video.mp4 - Frame 35
2026-02-07 02:46:45,97B0688,PHÁT HIỆN VI PHẠM VIDEO,Xe máy - 97B-0688 - Vi phạm: Đè vạch dừng,Video: demo_video.mp4 - Frame 40
2026-02-07 02:46:49,91B58,PHÁT HIỆN VI PHẠM VIDEO,Xe máy - 91B-58 - Vi phạm: Đè vạch dừng,Video: demo_video.mp4 - Frame 50
2026-02-07 02:47:02,5Z10861,PHÁT HIỆN VI PHẠM VIDEO,Xe máy - 5Z-10861 - Vi phạm: Đè vạch dừng,Video: demo_video.mp4 - Frame 97
2026-02-07 02:47:06,61R159850,PHÁT HIỆN VI PHẠM VIDEO,Xe máy - 61R1-59850 - Vi phạm: Đè vạch dừng,Video: demo_video.mp4 - Frame 108
2026-02-07 02:47:24,5414,PHÁT HIỆN VI PHẠM VIDEO,Xe máy - 54-14 - Vi phạm: Đè vạch dừng,Video: demo_video.mp4 - Frame 149
2026-02-07 02:47:25,59214,PHÁT HIỆN VI PHẠM VIDEO,Xe máy - 59-214 - Vi phạm: Đè vạch dừng,Video: demo_video.mp4 - Frame 150
2026-02-07 02:47:25,59R214,PHÁT HIỆN VI PHẠM VIDEO,Xe máy - 59R-214 - Vi phạm: Đè vạch dừng,Video: demo_video.mp4 - Frame 151
2026-02-07 02:47:27,6918214,PHÁT HIỆN VI PHẠM VIDEO,Xe máy - 69-18214 - Vi phạm: Đè vạch dừng,Video: demo_video.mp4 - Frame 155
2026-02-07 02:47:29,69R18214,PHÁT HIỆN VI PHẠM VIDEO,Xe máy - 69R-18214 - Vi phạm: Đè vạch dừng,Video: demo_video.mp4 - Frame 159
2026-02-07 02:47:31,579RA18214,PHÁT HIỆN VI PHẠM VIDEO,Xe máy - 579RA-18214 - Vi phạm: Đè vạch dừng,Video: demo_video.mp4 - Frame 163
2026-02-07 02:47:32,59RA18214,PHÁT HIỆN VI PHẠM VIDEO,Xe máy - 59RA-18214 - Vi phạm: Đè vạch dừng,Video: demo_video.mp4 - Frame 165
2026-02-07 02:47:33,69RA18214,PHÁT HIỆN VI PHẠM VIDEO,Xe máy - 69RA-18214 - Vi phạm: Đè vạch dừng,Video: demo_video.mp4 - Frame 167
2026-02-07 02:47:34,659RA78214,PHÁT HIỆN VI PHẠM VIDEO,Xe máy - 659RA-78214 - Vi phạm: Đè vạch dừng,Video: demo_video.mp4 - Frame 171
2026-02-07 02:47:34,69RA78214,PHÁT HIỆN VI PHẠM VIDEO,Xe máy - 69RA-78214 - Vi phạm: Đè vạch dừng,Video: demo_video.mp4 - Frame 172
2026-02-07 02:47:35,69R1821,PHÁT HIỆN VI PHẠM VIDEO,Xe máy - 69R-1821 - Vi phạm: Đè vạch dừng,Video: demo_video.mp4 - Frame 173
2026-02-07 02:47:36,9R18214,PHÁT HIỆN VI PHẠM VIDEO,Xe máy - 9R-18214 - Vi phạm: Đè vạch dừng,Video: demo_video.mp4 - Frame 177
2026-02-07 02:47:38,69RA1821,PHÁT HIỆN VI PHẠM VIDEO,Xe máy - 69RA-1821 - Vi phạm: Đè vạch dừng,Video: demo_video.mp4 - Frame 182
2026-02-07 02:47:38,591721,PHÁT HIỆN VI PHẠM VIDEO,Xe máy - 59-1721 - Vi phạm: Đè vạch dừng,Video: demo_video.mp4 - Frame 183
2026-02-07 02:47:39,5918271,PHÁT HIỆN VI PHẠM VIDEO,Xe máy - 59-18271 - Vi phạm: Đè vạch dừng,Video: demo_video.mp4 - Frame 184
2026-02-07 02:47:39,9R12714,PHÁT HIỆN VI PHẠM VIDEO,Xe máy - 9R-12714 - Vi phạm: Đè vạch dừng,Video: demo_video.mp4 - Frame 186
2026-02-07 02:47:45,59A18214,PHÁT HIỆN VI PHẠM VIDEO,Xe máy - 59A-18214 - Vi phạm: Đè vạch dừng,Video: demo_video.mp4 - Frame 204
2026-02-07 02:47:46,5917214,PHÁT HIỆN VI PHẠM VIDEO,Xe máy - 59-17214 - Vi phạm: Đè vạch dừng,Video: demo_video.mp4 - Frame 205
2026-02-07 02:47:46,5918214,PHÁT HIỆN VI PHẠM VIDEO,Xe máy - 59-18214 - Vi phạm: Đè vạch dừng,Video: demo_video.mp4 - Frame 206
2026-02-07 02:47:54,5,PHÁT HIỆN VI PHẠM VIDEO,Xe máy - -5 - Vi phạm: Đè vạch dừng,Video: demo_video.mp4 - Frame 219
2026-02-07 02:47:58,Z21,PHÁT HIỆN VI PHẠM VIDEO,Xe máy - Z-21 (Mờ),Video: demo_video.mp4 - Frame 231
2026-02-07 02:47:58,5Z8714,PHÁT HIỆN VI PHẠM VIDEO,Xe máy - 5Z-8714 (Mờ),Video: demo_video.mp4 - Frame 234
2026-02-07 02:48:28,524255,PHÁT HIỆN VI PHẠM VIDEO,Xe máy - 52-4255 - Vi phạm: Đè vạch dừng,Video: demo_video.mp4 - Frame 377
2026-02-07 02:48:28,522353,PHÁT HIỆN VI PHẠM VIDEO,Xe máy - 52-2353 - Vi phạm: Đè vạch dừng,Video: demo_video.mp4 - Frame 379
2026-02-07 02:48:29,59N24253,PHÁT HIỆN VI PHẠM VIDEO,Xe máy - 59N2-4253 - Vi phạm: Đè vạch dừng,Video: demo_video.mp4 - Frame 382
2026-02-07 02:48:29,59242553,PHÁT HIỆN VI PHẠM VIDEO,Xe máy - 592-42553 - Vi phạm: Đè vạch dừng,Video: demo_video.mp4 - Frame 383
2026-02-07 02:48:40,59T321850,PHÁT HIỆN VI PHẠM VIDEO,Xe máy - 59T3-21850 - Vi phạm: Đè vạch dừng,Video: demo_video.mp4 - Frame 437
2026-02-07 02:48:53,1100503,PHÁT HIỆN VI PHẠM VIDEO,Xe máy - 11-00503 - Vi phạm: Đè vạch dừng,"Video: demo_video.mp4, Frame: 1, Độ rõ: Rõ"
2026-02-07 02:48:53,81100E03,PHÁT HIỆN VI PHẠM VIDEO,Xe máy - 811-00E03 - Vi phạm: Đè vạch dừng,"Video: demo_video.mp4, Frame: 2, Độ rõ: Rõ"
2026-02-07 02:48:53,81108503,PHÁT HIỆN VI PHẠM VIDEO,Xe máy - 811-08503 - Vi phạm: Đè vạch dừng,"Video: demo_video.mp4, Frame: 3, Độ rõ: Rõ"
2026-02-07 02:48:53,59B05868,PHÁT HIỆN VI PHẠM VIDEO,Xe máy - 59B-05868 - Vi phạm: Đè vạch dừng,"Video: demo_video.mp4, Frame: 4, Độ rõ: Rõ"
2026-02-07 02:48:53,597B05868,PHÁT HIỆN VI PHẠM VIDEO,Xe máy - 597B-05868,"Video: demo_video.mp4, Frame: 5, Độ rõ: Rõ"
2026-02-07 02:48:53,5T50F,PHÁT HIỆN VI PHẠM VIDEO,Xe máy - 5T-50F (Mờ),"Video: demo_video.mp4, Frame: 18, Độ rõ: Mờ"
2026-02-07 02:48:53,59B58,PHÁT HIỆN VI PHẠM VIDEO,Xe máy - 59B-58,"Video: demo_video.mp4, Frame: 19, Độ rõ: Rõ"
2026-02-07 02:48:53,59B0568,PHÁT HIỆN VI PHẠM VIDEO,Xe máy - 59B-0568,"Video: demo_video.mp4, Frame: 20, Độ rõ: Rõ"
2026-02-07 02:48:53,597B5568,PHÁT HIỆN VI PHẠM VIDEO,Xe máy - 597B-5568,"Video: demo_video.mp4, Frame: 21, Độ rõ: Rõ"
2026-02-07 02:48:53,597BB68,PHÁT HIỆN VI PHẠM VIDEO,Xe máy - 597B-B68,"Video: demo_video.mp4, Frame: 22, Độ rõ: Rõ"
2026-02-07 02:48:53,597B0868,PHÁT HIỆN VI PHẠM VIDEO,Xe máy - 597B-0868,"Video: demo_video.mp4, Frame: 23, Độ rõ: Rõ"
2026-02-07 02:48:53,47A61773,PHÁT HIỆN VI PHẠM VIDEO,Xe máy - 47A-61773,"Video: demo_video.mp4, Frame: 25, Độ rõ: Rõ"
2026-02-07 02:48:53,597B06868,PHÁT HIỆN VI PHẠM VIDEO,Xe máy - 597B-06868,"Video: demo_video.mp4, Frame: 27, Độ rõ: Rõ"
2026-02-07 02:48:53,59M706868,PHÁT HIỆN VI PHẠM VIDEO,Xe máy - 59M7-06868,"Video: demo_video.mp4, Frame: 28, Độ rõ: Rõ"
2026-02-07 02:48:53,59706868,PHÁT HIỆN VI PHẠM VIDEO,Xe máy - 597-06868 - Vi phạm: Đè vạch dừng,"Video: demo_video.mp4, Frame: 35, Độ rõ: Rõ"
2026-02-07 02:48:53,97B0688,PHÁT HIỆN VI PHẠM VIDEO,Xe máy - 97B-0688 - Vi phạm: Đè vạch dừng,"Video: demo_video.mp4, Frame: 40, Độ rõ: Rõ"
2026-02-07 02:48:53,59B0868,PHÁT HIỆN VI PHẠM VIDEO,Xe máy - 59B-0868,"Video: demo_video.mp4, Frame: 43, Độ rõ: Rõ"
2026-02-07 02:48:53,91B58,PHÁT HIỆN VI PHẠM VIDEO,Xe máy - 91B-58 - Vi phạm: Đè vạch dừng,"Video: demo_video.mp4, Frame: 50, Độ rõ: Rõ"
2026-02-07 02:48:53,5Z10861,PHÁT HIỆN VI PHẠM VIDEO,Xe máy - 5Z-10861 - Vi phạm: Đè vạch dừng,"Video: demo_video.mp4, Frame: 97, Độ rõ: Rõ"
2026-02-07 02:48:53,911081,PHÁT HIỆN VI PHẠM VIDEO,Xe máy - 91-1081,"Video: demo_video.mp4, Frame: 107, Độ rõ: Rõ"
2026-02-07 02:48:53,61R159850,PHÁT HIỆN VI PHẠM VIDEO,Xe máy - 61R1-59850 - Vi phạm: Đè vạch dừng,"Video: demo_video.mp4, Frame: 108, Độ rõ: Rõ"
2026-02-07 02:48:53,5910861,PHÁT HIỆN VI PHẠM VIDEO,Xe máy - 59-10861,"Video: demo_video.mp4, Frame: 109, Độ rõ: Rõ"
2026-02-07 02:48:53,59Y10861,PHÁT HIỆN VI PHẠM VIDEO,Xe máy - 59Y-10861,"Video: demo_video.mp4, Frame: 111, Độ rõ: Rõ"
2026-02-07 02:48:53,59110861,PHÁT HIỆN VI PHẠM VIDEO,Xe máy - 591-10861,"Video: demo_video.mp4, Frame: 112, Độ rõ: Rõ"
2026-02-07 02:48:53,R,PHÁT HIỆN VI PHẠM VIDEO,Xe máy - -R (Mờ),"Video: demo_video.mp4, Frame: 122, Độ rõ: Mờ"
2026-02-07 02:48:53,59R12,PHÁT HIỆN VI PHẠM VIDEO,Xe máy - 59R-12 (Mờ),"Video: demo_video.mp4, Frame: 125, Độ rõ: Mờ"
2026-02-07 02:48:53,59R112,PHÁT HIỆN VI PHẠM VIDEO,Xe máy - 59R-112,"Video: demo_video.mp4, Frame: 127, Độ rõ: Rõ"
2026-02-07 02:48:53,59H1,PHÁT HIỆN VI PHẠM VIDEO,Xe máy - 59H-1,"Video: demo_video.mp4, Frame: 129, Độ rõ: Rõ"
2026-02-07 02:48:53,9R1212,PHÁT HIỆN VI PHẠM VIDEO,Xe máy - 9R-1212 (Mờ),"Video: demo_video.mp4, Frame: 135, Độ rõ: Mờ"
2026-02-07 02:48:53,R2122,PHÁT HIỆN VI PHẠM VIDEO,Xe máy - R-2122,"Video: demo_video.mp4, Frame: 136, Độ rõ: Rõ"
2026-02-07 02:48:53,59R18214,PHÁT HIỆN VI PHẠM VIDEO,Xe máy - 59R-18214,"Video: demo_video.mp4, Frame: 138, Độ rõ: Rõ"
2026-02-07 02:48:53,59RR1821,PHÁT HIỆN VI PHẠM VIDEO,Xe máy - 59RR-1821,"Video: demo_video.mp4, Frame: 141, Độ rõ: Rõ"
2026-02-07 02:48:53,59R8271,PHÁT HIỆN VI PHẠM VIDEO,Xe máy - 59R-8271,"Video: demo_video.mp4, Frame: 142, Độ rõ: Rõ"
2026-02-07 02:48:53,59R118212,PHÁT HIỆN VI PHẠM VIDEO,Xe máy - 59R1-18212,"Video: demo_video.mp4, Frame: 143, Độ rõ: Rõ"
2026-02-07 02:48:53,579R7821,PHÁT HIỆN VI PHẠM VIDEO,Xe máy - 579R-7821,"Video: demo_video.mp4, Frame: 144, Độ rõ: Rõ"
2026-02-07 02:48:53,59R7821,PHÁT HIỆN VI PHẠM VIDEO,Xe máy - 59R-7821,"Video: demo_video.mp4, Frame: 145, Độ rõ: Rõ"
2026-02-07 02:48:53,579R78214,PHÁT HIỆN VI PHẠM VIDEO,Xe máy - 579R-78214,"Video: demo_video.mp4, Frame: 146, Độ rõ: Rõ"
2026-02-07 02:48:53,59N7081,PHÁT HIỆN VI PHẠM VIDEO,Xe máy - 59N-7081 (Mờ),"Video: demo_video.mp4, Frame: 147, Độ rõ: Mờ"
2026-02-07 02:48:53,5R47714,PHÁT HIỆN VI PHẠM VIDEO,Xe máy - 5R4-7714,"Video: demo_video.mp4, Frame: 148, Độ rõ: Rõ"
2026-02-07 02:48:53,5414,PHÁT HIỆN VI PHẠM VIDEO,Xe máy - 54-14 - Vi phạm: Đè vạch dừng,"Video: demo_video.mp4, Frame: 149, Độ rõ: Rõ"
2026-02-07 02:48:53,59214,PHÁT HIỆN VI PHẠM VIDEO,Xe máy - 59-214 - Vi phạm: Đè vạch dừng,"Video: demo_video.mp4, Frame: 150, Độ rõ: Rõ"
2026-02-07 02:48:53,59R214,PHÁT HIỆN VI PHẠM VIDEO,Xe máy - 59R-214 - Vi phạm: Đè vạch dừng,"Video: demo_video.mp4, Frame: 151, Độ rõ: Rõ"
2026-02-07 02:48:53,5978214,PHÁT HIỆN VI PHẠM VIDEO,Xe máy - 59-78214,"Video: demo_video.mp4, Frame: 152, Độ rõ: Rõ"
2026-02-07 02:48:53,5418214,PHÁT HIỆN VI PHẠM VIDEO,Xe máy - 54-18214,"Video: demo_video.mp4, Frame: 153, Độ rõ: Rõ"
2026-02-07 02:48:53,9R418214,PHÁT HIỆN VI PHẠM VIDEO,Xe máy - 9R4-18214,"Video: demo_video.mp4, Frame: 154, Độ rõ: Rõ"
2026-02-07 02:48:53,6918214,PHÁT HIỆN VI PHẠM VIDEO,Xe máy - 69-18214 - Vi phạm: Đè vạch dừng,"Video: demo_video.mp4, Frame: 155, Độ rõ: Rõ"
2026-02-07 02:48:53,69R18214,PHÁT HIỆN VI PHẠM VIDEO,Xe máy - 69R-18214 - Vi phạm: Đè vạch dừng,"Video: demo_video.mp4, Frame: 159, Độ rõ: Rõ"
2026-02-07 02:48:53,579RA18214,PHÁT HIỆN VI PHẠM VIDEO,Xe máy - 579RA-18214 - Vi phạm: Đè vạch dừng,"Video: demo_video.mp4, Frame: 163, Độ rõ: Rõ"
2026-02-07 02:48:53,59RA18214,PHÁT HIỆN VI PHẠM VIDEO,Xe máy - 59RA-18214 - Vi phạm: Đè vạch dừng,"Video: demo_video.mp4, Frame: 165, Độ rõ: Rõ"
2026-02-07 02:48:53,69RA18214,PHÁT HIỆN VI PHẠM VIDEO,Xe máy - 69RA-18214 - Vi phạm: Đè vạch dừng,"Video: demo_video.mp4, Frame: 167, Độ rõ: Rõ"
2026-02-07 02:48:53,659RA78214,PHÁT HIỆN VI PHẠM VIDEO,Xe máy - 659RA-78214 - Vi phạm: Đè vạch dừng,"Video: demo_video.mp4, Frame: 171, Độ rõ: Rõ"
2026-02-07 02:48:53,69RA78214,PHÁT HIỆN VI PHẠM VIDEO,Xe máy - 69RA-78214 - Vi phạm: Đè vạch dừng,"Video: demo_video.mp4, Frame: 172, Độ rõ: Rõ"
2026-02-07 02:48:53,69R1821,PHÁT HIỆN VI PHẠM VIDEO,Xe máy - 69R-1821 - Vi phạm: Đè vạch dừng,"Video: demo_video.mp4, Frame: 173, Độ rõ: Rõ"
2026-02-07 02:48:53,9R18214,PHÁT HIỆN VI PHẠM VIDEO,Xe máy - 9R-18214 - Vi phạm: Đè vạch dừng,"Video: demo_video.mp4, Frame: 177, Độ rõ: Rõ"
2026-02-07 02:48:53,69RA1821,PHÁT HIỆN VI PHẠM VIDEO,Xe máy - 69RA-1821 - Vi phạm: Đè vạch dừng,"Video: demo_video.mp4, Frame: 182, Độ rõ: Rõ"
2026-02-07 02:48:53,591721,PHÁT HIỆN VI PHẠM VIDEO,Xe máy - 59-1721 - Vi phạm: Đè vạch dừng,"Video: demo_video.mp4, Frame: 183, Độ rõ: Rõ"
2026-02-07 02:48:53,5918271,PHÁT HIỆN VI PHẠM VIDEO,Xe máy - 59-18271 - Vi phạm: Đè vạch dừng,"Video: demo_video.mp4, Frame: 184, Độ rõ: Rõ"
2026-02-07 02:48:53,9R12714,PHÁT HIỆN VI PHẠM VIDEO,Xe máy - 9R-12714 - Vi phạm: Đè vạch dừng,"Video: demo_video.mp4, Frame: 186, Độ rõ: Rõ"
2026-02-07 02:48:53,59A18214,PHÁT HIỆN VI PHẠM VIDEO,Xe máy - 59A-18214 - Vi phạm: Đè vạch dừng,"Video: demo_video.mp4, Frame: 204, Độ rõ: Rõ"
2026-02-07 02:48:53,5917214,PHÁT HIỆN VI PHẠM VIDEO,Xe máy - 59-17214 - Vi phạm: Đè vạch dừng,"Video: demo_video.mp4, Frame: 205, Độ rõ: Rõ"
2026-02-07 02:48:53,5918214,PHÁT HIỆN VI PHẠM VIDEO,Xe máy - 59-18214 - Vi phạm: Đè vạch dừng,"Video: demo_video.mp4, Frame: 206, Độ rõ: Rõ"
2026-02-07 02:48:53,5,PHÁT HIỆN VI PHẠM VIDEO,Xe máy - -5 - Vi phạm: Đè vạch dừng,"Video: demo_video.mp4, Frame: 219, Độ rõ: Rõ"
2026-02-07 02:48:53,Z21,PHÁT HIỆN VI PHẠM VIDEO,Xe máy - Z-21 (Mờ),"Video: demo_video.mp4, Frame: 231, Độ rõ: Mờ"
2026-02-07 02:48:53,5Z8714,PHÁT HIỆN VI PHẠM VIDEO,Xe máy - 5Z-8714 (Mờ),"Video: demo_video.mp4, Frame: 234, Độ rõ: Mờ"
2026-02-07 02:48:53,47A161773,PHÁT HIỆN VI PHẠM VIDEO,Xe máy - 47A1-61773,"Video: demo_video.mp4, Frame: 312, Độ rõ: Rõ"
2026-02-07 02:48:53,59R2553,PHÁT HIỆN VI PHẠM VIDEO,Xe máy - 59R2-553,"Video: demo_video.mp4, Frame: 349, Độ rõ: Rõ"
2026-02-07 02:48:53,592553,PHÁT HIỆN VI PHẠM VIDEO,Xe máy - 592-553,"Video: demo_video.mp4, Frame: 351, Độ rõ: Rõ"
2026-02-07 02:48:53,5927553,PHÁT HIỆN VI PHẠM VIDEO,Xe máy - 592-7553,"Video: demo_video.mp4, Frame: 352, Độ rõ: Rõ"
2026-02-07 02:48:53,R2753,PHÁT HIỆN VI PHẠM VIDEO,Xe máy - R2-753,"Video: demo_video.mp4, Frame: 366, Độ rõ: Rõ"
2026-02-07 02:48:53,2475,PHÁT HIỆN VI PHẠM VIDEO,Xe máy - 2-475,"Video: demo_video.mp4, Frame: 367, Độ rõ: Rõ"
2026-02-07 02:48:53,51242353,PHÁT HIỆN VI PHẠM VIDEO,Xe máy - 512-42353 (Mờ),"Video: demo_video.mp4, Frame: 369, Độ rõ: Mờ"
2026-02-07 02:48:53,92472553,PHÁT HIỆN VI PHẠM VIDEO,Xe máy - 92-472553,"Video: demo_video.mp4, Frame: 371, Độ rõ: Rõ"
2026-02-07 02:48:53,524255,PHÁT HIỆN VI PHẠM VIDEO,Xe máy - 52-4255 - Vi phạm: Đè vạch dừng,"Video: demo_video.mp4, Frame: 377, Độ rõ: Rõ"
2026-02-07 02:48:53,522353,PHÁT HIỆN VI PHẠM VIDEO,Xe máy - 52-2353 - Vi phạm: Đè vạch dừng,"Video: demo_video.mp4, Frame: 379, Độ rõ: Rõ"
2026-02-07 02:48:53,59N24253,PHÁT HIỆN VI PHẠM VIDEO,Xe máy - 59N2-4253 - Vi phạm: Đè vạch dừng,"Video: demo_video.mp4, Frame: 382, Độ rõ: Rõ"
2026-02-07 02:48:53,59242553,PHÁT HIỆN VI PHẠM VIDEO,Xe máy - 592-42553 - Vi phạm: Đè vạch dừng,"Video: demo_video.mp4, Frame: 383, Độ rõ: Rõ"
2026-02-07 02:48:53,5927T37650,PHÁT HIỆN VI PHẠM VIDEO,Xe máy - 5927T3-7650,"Video: demo_video.mp4, Frame: 417, Độ rõ: Rõ"
2026-02-07 02:48:53,59T3217650,PHÁT HIỆN VI PHẠM VIDEO,Xe máy - 59T3-217650,"Video: demo_video.mp4, Frame: 418, Độ rõ: Rõ"
2026-02-07 02:48:53,592T321650,PHÁT HIỆN VI PHẠM VIDEO,Xe máy - 592T3-21650,"Video: demo_video.mp4, Frame: 419, Độ rõ: Rõ"
2026-02-07 02:48:53,59T321650,PHÁT HIỆN VI PHẠM VIDEO,Xe máy - 59T3-21650,"Video: demo_video.mp4, Frame: 420, Độ rõ: Rõ"
2026-02-07 02:48:53,529T321650,PHÁT HIỆN VI PHẠM VIDEO,Xe máy - 529T3-21650,"Video: demo_video.mp4, Frame: 426, Độ rõ: Rõ"
2026-02-07 02:48:53,59T321850,PHÁT HIỆN VI PHẠM VIDEO,Xe máy - 59T3-21850 - Vi phạm: Đè vạch dừng,"Video: demo_video.mp4, Frame: 437, Độ rõ: Rõ"
2026-02-07 02:48:53,59321650,PHÁT HIỆN VI PHẠM VIDEO,Xe máy - 593-21650,"Video: demo_video.mp4, Frame: 443, Độ rõ: Rõ"
2026-02-07 02:48:53,510,PHÁT HIỆN VI PHẠM VIDEO,Xe máy - 5-10,"Video: demo_video.mp4, Frame: 463, Độ rõ: Rõ"
2026-02-07 02:48:53,50E1063D,PHÁT HIỆN VI PHẠM VIDEO,Xe máy - 50E-1063D,"Video: demo_video.mp4, Frame: 472, Độ rõ: Rõ"
2026-02-07 02:48:53,5DE10630,PHÁT HIỆN VI PHẠM VIDEO,Xe máy - 5DE-10630,"Video: demo_video.mp4, Frame: 473, Độ rõ: Rõ"
2026-02-07 02:48:53,50E10630,PHÁT HIỆN VI PHẠM VIDEO,Xe máy - 50E-10630,"Video: demo_video.mp4, Frame: 488, Độ rõ: Rõ"
2026-02-07 02:48:53,6DE10623D,PHÁT HIỆN VI PHẠM VIDEO,Xe máy - 6DE-10623D,"Video: demo_video.mp4, Frame: 500, Độ rõ: Rõ"
2026-02-07 02:48:53,47A81773,PHÁT HIỆN VI PHẠM VIDEO,Xe máy - 47A-81773,"Video: demo_video.mp4, Frame: 501, Độ rõ: Rõ"
2026-02-07 02:59:26,59706868,PHÁT HIỆN VI PHẠM,Xe máy - 597-06868 - Vi phạm: Đè vạch dừng,Video: demo_video.mp4 - Frame 35
2026-02-07 02:59:26,97B0688,PHÁT HIỆN VI PHẠM,Xe máy - 97B-0688 - Vi phạm: Đè vạch dừng,Video: demo_video.mp4 - Frame 40
2026-02-07 02:59:27,91B58,PHÁT HIỆN VI PHẠM,Xe máy - 91B-58 - Vi phạm: Đè vạch dừng,Video: demo_video.mp4 - Frame 50
2026-02-07 02:59:32,59214,PHÁT HIỆN VI PHẠM,Xe máy - 59-214 - Vi phạm: Đè vạch dừng,Video: demo_video.mp4 - Frame 150
2026-02-07 02:59:32,6918214,PHÁT HIỆN VI PHẠM,Xe máy - 69-18214 - Vi phạm: Đè vạch dừng,Video: demo_video.mp4 - Frame 155
2026-02-07 02:59:33,59R18214,PHÁT HIỆN VI PHẠM,Xe máy - 59R-18214 - Vi phạm: Đè vạch dừng,Video: demo_video.mp4 - Frame 160
2026-02-07 02:59:33,59RA18214,PHÁT HIỆN VI PHẠM,Xe máy - 59RA-18214 - Vi phạm: Đè vạch dừng,Video: demo_video.mp4 - Frame 165
2026-02-07 02:59:33,69RA18214,PHÁT HIỆN VI PHẠM,Xe máy - 69RA-18214 - Vi phạm: Đè vạch dừng,Video: demo_video.mp4 - Frame 170
2026-02-07 02:59:34,69R1821,PHÁT HIỆN VI PHẠM,Xe máy - 69R-1821 - Vi phạm: Đè vạch dừng,Video: demo_video.mp4 - Frame 185
2026-02-07 02:59:35,5917214,PHÁT HIỆN VI PHẠM,Xe máy - 59-17214 - Vi phạm: Đè vạch dừng,Video: demo_video.mp4 - Frame 205
2026-02-07 02:59:51,597B05868,PHÁT HIỆN VI PHẠM VIDEO,Xe máy - 597B-05868,"Video: demo_video.mp4, Frame: 5, Độ rõ: Rõ"
2026-02-07 02:59:51,59B05868,PHÁT HIỆN VI PHẠM VIDEO,Xe máy - 59B-05868,"Video: demo_video.mp4, Frame: 15, Độ rõ: Rõ"
2026-02-07 02:59:51,59B0568,PHÁT HIỆN VI PHẠM VIDEO,Xe máy - 59B-0568,"Video: demo_video.mp4, Frame: 20, Độ rõ: Rõ"
2026-02-07 02:59:51,47A61773,PHÁT HIỆN VI PHẠM VIDEO,Xe máy - 47A-61773,"Video: demo_video.mp4, Frame: 25, Độ rõ: Rõ"
2026-02-07 02:59:51,597B06868,PHÁT HIỆN VI PHẠM VIDEO,Xe máy - 597B-06868,"Video: demo_video.mp4, Frame: 30, Độ rõ: Rõ"
2026-02-07 02:59:51,59706868,PHÁT HIỆN VI PHẠM VIDEO,Xe máy - 597-06868 - Vi phạm: Đè vạch dừng,"Video: demo_video.mp4, Frame: 35, Độ rõ: Rõ"
2026-02-07 02:59:51,97B0688,PHÁT HIỆN VI PHẠM VIDEO,Xe máy - 97B-0688 - Vi phạm: Đè vạch dừng,"Video: demo_video.mp4, Frame: 40, Độ rõ: Rõ"
2026-02-07 02:59:51,91B58,PHÁT HIỆN VI PHẠM VIDEO,Xe máy - 91B-58 - Vi phạm: Đè vạch dừng,"Video: demo_video.mp4, Frame: 50, Độ rõ: Rõ"
2026-02-07 02:59:51,5910861,PHÁT HIỆN VI PHẠM VIDEO,Xe máy - 59-10861,"Video: demo_video.mp4, Frame: 110, Độ rõ: Rõ"
2026-02-07 02:59:51,59R12,PHÁT HIỆN VI PHẠM VIDEO,Xe máy - 59R-12 (Mờ),"Video: demo_video.mp4, Frame: 125, Độ rõ: Mờ"
2026-02-07 02:59:51,9R1212,PHÁT HIỆN VI PHẠM VIDEO,Xe máy - 9R-1212 (Mờ),"Video: demo_video.mp4, Frame: 135, Độ rõ: Mờ"
2026-02-07 02:59:51,59R7821,PHÁT HIỆN VI PHẠM VIDEO,Xe máy - 59R-7821,"Video: demo_video.mp4, Frame: 145, Độ rõ: Rõ"
2026-02-07 02:59:51,59214,PHÁT HIỆN VI PHẠM VIDEO,Xe máy - 59-214 - Vi phạm: Đè vạch dừng,"Video: demo_video.mp4, Frame: 150, Độ rõ: Rõ"
2026-02-07 02:59:51,6918214,PHÁT HIỆN VI PHẠM VIDEO,Xe máy - 69-18214 - Vi phạm: Đè vạch dừng,"Video: demo_video.mp4, Frame: 155, Độ rõ: Rõ"
2026-02-07 02:59:51,59R18214,PHÁT HIỆN VI PHẠM VIDEO,Xe máy - 59R-18214 - Vi phạm: Đè vạch dừng,"Video: demo_video.mp4, Frame: 160, Độ rõ: Rõ"
2026-02-07 02:59:51,59RA18214,PHÁT HIỆN VI PHẠM VIDEO,Xe máy - 59RA-18214 - Vi phạm: Đè vạch dừng,"Video: demo_video.mp4, Frame: 165, Độ rõ: Rõ"
2026-02-07 02:59:51,69RA18214,PHÁT HIỆN VI PHẠM VIDEO,Xe máy - 69RA-18214 - Vi phạm: Đè vạch dừng,"Video: demo_video.mp4, Frame: 170, Độ rõ: Rõ"
2026-02-07 02:59:51,69R1821,PHÁT HIỆN VI PHẠM VIDEO,Xe máy - 69R-1821 - Vi phạm: Đè vạch dừng,"Video: demo_video.mp4, Frame: 185, Độ rõ: Rõ"
2026-02-07 02:59:51,5917214,PHÁT HIỆN VI PHẠM VIDEO,Xe máy - 59-17214 - Vi phạm: Đè vạch dừng,"Video: demo_video.mp4, Frame: 205, Độ rõ: Rõ"
2026-02-07 02:59:51,59R2553,PHÁT HIỆN VI PHẠM VIDEO,Xe máy - 59R2-553,"Video: demo_video.mp4, Frame: 350, Độ rõ: Rõ"
2026-02-07 02:59:51,59T321650,PHÁT HIỆN VI PHẠM VIDEO,Xe máy - 59T3-21650,"Video: demo_video.mp4, Frame: 420, Độ rõ: Rõ"
2026-02-07 02:59:51,592T321650,PHÁT HIỆN VI PHẠM VIDEO,Xe máy - 592T3-21650,"Video: demo_video.mp4, Frame: 425, Độ rõ: Rõ"
2026-02-07 02:59:51,50E10630,PHÁT HIỆN VI PHẠM VIDEO,Xe máy - 50E-10630,"Video: demo_video.mp4, Frame: 490, Độ rõ: Rõ"
2026-02-07 02:59:51,6DE10623D,PHÁT HIỆN VI PHẠM VIDEO,Xe máy - 6DE-10623D,"Video: demo_video.mp4, Frame: 500, Độ rõ: Rõ"
2026-02-07 02:59:57,59706868,PHÁT HIỆN VI PHẠM,Xe máy - 597-06868 - Vi phạm: Đè vạch dừng,Video: demo_video.mp4 - Frame 35
2026-02-07 02:59:57,97B0688,PHÁT HIỆN VI PHẠM,Xe máy - 97B-0688 - Vi phạm: Đè vạch dừng,Video: demo_video.mp4 - Frame 40
2026-02-07 02:59:58,91B58,PHÁT HIỆN VI PHẠM,Xe máy - 91B-58 - Vi phạm: Đè vạch dừng,Video: demo_video.mp4 - Frame 50
2026-02-07 03:00:03,59214,PHÁT HIỆN VI PHẠM,Xe máy - 59-214 - Vi phạm: Đè vạch dừng,Video: demo_video.mp4 - Frame 150
2026-02-07 03:00:04,6918214,PHÁT HIỆN VI PHẠM,Xe máy - 69-18214 - Vi phạm: Đè vạch dừng,Video: demo_video.mp4 - Frame 155
2026-02-07 03:00:04,59R18214,PHÁT HIỆN VI PHẠM,Xe máy - 59R-18214 - Vi phạm: Đè vạch dừng,Video: demo_video.mp4 - Frame 160
2026-02-07 03:00:04,59RA18214,PHÁT HIỆN VI PHẠM,Xe máy - 59RA-18214 - Vi phạm: Đè vạch dừng,Video: demo_video.mp4 - Frame 165
2026-02-07 03:00:05,69RA18214,PHÁT HIỆN VI PHẠM,Xe máy - 69RA-18214 - Vi phạm: Đè vạch dừng,Video: demo_video.mp4 - Frame 170
2026-02-07 03:00:06,69R1821,PHÁT HIỆN VI PHẠM,Xe máy - 69R-1821 - Vi phạm: Đè vạch dừng,Video: demo_video.mp4 - Frame 185
2026-02-07 03:00:07,5917214,PHÁT HIỆN VI PHẠM,Xe máy - 59-17214 - Vi phạm: Đè vạch dừng,Video: demo_video.mp4 - Frame 205
2026-02-07 03:00:24,597B05868,PHÁT HIỆN VI PHẠM VIDEO,Xe máy - 597B-05868,"Video: demo_video.mp4, Frame: 5, Độ rõ: Rõ"
2026-02-07 03:00:24,59B05868,PHÁT HIỆN VI PHẠM VIDEO,Xe máy - 59B-05868,"Video: demo_video.mp4, Frame: 15, Độ rõ: Rõ"
2026-02-07 03:00:24,59B0568,PHÁT HIỆN VI PHẠM VIDEO,Xe máy - 59B-0568,"Video: demo_video.mp4, Frame: 20, Độ rõ: Rõ"
2026-02-07 03:00:24,47A61773,PHÁT HIỆN VI PHẠM VIDEO,Xe máy - 47A-61773,"Video: demo_video.mp4, Frame: 25, Độ rõ: Rõ"
2026-02-07 03:00:24,597B06868,PHÁT HIỆN VI PHẠM VIDEO,Xe máy - 597B-06868,"Video: demo_video.mp4, Frame: 30, Độ rõ: Rõ"
2026-02-07 03:00:24,59706868,PHÁT HIỆN VI PHẠM VIDEO,Xe máy - 597-06868 - Vi phạm: Đè vạch dừng,"Video: demo_video.mp4, Frame: 35, Độ rõ: Rõ"
2026-02-07 03:00:24,97B0688,PHÁT HIỆN VI PHẠM VIDEO,Xe máy - 97B-0688 - Vi phạm: Đè vạch dừng,"Video: demo_video.mp4, Frame: 40, Độ rõ: Rõ"
2026-02-07 03:00:24,91B58,PHÁT HIỆN VI PHẠM VIDEO,Xe máy - 91B-58 - Vi phạm: Đè vạch dừng,"Video: demo_video.mp4, Frame: 50, Độ rõ: Rõ"
2026-02-07 03:00:24,5910861,PHÁT HIỆN VI PHẠM VIDEO,Xe máy - 59-10861,"Video: demo_video.mp4, Frame: 110, Độ rõ: Rõ"
2026-02-07 03:00:24,59R12,PHÁT HIỆN VI PHẠM VIDEO,Xe máy - 59R-12 (Mờ),"Video: demo_video.mp4, Frame: 125, Độ rõ: Mờ"
2026-02-07 03:00:24,9R1212,PHÁT HIỆN VI PHẠM VIDEO,Xe máy - 9R-1212 (Mờ),"Video: demo_video.mp4, Frame: 135, Độ rõ: Mờ"
2026-02-07 03:00:24,59R7821,PHÁT HIỆN VI PHẠM VIDEO,Xe máy - 59R-7821,"Video: demo_video.mp4, Frame: 145, Độ rõ: Rõ"
2026-02-07 03:00:24,59214,PHÁT HIỆN VI PHẠM VIDEO,Xe máy - 59-214 - Vi phạm: Đè vạch dừng,"Video: demo_video.mp4, Frame: 150, Độ rõ: Rõ"
2026-02-07 03:00:24,6918214,PHÁT HIỆN VI PHẠM VIDEO,Xe máy - 69-18214 - Vi phạm: Đè vạch dừng,"Video: demo_video.mp4, Frame: 155, Độ rõ: Rõ"
2026-02-07 03:00:24,59R18214,PHÁT HIỆN VI PHẠM VIDEO,Xe máy - 59R-18214 - Vi phạm: Đè vạch dừng,"Video: demo_video.mp4, Frame: 160, Độ rõ: Rõ"
2026-02-07 03:00:24,59RA18214,PHÁT HIỆN VI PHẠM VIDEO,Xe máy - 59RA-18214 - Vi phạm: Đè vạch dừng,"Video: demo_video.mp4, Frame: 165, Độ rõ: Rõ"
2026-02-07 03:00:24,69RA18214,PHÁT HIỆN VI PHẠM VIDEO,Xe máy - 69RA-18214 - Vi phạm: Đè vạch dừng,"Video: demo_video.mp4, Frame: 170, Độ rõ: Rõ"
2026-02-07 03:00:24,69R1821,PHÁT HIỆN VI PHẠM VIDEO,Xe máy - 69R-1821 - Vi phạm: Đè vạch dừng,"Video: demo_video.mp4, Frame: 185, Độ rõ: Rõ"
2026-02-07 03:00:24,5917214,PHÁT HIỆN VI PHẠM VIDEO,Xe máy - 59-17214 - Vi phạm: Đè vạch dừng,"Video: demo_video.mp4, Frame: 205, Độ rõ: Rõ"
2026-02-07 03:00:24,59R2553,PHÁT HIỆN VI PHẠM VIDEO,Xe máy - 59R2-553,"Video: demo_video.mp4, Frame: 350, Độ rõ: Rõ"
2026-02-07 03:00:24,59T321650,PHÁT HIỆN VI PHẠM VIDEO,Xe máy - 59T3-21650,"Video: demo_video.mp4, Frame: 420, Độ rõ: Rõ"
2026-02-07 03:00:24,592T321650,PHÁT HIỆN VI PHẠM VIDEO,Xe máy - 592T3-21650,"Video: demo_video.mp4, Frame: 425, Độ rõ: Rõ"
2026-02-07 03:00:24,50E10630,PHÁT HIỆN VI PHẠM VIDEO,Xe máy - 50E-10630,"Video: demo_video.mp4, Frame: 490, Độ rõ: Rõ"
2026-02-07 03:00:24,6DE10623D,PHÁT HIỆN VI PHẠM VIDEO,Xe máy - 6DE-10623D,"Video: demo_video.mp4, Frame: 500, Độ rõ: Rõ"
2026-02-07 03:02:31,59706868,PHÁT HIỆN VI PHẠM,Xe máy - 597-06868 - Vi phạm: Đè vạch dừng,Video: demo_video.mp4 - Frame 35
2026-02-07 03:02:31,97B0688,PHÁT HIỆN VI PHẠM,Xe máy - 97B-0688 - Vi phạm: Đè vạch dừng,Video: demo_video.mp4 - Frame 40
2026-02-07 03:02:32,91B58,PHÁT HIỆN VI PHẠM,Xe máy - 91B-58 - Vi phạm: Đè vạch dừng,Video: demo_video.mp4 - Frame 50
2026-02-07 03:02:37,59214,PHÁT HIỆN VI PHẠM,Xe máy - 59-214 - Vi phạm: Đè vạch dừng,Video: demo_video.mp4 - Frame 150
2026-02-07 03:02:38,6918214,PHÁT HIỆN VI PHẠM,Xe máy - 69-18214 - Vi phạm: Đè vạch dừng,Video: demo_video.mp4 - Frame 155
2026-02-07 03:02:38,59R18214,PHÁT HIỆN VI PHẠM,Xe máy - 59R-18214 - Vi phạm: Đè vạch dừng,Video: demo_video.mp4 - Frame 160
2026-02-07 03:02:38,59RA18214,PHÁT HIỆN VI PHẠM,Xe máy - 59RA-18214 - Vi phạm: Đè vạch dừng,Video: demo_video.mp4 - Frame 165
2026-02-07 03:02:39,69RA18214,PHÁT HIỆN VI PHẠM,Xe máy - 69RA-18214 - Vi phạm: Đè vạch dừng,Video: demo_video.mp4 - Frame 170
2026-02-07 03:02:40,69R1821,PHÁT HIỆN VI PHẠM,Xe máy - 69R-1821 - Vi phạm: Đè vạch dừng,Video: demo_video.mp4 - Frame 185
2026-02-07 03:02:41,5917214,PHÁT HIỆN VI PHẠM,Xe máy - 59-17214 - Vi phạm: Đè vạch dừng,Video: demo_video.mp4 - Frame 205
2026-02-07 03:02:57,597B05868,PHÁT HIỆN VI PHẠM VIDEO,Xe máy - 597B-05868,"Video: demo_video.mp4, Frame: 5, Độ rõ: Rõ"
2026-02-07 03:02:57,59B05868,PHÁT HIỆN VI PHẠM VIDEO,Xe máy - 59B-05868,"Video: demo_video.mp4, Frame: 15, Độ rõ: Rõ"
2026-02-07 03:02:57,59B0568,PHÁT HIỆN VI PHẠM VIDEO,Xe máy - 59B-0568,"Video: demo_video.mp4, Frame: 20, Độ rõ: Rõ"
2026-02-07 03:02:57,47A61773,PHÁT HIỆN VI PHẠM VIDEO,Xe máy - 47A-61773,"Video: demo_video.mp4, Frame: 25, Độ rõ: Rõ"
2026-02-07 03:02:57,597B06868,PHÁT HIỆN VI PHẠM VIDEO,Xe máy - 597B-06868,"Video: demo_video.mp4, Frame: 30, Độ rõ: Rõ"
2026-02-07 03:02:57,59706868,PHÁT HIỆN VI PHẠM VIDEO,Xe máy - 597-06868 - Vi phạm: Đè vạch dừng,"Video: demo_video.mp4, Frame: 35, Độ rõ: Rõ"
2026-02-07 03:02:57,97B0688,PHÁT HIỆN VI PHẠM VIDEO,Xe máy - 97B-0688 - Vi phạm: Đè vạch dừng,"Video: demo_video.mp4, Frame: 40, Độ rõ: Rõ"
2026-02-07 03:02:57,91B58,PHÁT HIỆN VI PHẠM VIDEO,Xe máy - 91B-58 - Vi phạm: Đè vạch dừng,"Video: demo_video.mp4, Frame: 50, Độ rõ: Rõ"
2026-02-07 03:02:57,5910861,PHÁT HIỆN VI PHẠM VIDEO,Xe máy - 59-10861,"Video: demo_video.mp4, Frame: 110, Độ rõ: Rõ"
2026-02-07 03:02:57,59R12,PHÁT HIỆN VI PHẠM VIDEO,Xe máy - 59R-12 (Mờ),"Video: demo_video.mp4, Frame: 125, Độ rõ: Mờ"
2026-02-07 03:02:57,9R1212,PHÁT HIỆN VI PHẠM VIDEO,Xe máy - 9R-1212 (Mờ),"Video: demo_video.mp4, Frame: 135, Độ rõ: Mờ"
2026-02-07 03:02:57,59R7821,PHÁT HIỆN VI PHẠM VIDEO,Xe máy - 59R-7821,"Video: demo_video.mp4, Frame: 145, Độ rõ: Rõ"
2026-02-07 03:02:57,59214,PHÁT HIỆN VI PHẠM VIDEO,Xe máy - 59-214 - Vi phạm: Đè vạch dừng,"Video: demo_video.mp4, Frame: 150, Độ rõ: Rõ"
2026-02-07 03:02:57,6918214,PHÁT HIỆN VI PHẠM VIDEO,Xe máy - 69-18214 - Vi phạm: Đè vạch dừng,"Video: demo_video.mp4, Frame: 155, Độ rõ: Rõ"
2026-02-07 03:02:57,59R18214,PHÁT HIỆN VI PHẠM VIDEO,Xe máy - 59R-18214 - Vi phạm: Đè vạch dừng,"Video: demo_video.mp4, Frame: 160, Độ rõ: Rõ"
2026-02-07 03:02:57,59RA18214,PHÁT HIỆN VI PHẠM VIDEO,Xe máy - 59RA-18214 - Vi phạm: Đè vạch dừng,"Video: demo_video.mp4, Frame: 165, Độ rõ: Rõ"
2026-02-07 03:02:57,69RA18214,PHÁT HIỆN VI PHẠM VIDEO,Xe máy - 69RA-18214 - Vi phạm: Đè vạch dừng,"Video: demo_video.mp4, Frame: 170, Độ rõ: Rõ"
2026-02-07 03:02:57,69R1821,PHÁT HIỆN VI PHẠM VIDEO,Xe máy - 69R-1821 - Vi phạm: Đè vạch dừng,"Video: demo_video.mp4, Frame: 185, Độ rõ: Rõ"
2026-02-07 03:02:57,5917214,PHÁT HIỆN VI PHẠM VIDEO,Xe máy - 59-17214 - Vi phạm: Đè vạch dừng,"Video: demo_video.mp4, Frame: 205, Độ rõ: Rõ"
2026-02-07 03:02:57,59R2553,PHÁT HIỆN VI PHẠM VIDEO,Xe máy - 59R2-553,"Video: demo_video.mp4, Frame: 350, Độ rõ: Rõ"
2026-02-07 03:02:57,59T321650,PHÁT HIỆN VI PHẠM VIDEO,Xe máy - 59T3-21650,"Video: demo_video.mp4, Frame: 420, Độ rõ: Rõ"
2026-02-07 03:02:57,592T321650,PHÁT HIỆN VI PHẠM VIDEO,Xe máy - 592T3-21650,"Video: demo_video.mp4, Frame: 425, Độ rõ: Rõ"
2026-02-07 03:02:57,50E10630,PHÁT HIỆN VI PHẠM VIDEO,Xe máy - 50E-10630,"Video: demo_video.mp4, Frame: 490, Độ rõ: Rõ"
2026-02-07 03:02:57,6DE10623D,PHÁT HIỆN VI PHẠM VIDEO,Xe máy - 6DE-10623D,"Video: demo_video.mp4, Frame: 500, Độ rõ: Rõ"
2026-02-07 03:04:27,59706868,PHÁT HIỆN VI PHẠM,Xe máy - 597-06868 - Vi phạm: Đè vạch dừng,Video: demo_video.mp4 - Frame 35
2026-02-07 03:04:28,97B0688,PHÁT HIỆN VI PHẠM,Xe máy - 97B-0688 - Vi phạm: Đè vạch dừng,Video: demo_video.mp4 - Frame 40
2026-02-07 03:04:28,91B58,PHÁT HIỆN VI PHẠM,Xe máy - 91B-58 - Vi phạm: Đè vạch dừng,Video: demo_video.mp4 - Frame 50
2026-02-07 03:04:34,59214,PHÁT HIỆN VI PHẠM,Xe máy - 59-214 - Vi phạm: Đè vạch dừng,Video: demo_video.mp4 - Frame 150
2026-02-07 03:04:34,6918214,PHÁT HIỆN VI PHẠM,Xe máy - 69-18214 - Vi phạm: Đè vạch dừng,Video: demo_video.mp4 - Frame 155
2026-02-07 03:04:35,59R18214,PHÁT HIỆN VI PHẠM,Xe máy - 59R-18214 - Vi phạm: Đè vạch dừng,Video: demo_video.mp4 - Frame 160
2026-02-07 03:04:35,59RA18214,PHÁT HIỆN VI PHẠM,Xe máy - 59RA-18214 - Vi phạm: Đè vạch dừng,Video: demo_video.mp4 - Frame 165
2026-02-07 03:04:35,69RA18214,PHÁT HIỆN VI PHẠM,Xe máy - 69RA-18214 - Vi phạm: Đè vạch dừng,Video: demo_video.mp4 - Frame 170
2026-02-07 03:04:36,69R1821,PHÁT HIỆN VI PHẠM,Xe máy - 69R-1821 - Vi phạm: Đè vạch dừng,Video: demo_video.mp4 - Frame 185
2026-02-07 03:04:37,5917214,PHÁT HIỆN VI PHẠM,Xe máy - 59-17214 - Vi phạm: Đè vạch dừng,Video: demo_video.mp4 - Frame 205
2026-02-07 03:04:53,597B05868,PHÁT HIỆN VI PHẠM VIDEO,Xe máy - 597B-05868,"Video: demo_video.mp4, Frame: 5, Độ rõ: Rõ"
2026-02-07 03:04:53,59B05868,PHÁT HIỆN VI PHẠM VIDEO,Xe máy - 59B-05868,"Video: demo_video.mp4, Frame: 15, Độ rõ: Rõ"
2026-02-07 03:04:53,59B0568,PHÁT HIỆN VI PHẠM VIDEO,Xe máy - 59B-0568,"Video: demo_video.mp4, Frame: 20, Độ rõ: Rõ"
2026-02-07 03:04:53,47A61773,PHÁT HIỆN VI PHẠM VIDEO,Xe máy - 47A-61773,"Video: demo_video.mp4, Frame: 25, Độ rõ: Rõ"
2026-02-07 03:04:53,597B06868,PHÁT HIỆN VI PHẠM VIDEO,Xe máy - 597B-06868,"Video: demo_video.mp4, Frame: 30, Độ rõ: Rõ"
2026-02-07 03:04:53,59706868,PHÁT HIỆN VI PHẠM VIDEO,Xe máy - 597-06868 - Vi phạm: Đè vạch dừng,"Video: demo_video.mp4, Frame: 35, Độ rõ: Rõ"
2026-02-07 03:04:53,97B0688,PHÁT HIỆN VI PHẠM VIDEO,Xe máy - 97B-0688 - Vi phạm: Đè vạch dừng,"Video: demo_video.mp4, Frame: 40, Độ rõ: Rõ"
2026-02-07 03:04:53,91B58,PHÁT HIỆN VI PHẠM VIDEO,Xe máy - 91B-58 - Vi phạm: Đè vạch dừng,"Video: demo_video.mp4, Frame: 50, Độ rõ: Rõ"
2026-02-07 03:04:53,5910861,PHÁT HIỆN VI PHẠM VIDEO,Xe máy - 59-10861,"Video: demo_video.mp4, Frame: 110, Độ rõ: Rõ"
2026-02-07 03:04:53,59R12,PHÁT HIỆN VI PHẠM VIDEO,Xe máy - 59R-12 (Mờ),"Video: demo_video.mp4, Frame: 125, Độ rõ: Mờ"
2026-02-07 03:04:53,9R1212,PHÁT HIỆN VI PHẠM VIDEO,Xe máy - 9R-1212 (Mờ),"Video: demo_video.mp4, Frame: 135, Độ rõ: Mờ"
2026-02-07 03:04:53,59R7821,PHÁT HIỆN VI PHẠM VIDEO,Xe máy - 59R-7821,"Video: demo_video.mp4, Frame: 145, Độ rõ: Rõ"
2026-02-07 03:04:53,59214,PHÁT HIỆN VI PHẠM VIDEO,Xe máy - 59-214 - Vi phạm: Đè vạch dừng,"Video: demo_video.mp4, Frame: 150, Độ rõ: Rõ"
2026-02-07 03:04:53,6918214,PHÁT HIỆN VI PHẠM VIDEO,Xe máy - 69-18214 - Vi phạm: Đè vạch dừng,"Video: demo_video.mp4, Frame: 155, Độ rõ: Rõ"
2026-02-07 03:04:53,59R18214,PHÁT HIỆN VI PHẠM VIDEO,Xe máy - 59R-18214 - Vi phạm: Đè vạch dừng,"Video: demo_video.mp4, Frame: 160, Độ rõ: Rõ"
2026-02-07 03:04:53,59RA18214,PHÁT HIỆN VI PHẠM VIDEO,Xe máy - 59RA-18214 - Vi phạm: Đè vạch dừng,"Video: demo_video.mp4, Frame: 165, Độ rõ: Rõ"
2026-02-07 03:04:53,69RA18214,PHÁT HIỆN VI PHẠM VIDEO,Xe máy - 69RA-18214 - Vi phạm: Đè vạch dừng,"Video: demo_video.mp4, Frame: 170, Độ rõ: Rõ"
2026-02-07 03:04:53,69R1821,PHÁT HIỆN VI PHẠM VIDEO,Xe máy - 69R-1821 - Vi phạm: Đè vạch dừng,"Video: demo_video.mp4, Frame: 185, Độ rõ: Rõ"
2026-02-07 03:04:53,5917214,PHÁT HIỆN VI PHẠM VIDEO,Xe máy - 59-17214 - Vi phạm: Đè vạch dừng,"Video: demo_video.mp4, Frame: 205, Độ rõ: Rõ"
2026-02-07 03:04:53,59R2553,PHÁT HIỆN VI PHẠM VIDEO,Xe máy - 59R2-553,"Video: demo_video.mp4, Frame: 350, Độ rõ: Rõ"
2026-02-07 03:04:53,59T321650,PHÁT HIỆN VI PHẠM VIDEO,Xe máy - 59T3-21650,"Video: demo_video.mp4, Frame: 420, Độ rõ: Rõ"
2026-02-07 03:04:53,592T321650,PHÁT HIỆN VI PHẠM VIDEO,Xe máy - 592T3-21650,"Video: demo_video.mp4, Frame: 425, Độ rõ: Rõ"
2026-02-07 03:04:53,50E10630,PHÁT HIỆN VI PHẠM VIDEO,Xe máy - 50E-10630,"Video: demo_video.mp4, Frame: 490, Độ rõ: Rõ"
2026-02-07 03:04:53,6DE10623D,PHÁT HIỆN VI PHẠM VIDEO,Xe máy - 6DE-10623D,"Video: demo_video.mp4, Frame: 500, Độ rõ: Rõ"
2026-02-07 03:09:59,1X1408503,PHÁT HIỆN VI PHẠM,Xe máy - 1X14-08503 - Vi phạm: Đè vạch dừng,Video: demo_video.mp4 - Frame 5
2026-02-07 03:10:00,81108503,PHÁT HIỆN VI PHẠM,Xe máy - 811-08503 - Vi phạm: Đè vạch dừng,Video: demo_video.mp4 - Frame 10
2026-02-07 03:10:03,59706868,PHÁT HIỆN VI PHẠM,Xe máy - 597-06868 - Vi phạm: Đè vạch dừng,Video: demo_video.mp4 - Frame 35
2026-02-07 03:10:04,97B0688,PHÁT HIỆN VI PHẠM,Xe máy - 97B-0688 - Vi phạm: Đè vạch dừng,Video: demo_video.mp4 - Frame 40
2026-02-07 03:10:05,91B58,PHÁT HIỆN VI PHẠM,Xe máy - 91B-58 - Vi phạm: Đè vạch dừng,Video: demo_video.mp4 - Frame 50
2026-02-07 03:10:06,8,PHÁT HIỆN VI PHẠM,Xe máy - -8 - Vi phạm: Đè vạch dừng,Video: demo_video.mp4 - Frame 50
2026-02-07 03:10:15,61H159850,PHÁT HIỆN VI PHẠM,Xe máy - 61H1-59850 - Vi phạm: Đè vạch dừng,Video: demo_video.mp4 - Frame 135
2026-02-07 03:10:16,59214,PHÁT HIỆN VI PHẠM,Xe máy - 59-214 - Vi phạm: Đè vạch dừng,Video: demo_video.mp4 - Frame 150
2026-02-07 03:10:17,6918214,PHÁT HIỆN VI PHẠM,Xe máy - 69-18214 - Vi phạm: Đè vạch dừng,Video: demo_video.mp4 - Frame 155
2026-02-07 03:10:17,61R159850,PHÁT HIỆN VI PHẠM,Xe máy - 61R1-59850 - Vi phạm: Đè vạch dừng,Video: demo_video.mp4 - Frame 155
2026-02-07 03:10:18,59R18214,PHÁT HIỆN VI PHẠM,Xe máy - 59R-18214 - Vi phạm: Đè vạch dừng,Video: demo_video.mp4 - Frame 160
2026-02-07 03:10:18,59RA18214,PHÁT HIỆN VI PHẠM,Xe máy - 59RA-18214 - Vi phạm: Đè vạch dừng,Video: demo_video.mp4 - Frame 165
2026-02-07 03:10:19,69RA18214,PHÁT HIỆN VI PHẠM,Xe máy - 69RA-18214 - Vi phạm: Đè vạch dừng,Video: demo_video.mp4 - Frame 170
2026-02-07 03:10:20,5R18214,PHÁT HIỆN VI PHẠM,Xe máy - 5R-18214 - Vi phạm: Đè vạch dừng,Video: demo_video.mp4 - Frame 180
2026-02-07 03:10:20,R59850,PHÁT HIỆN VI PHẠM,Xe máy - R-59850 - Vi phạm: Đè vạch dừng,Video: demo_video.mp4 - Frame 180
2026-02-07 03:10:21,69R1821,PHÁT HIỆN VI PHẠM,Xe máy - 69R-1821 - Vi phạm: Đè vạch dừng,Video: demo_video.mp4 - Frame 185
2026-02-07 03:10:21,1Z15980,PHÁT HIỆN VI PHẠM,Xe máy - 1Z1-5980 - Vi phạm: Đè vạch dừng,Video: demo_video.mp4 - Frame 185
2026-02-07 03:10:22,59R121,PHÁT HIỆN VI PHẠM,Xe máy - 59R-121 - Vi phạm: Đè vạch dừng,Video: demo_video.mp4 - Frame 190
2026-02-07 03:10:22,59A18214,PHÁT HIỆN VI PHẠM,Xe máy - 59A-18214 - Vi phạm: Đè vạch dừng,Video: demo_video.mp4 - Frame 195
2026-02-07 03:10:23,59R1821,PHÁT HIỆN VI PHẠM,Xe máy - 59R-1821 - Vi phạm: Đè vạch dừng,Video: demo_video.mp4 - Frame 200
2026-02-07 03:10:23,5917214,PHÁT HIỆN VI PHẠM,Xe máy - 59-17214 - Vi phạm: Đè vạch dừng,Video: demo_video.mp4 - Frame 205
2026-02-07 03:10:24,59R8214,PHÁT HIỆN VI PHẠM,Xe máy - 59R-8214 - Vi phạm: Đè vạch dừng,Video: demo_video.mp4 - Frame 210
2026-02-07 03:10:25,5982,PHÁT HIỆN VI PHẠM,Xe máy - 59-82 - Vi phạm: Đè vạch dừng,Video: demo_video.mp4 - Frame 215
2026-02-07 03:10:25,5005,PHÁT HIỆN VI PHẠM,Xe máy - 500-5 - Vi phạm: Đè vạch dừng,Video: demo_video.mp4 - Frame 220
2026-02-07 03:10:26,Z8721,PHÁT HIỆN VI PHẠM,Xe máy - Z-8721 (Mờ),Video: demo_video.mp4 - Frame 230
2026-02-07 03:10:27,814,PHÁT HIỆN VI PHẠM,Xe máy - 8-14 - Vi phạm: Đè vạch dừng,Video: demo_video.mp4 - Frame 235
2026-02-07 03:10:32,59807,PHÁT HIỆN VI PHẠM,Xe máy - 59-807 - Vi phạm: Đè vạch dừng,Video: demo_video.mp4 - Frame 285
2026-02-07 03:10:32,59178D079,PHÁT HIỆN VI PHẠM,Xe máy - 591-78D079 - Vi phạm: Đè vạch dừng,Video: demo_video.mp4 - Frame 290
2026-02-07 03:10:33,519178079,PHÁT HIỆN VI PHẠM,Xe máy - 5191-78079 - Vi phạm: Đè vạch dừng,Video: demo_video.mp4 - Frame 295
2026-02-07 03:10:33,59P1178079,PHÁT HIỆN VI PHẠM,Xe máy - 59P11-78079 - Vi phạm: Đè vạch dừng,Video: demo_video.mp4 - Frame 300
2026-02-07 03:10:34,591178079,PHÁT HIỆN VI PHẠM,Xe máy - 5911-78079 - Vi phạm: Đè vạch dừng,Video: demo_video.mp4 - Frame 305
2026-02-07 03:10:36,59178079,PHÁT HIỆN VI PHẠM,Xe máy - 591-78079 - Vi phạm: Đè vạch dừng,Video: demo_video.mp4 - Frame 330
2026-02-07 03:10:37,178B2,PHÁT HIỆN VI PHẠM,Xe máy - 1-78B2 - Vi phạm: Đè vạch dừng,Video: demo_video.mp4 - Frame 340
2026-02-07 03:10:42,52425,PHÁT HIỆN VI PHẠM,Xe máy - 52-425 - Vi phạm: Đè vạch dừng,Video: demo_video.mp4 - Frame 375
2026-02-07 03:10:42,524253,PHÁT HIỆN VI PHẠM,Xe máy - 52-4253 - Vi phạm: Đè vạch dừng,Video: demo_video.mp4 - Frame 380
2026-02-07 03:10:43,3242353,PHÁT HIỆN VI PHẠM,Xe máy - 32-42353 - Vi phạm: Đè vạch dừng,Video: demo_video.mp4 - Frame 385
2026-02-07 03:10:43,242553,PHÁT HIỆN VI PHẠM,Xe máy - 2-42553 - Vi phạm: Đè vạch dừng,Video: demo_video.mp4 - Frame 390
2026-02-07 03:10:48,59T21630,PHÁT HIỆN VI PHẠM,Xe máy - 59T-21630 - Vi phạm: Đè vạch dừng,Video: demo_video.mp4 - Frame 440
2026-02-07 03:10:49,59321650,PHÁT HIỆN VI PHẠM,Xe máy - 593-21650 - Vi phạm: Đè vạch dừng,Video: demo_video.mp4 - Frame 445
2026-02-07 03:10:51,39T321650,PHÁT HIỆN VI PHẠM,Xe máy - 39T3-21650 - Vi phạm: Đè vạch dừng,Video: demo_video.mp4 - Frame 465
2026-02-07 03:10:53,39V321650,PHÁT HIỆN VI PHẠM,Xe máy - 39V3-21650 - Vi phạm: Đè vạch dừng,Video: demo_video.mp4 - Frame 475
2026-02-07 03:10:55,59321630,PHÁT HIỆN VI PHẠM,Xe máy - 593-21630 - Vi phạm: Đè vạch dừng,Video: demo_video.mp4 - Frame 490
2026-02-07 03:10:56,Y960218E0,PHÁT HIỆN VI PHẠM,Xe máy - Y960-218E0 - Vi phạm: Đè vạch dừng,Video: demo_video.mp4 - Frame 500
2026-02-07 03:10:57,59321760,PHÁT HIỆN VI PHẠM,Xe máy - 593-21760 - Vi phạm: Đè vạch dừng,Video: demo_video.mp4 - Frame 505
2026-02-07 03:10:57,597B05868,PHÁT HIỆN VI PHẠM VIDEO,Xe máy - 597B-05868,"Video: demo_video.mp4, Frame: 5, Độ rõ: Rõ"
2026-02-07 03:10:57,1X1408503,PHÁT HIỆN VI PHẠM VIDEO,Xe máy - 1X14-08503 - Vi phạm: Đè vạch dừng,"Video: demo_video.mp4, Frame: 5, Độ rõ: Rõ"
2026-02-07 03:10:57,47A61773,PHÁT HIỆN VI PHẠM VIDEO,Xe máy - 47A-61773,"Video: demo_video.mp4, Frame: 5, Độ rõ: Rõ"
2026-02-07 03:10:57,910861,PHÁT HIỆN VI PHẠM VIDEO,Xe máy - 9-10861,"Video: demo_video.mp4, Frame: 5, Độ rõ: Rõ"
2026-02-07 03:10:57,81108503,PHÁT HIỆN VI PHẠM VIDEO,Xe máy - 811-08503 - Vi phạm: Đè vạch dừng,"Video: demo_video.mp4, Frame: 10, Độ rõ: Rõ"
2026-02-07 03:10:57,59B05868,PHÁT HIỆN VI PHẠM VIDEO,Xe máy - 59B-05868,"Video: demo_video.mp4, Frame: 15, Độ rõ: Rõ"
2026-02-07 03:10:57,59B0568,PHÁT HIỆN VI PHẠM VIDEO,Xe máy - 59B-0568,"Video: demo_video.mp4, Frame: 20, Độ rõ: Rõ"
2026-02-07 03:10:57,97B06868,PHÁT HIỆN VI PHẠM VIDEO,Xe máy - 97B-06868,"Video: demo_video.mp4, Frame: 25, Độ rõ: Rõ"
2026-02-07 03:10:57,51861,PHÁT HIỆN VI PHẠM VIDEO,Xe máy - 5-1861,"Video: demo_video.mp4, Frame: 25, Độ rõ: Rõ"
2026-02-07 03:10:57,597B06868,PHÁT HIỆN VI PHẠM VIDEO,Xe máy - 597B-06868,"Video: demo_video.mp4, Frame: 30, Độ rõ: Rõ"
2026-02-07 03:10:57,59706868,PHÁT HIỆN VI PHẠM VIDEO,Xe máy - 597-06868 - Vi phạm: Đè vạch dừng,"Video: demo_video.mp4, Frame: 35, Độ rõ: Rõ"
2026-02-07 03:10:57,97B0688,PHÁT HIỆN VI PHẠM VIDEO,Xe máy - 97B-0688 - Vi phạm: Đè vạch dừng,"Video: demo_video.mp4, Frame: 40, Độ rõ: Rõ"
2026-02-07 03:10:57,59B06868,PHÁT HIỆN VI PHẠM VIDEO,Xe máy - 59B-06868,"Video: demo_video.mp4, Frame: 45, Độ rõ: Rõ"
2026-02-07 03:10:57,70A26872,PHÁT HIỆN VI PHẠM VIDEO,Xe máy - 70A-26872,"Video: demo_video.mp4, Frame: 45, Độ rõ: Rõ"
2026-02-07 03:10:57,59410861,PHÁT HIỆN VI PHẠM VIDEO,Xe máy - 594-10861 (Mờ),"Video: demo_video.mp4, Frame: 45, Độ rõ: Mờ"
2026-02-07 03:10:57,91B58,PHÁT HIỆN VI PHẠM VIDEO,Xe máy - 91B-58 - Vi phạm: Đè vạch dừng,"Video: demo_video.mp4, Frame: 50, Độ rõ: Rõ"
2026-02-07 03:10:57,7D126872,PHÁT HIỆN VI PHẠM VIDEO,Xe máy - 7D1-26872,"Video: demo_video.mp4, Frame: 50, Độ rõ: Rõ"
2026-02-07 03:10:57,8,PHÁT HIỆN VI PHẠM VIDEO,Xe máy - -8 - Vi phạm: Đè vạch dừng,"Video: demo_video.mp4, Frame: 50, Độ rõ: Rõ"
2026-02-07 03:10:57,991081,PHÁT HIỆN VI PHẠM VIDEO,Xe máy - 99-1081,"Video: demo_video.mp4, Frame: 55, Độ rõ: Rõ"
2026-02-07 03:10:57,7DA26872,PHÁT HIỆN VI PHẠM VIDEO,Xe máy - 7DA-26872,"Video: demo_video.mp4, Frame: 55, Độ rõ: Rõ"
2026-02-07 03:10:57,X910861,PHÁT HIỆN VI PHẠM VIDEO,Xe máy - X9-10861,"Video: demo_video.mp4, Frame: 60, Độ rõ: Rõ"
2026-02-07 03:10:57,5910558,PHÁT HIỆN VI PHẠM VIDEO,Xe máy - 591-0558,"Video: demo_video.mp4, Frame: 65, Độ rõ: Rõ"
2026-02-07 03:10:57,5910861,PHÁT HIỆN VI PHẠM VIDEO,Xe máy - 59-10861,"Video: demo_video.mp4, Frame: 70, Độ rõ: Rõ"
2026-02-07 03:10:57,91110861,PHÁT HIỆN VI PHẠM VIDEO,Xe máy - 911-10861,"Video: demo_video.mp4, Frame: 75, Độ rõ: Rõ"
2026-02-07 03:10:57,59110861,PHÁT HIỆN VI PHẠM VIDEO,Xe máy - 591-10861,"Video: demo_video.mp4, Frame: 105, Độ rõ: Rõ"
2026-02-07 03:10:57,972,PHÁT HIỆN VI PHẠM VIDEO,Xe máy - 9-72 (Mờ),"Video: demo_video.mp4, Frame: 120, Độ rõ: Mờ"
2026-02-07 03:10:57,59R12,PHÁT HIỆN VI PHẠM VIDEO,Xe máy - 59R-12 (Mờ),"Video: demo_video.mp4, Frame: 125, Độ rõ: Mờ"
2026-02-07 03:10:57,F9824,PHÁT HIỆN VI PHẠM VIDEO,Xe máy - F9-824 (Mờ),"Video: demo_video.mp4, Frame: 130, Độ rõ: Mờ"
2026-02-07 03:10:57,9R1212,PHÁT HIỆN VI PHẠM VIDEO,Xe máy - 9R-1212 (Mờ),"Video: demo_video.mp4, Frame: 135, Độ rõ: Mờ"
2026-02-07 03:10:57,61H159850,PHÁT HIỆN VI PHẠM VIDEO,Xe máy - 61H1-59850 - Vi phạm: Đè vạch dừng,"Video: demo_video.mp4, Frame: 135, Độ rõ: Rõ"
2026-02-07 03:10:57,5R78214,PHÁT HIỆN VI PHẠM VIDEO,Xe máy - 5R-78214,"Video: demo_video.mp4, Frame: 140, Độ rõ: Rõ"
2026-02-07 03:10:57,59Y1161,PHÁT HIỆN VI PHẠM VIDEO,Xe máy - 59Y1-161,"Video: demo_video.mp4, Frame: 140, Độ rõ: Rõ"
2026-02-07 03:10:57,59R7821,PHÁT HIỆN VI PHẠM VIDEO,Xe máy - 59R-7821,"Video: demo_video.mp4, Frame: 145, Độ rõ: Rõ"
2026-02-07 03:10:57,59214,PHÁT HIỆN VI PHẠM VIDEO,Xe máy - 59-214 - Vi phạm: Đè vạch dừng,"Video: demo_video.mp4, Frame: 150, Độ rõ: Rõ"
2026-02-07 03:10:57,6918214,PHÁT HIỆN VI PHẠM VIDEO,Xe máy - 69-18214 - Vi phạm: Đè vạch dừng,"Video: demo_video.mp4, Frame: 155, Độ rõ: Rõ"
2026-02-07 03:10:57,61R159850,PHÁT HIỆN VI PHẠM VIDEO,Xe máy - 61R1-59850 - Vi phạm: Đè vạch dừng,"Video: demo_video.mp4, Frame: 155, Độ rõ: Rõ"
2026-02-07 03:10:57,59R18214,PHÁT HIỆN VI PHẠM VIDEO,Xe máy - 59R-18214 - Vi phạm: Đè vạch dừng,"Video: demo_video.mp4, Frame: 160, Độ rõ: Rõ"
2026-02-07 03:10:57,59RA18214,PHÁT HIỆN VI PHẠM VIDEO,Xe máy - 59RA-18214 - Vi phạm: Đè vạch dừng,"Video: demo_video.mp4, Frame: 165, Độ rõ: Rõ"
2026-02-07 03:10:57,69RA18214,PHÁT HIỆN VI PHẠM VIDEO,Xe máy - 69RA-18214 - Vi phạm: Đè vạch dừng,"Video: demo_video.mp4, Frame: 170, Độ rõ: Rõ"
2026-02-07 03:10:57,5R18214,PHÁT HIỆN VI PHẠM VIDEO,Xe máy - 5R-18214 - Vi phạm: Đè vạch dừng,"Video: demo_video.mp4, Frame: 180, Độ rõ: Rõ"
2026-02-07 03:10:57,R59850,PHÁT HIỆN VI PHẠM VIDEO,Xe máy - R-59850 - Vi phạm: Đè vạch dừng,"Video: demo_video.mp4, Frame: 180, Độ rõ: Rõ"
2026-02-07 03:10:57,69R1821,PHÁT HIỆN VI PHẠM VIDEO,Xe máy - 69R-1821 - Vi phạm: Đè vạch dừng,"Video: demo_video.mp4, Frame: 185, Độ rõ: Rõ"
2026-02-07 03:10:57,1Z15980,PHÁT HIỆN VI PHẠM VIDEO,Xe máy - 1Z1-5980 - Vi phạm: Đè vạch dừng,"Video: demo_video.mp4, Frame: 185, Độ rõ: Rõ"
2026-02-07 03:10:57,59R121,PHÁT HIỆN VI PHẠM VIDEO,Xe máy - 59R-121 - Vi phạm: Đè vạch dừng,"Video: demo_video.mp4, Frame: 190, Độ rõ: Rõ"
2026-02-07 03:10:57,59A18214,PHÁT HIỆN VI PHẠM VIDEO,Xe máy - 59A-18214 - Vi phạm: Đè vạch dừng,"Video: demo_video.mp4, Frame: 195, Độ rõ: Rõ"
2026-02-07 03:10:57,59R1821,PHÁT HIỆN VI PHẠM VIDEO,Xe máy - 59R-1821 - Vi phạm: Đè vạch dừng,"Video: demo_video.mp4, Frame: 200, Độ rõ: Rõ"
2026-02-07 03:10:57,5917214,PHÁT HIỆN VI PHẠM VIDEO,Xe máy - 59-17214 - Vi phạm: Đè vạch dừng,"Video: demo_video.mp4, Frame: 205, Độ rõ: Rõ"
2026-02-07 03:10:57,59R8214,PHÁT HIỆN VI PHẠM VIDEO,Xe máy - 59R-8214 - Vi phạm: Đè vạch dừng,"Video: demo_video.mp4, Frame: 210, Độ rõ: Rõ"
2026-02-07 03:10:57,8120,PHÁT HIỆN VI PHẠM VIDEO,Xe máy - 81-20,"Video: demo_video.mp4, Frame: 215, Độ rõ: Rõ"
2026-02-07 03:10:57,5982,PHÁT HIỆN VI PHẠM VIDEO,Xe máy - 59-82 - Vi phạm: Đè vạch dừng,"Video: demo_video.mp4, Frame: 215, Độ rõ: Rõ"
2026-02-07 03:10:57,5005,PHÁT HIỆN VI PHẠM VIDEO,Xe máy - 500-5 - Vi phạm: Đè vạch dừng,"Video: demo_video.mp4, Frame: 220, Độ rõ: Rõ"
2026-02-07 03:10:57,Z8721,PHÁT HIỆN VI PHẠM VIDEO,Xe máy - Z-8721 (Mờ),"Video: demo_video.mp4, Frame: 230, Độ rõ: Mờ"
2026-02-07 03:10:57,814,PHÁT HIỆN VI PHẠM VIDEO,Xe máy - 8-14 - Vi phạm: Đè vạch dừng,"Video: demo_video.mp4, Frame: 235, Độ rõ: Rõ"
2026-02-07 03:10:57,5,PHÁT HIỆN VI PHẠM VIDEO,Xe máy - -5,"Video: demo_video.mp4, Frame: 245, Độ rõ: Rõ"
2026-02-07 03:10:57,70A26822,PHÁT HIỆN VI PHẠM VIDEO,Xe máy - 70A-26822,"Video: demo_video.mp4, Frame: 260, Độ rõ: Rõ"
2026-02-07 03:10:57,591079,PHÁT HIỆN VI PHẠM VIDEO,Xe máy - 591-079,"Video: demo_video.mp4, Frame: 260, Độ rõ: Rõ"
2026-02-07 03:10:57,5R9Y778079,PHÁT HIỆN VI PHẠM VIDEO,Xe máy - 5R9Y7-78079,"Video: demo_video.mp4, Frame: 265, Độ rõ: Rõ"
2026-02-07 03:10:57,59807,PHÁT HIỆN VI PHẠM VIDEO,Xe máy - 59-807 - Vi phạm: Đè vạch dừng,"Video: demo_video.mp4, Frame: 285, Độ rõ: Rõ"
2026-02-07 03:10:57,59178D079,PHÁT HIỆN VI PHẠM VIDEO,Xe máy - 591-78D079 - Vi phạm: Đè vạch dừng,"Video: demo_video.mp4, Frame: 290, Độ rõ: Rõ"
2026-02-07 03:10:57,519178079,PHÁT HIỆN VI PHẠM VIDEO,Xe máy - 5191-78079 - Vi phạm: Đè vạch dừng,"Video: demo_video.mp4, Frame: 295, Độ rõ: Rõ"
2026-02-07 03:10:57,59P1178079,PHÁT HIỆN VI PHẠM VIDEO,Xe máy - 59P11-78079 - Vi phạm: Đè vạch dừng,"Video: demo_video.mp4, Frame: 300, Độ rõ: Rõ"
2026-02-07 03:10:57,591178079,PHÁT HIỆN VI PHẠM VIDEO,Xe máy - 5911-78079 - Vi phạm: Đè vạch dừng,"Video: demo_video.mp4, Frame: 305, Độ rõ: Rõ"
2026-02-07 03:10:57,59178079,PHÁT HIỆN VI PHẠM VIDEO,Xe máy - 591-78079 - Vi phạm: Đè vạch dừng,"Video: demo_video.mp4, Frame: 330, Độ rõ: Rõ"
2026-02-07 03:10:57,178B2,PHÁT HIỆN VI PHẠM VIDEO,Xe máy - 1-78B2 - Vi phạm: Đè vạch dừng,"Video: demo_video.mp4, Frame: 340, Độ rõ: Rõ"
2026-02-07 03:10:57,757,PHÁT HIỆN VI PHẠM VIDEO,Xe máy - 7-57,"Video: demo_video.mp4, Frame: 340, Độ rõ: Rõ"
2026-02-07 03:10:57,525E,PHÁT HIỆN VI PHẠM VIDEO,Xe máy - 52-5E,"Video: demo_video.mp4, Frame: 345, Độ rõ: Rõ"
2026-02-07 03:10:57,59R2553,PHÁT HIỆN VI PHẠM VIDEO,Xe máy - 59R2-553,"Video: demo_video.mp4, Frame: 350, Độ rõ: Rõ"
2026-02-07 03:10:57,59RR27553,PHÁT HIỆN VI PHẠM VIDEO,Xe máy - 59RR2-7553,"Video: demo_video.mp4, Frame: 355, Độ rõ: Rõ"
2026-02-07 03:10:57,59253,PHÁT HIỆN VI PHẠM VIDEO,Xe máy - 592-53,"Video: demo_video.mp4, Frame: 360, Độ rõ: Rõ"
2026-02-07 03:10:57,5TR273,PHÁT HIỆN VI PHẠM VIDEO,Xe máy - 5TR2-73,"Video: demo_video.mp4, Frame: 365, Độ rõ: Rõ"
2026-02-07 03:10:57,9124253,PHÁT HIỆN VI PHẠM VIDEO,Xe máy - 912-4253,"Video: demo_video.mp4, Frame: 370, Độ rõ: Rõ"
2026-02-07 03:10:57,52425,PHÁT HIỆN VI PHẠM VIDEO,Xe máy - 52-425 - Vi phạm: Đè vạch dừng,"Video: demo_video.mp4, Frame: 375, Độ rõ: Rõ"
2026-02-07 03:10:57,524253,PHÁT HIỆN VI PHẠM VIDEO,Xe máy - 52-4253 - Vi phạm: Đè vạch dừng,"Video: demo_video.mp4, Frame: 380, Độ rõ: Rõ"
2026-02-07 03:10:57,3242353,PHÁT HIỆN VI PHẠM VIDEO,Xe máy - 32-42353 - Vi phạm: Đè vạch dừng,"Video: demo_video.mp4, Frame: 385, Độ rõ: Rõ"
2026-02-07 03:10:57,242553,PHÁT HIỆN VI PHẠM VIDEO,Xe máy - 2-42553 - Vi phạm: Đè vạch dừng,"Video: demo_video.mp4, Frame: 390, Độ rõ: Rõ"
2026-02-07 03:10:57,527T31650,PHÁT HIỆN VI PHẠM VIDEO,Xe máy - 527T3-1650,"Video: demo_video.mp4, Frame: 415, Độ rõ: Rõ"
2026-02-07 03:10:57,59T321650,PHÁT HIỆN VI PHẠM VIDEO,Xe máy - 59T3-21650,"Video: demo_video.mp4, Frame: 420, Độ rõ: Rõ"
2026-02-07 03:10:57,592T321650,PHÁT HIỆN VI PHẠM VIDEO,Xe máy - 592T3-21650,"Video: demo_video.mp4, Frame: 425, Độ rõ: Rõ"
2026-02-07 03:10:57,59T21630,PHÁT HIỆN VI PHẠM VIDEO,Xe máy - 59T-21630 - Vi phạm: Đè vạch dừng,"Video: demo_video.mp4, Frame: 440, Độ rõ: Rõ"
2026-02-07 03:10:57,59321650,PHÁT HIỆN VI PHẠM VIDEO,Xe máy - 593-21650 - Vi phạm: Đè vạch dừng,"Video: demo_video.mp4, Frame: 445, Độ rõ: Rõ"
2026-02-07 03:10:57,5D106,PHÁT HIỆN VI PHẠM VIDEO,Xe máy - 5D-106,"Video: demo_video.mp4, Frame: 465, Độ rõ: Rõ"
2026-02-07 03:10:57,39T321650,PHÁT HIỆN VI PHẠM VIDEO,Xe máy - 39T3-21650 - Vi phạm: Đè vạch dừng,"Video: demo_video.mp4, Frame: 465, Độ rõ: Rõ"
2026-02-07 03:10:57,50E106E,PHÁT HIỆN VI PHẠM VIDEO,Xe máy - 50E-106E,"Video: demo_video.mp4, Frame: 470, Độ rõ: Rõ"
2026-02-07 03:10:57,59T3260,PHÁT HIỆN VI PHẠM VIDEO,Xe máy - 59T3-260,"Video: demo_video.mp4, Frame: 470, Độ rõ: Rõ"
2026-02-07 03:10:57,5DE10630,PHÁT HIỆN VI PHẠM VIDEO,Xe máy - 5DE-10630,"Video: demo_video.mp4, Frame: 475, Độ rõ: Rõ"
2026-02-07 03:10:57,39V321650,PHÁT HIỆN VI PHẠM VIDEO,Xe máy - 39V3-21650 - Vi phạm: Đè vạch dừng,"Video: demo_video.mp4, Frame: 475, Độ rõ: Rõ"
2026-02-07 03:10:57,5E10630,PHÁT HIỆN VI PHẠM VIDEO,Xe máy - 5E-10630,"Video: demo_video.mp4, Frame: 485, Độ rõ: Rõ"
2026-02-07 03:10:57,50E10630,PHÁT HIỆN VI PHẠM VIDEO,Xe máy - 50E-10630,"Video: demo_video.mp4, Frame: 490, Độ rõ: Rõ"
2026-02-07 03:10:57,59321630,PHÁT HIỆN VI PHẠM VIDEO,Xe máy - 593-21630 - Vi phạm: Đè vạch dừng,"Video: demo_video.mp4, Frame: 490, Độ rõ: Rõ"
2026-02-07 03:10:57,6DE10623D,PHÁT HIỆN VI PHẠM VIDEO,Xe máy - 6DE-10623D,"Video: demo_video.mp4, Frame: 500, Độ rõ: Rõ"
2026-02-07 03:10:57,47A81773,PHÁT HIỆN VI PHẠM VIDEO,Xe máy - 47A-81773,"Video: demo_video.mp4, Frame: 500, Độ rõ: Rõ"
2026-02-07 03:10:57,Y960218E0,PHÁT HIỆN VI PHẠM VIDEO,Xe máy - Y960-218E0 - Vi phạm: Đè vạch dừng,"Video: demo_video.mp4, Frame: 500, Độ rõ: Rõ"
2026-02-07 03:10:57,5010630,PHÁT HIỆN VI PHẠM VIDEO,Xe máy - 50-10630,"Video: demo_video.mp4, Frame: 505, Độ rõ: Rõ"
2026-02-07 03:10:57,59321760,PHÁT HIỆN VI PHẠM VIDEO,Xe máy - 593-21760 - Vi phạm: Đè vạch dừng,"Video: demo_video.mp4, Frame: 505, Độ rõ: Rõ"
2026-02-07 03:11:37,1X1408503,PHÁT HIỆN VI PHẠM,Xe máy - 1X14-08503 - Vi phạm: Đè vạch dừng,Video: demo_video.mp4 - Frame 5
2026-02-07 03:11:38,81108503,PHÁT HIỆN VI PHẠM,Xe máy - 811-08503 - Vi phạm: Đè vạch dừng,Video: demo_video.mp4 - Frame 10
2026-02-07 03:11:41,59706868,PHÁT HIỆN VI PHẠM,Xe máy - 597-06868 - Vi phạm: Đè vạch dừng,Video: demo_video.mp4 - Frame 35
2026-02-07 03:11:41,97B0688,PHÁT HIỆN VI PHẠM,Xe máy - 97B-0688 - Vi phạm: Đè vạch dừng,Video: demo_video.mp4 - Frame 40
2026-02-07 03:11:43,91B58,PHÁT HIỆN VI PHẠM,Xe máy - 91B-58 - Vi phạm: Đè vạch dừng,Video: demo_video.mp4 - Frame 50
2026-02-07 03:11:43,8,PHÁT HIỆN VI PHẠM,Xe máy - -8 - Vi phạm: Đè vạch dừng,Video: demo_video.mp4 - Frame 50
2026-02-07 03:11:52,61H159850,PHÁT HIỆN VI PHẠM,Xe máy - 61H1-59850 - Vi phạm: Đè vạch dừng,Video: demo_video.mp4 - Frame 135
2026-02-07 03:11:54,59214,PHÁT HIỆN VI PHẠM,Xe máy - 59-214 - Vi phạm: Đè vạch dừng,Video: demo_video.mp4 - Frame 150
2026-02-07 03:11:54,6918214,PHÁT HIỆN VI PHẠM,Xe máy - 69-18214 - Vi phạm: Đè vạch dừng,Video: demo_video.mp4 - Frame 155
2026-02-07 03:11:54,61R159850,PHÁT HIỆN VI PHẠM,Xe máy - 61R1-59850 - Vi phạm: Đè vạch dừng,Video: demo_video.mp4 - Frame 155
2026-02-07 03:11:55,59R18214,PHÁT HIỆN VI PHẠM,Xe máy - 59R-18214 - Vi phạm: Đè vạch dừng,Video: demo_video.mp4 - Frame 160
2026-02-07 03:11:55,59RA18214,PHÁT HIỆN VI PHẠM,Xe máy - 59RA-18214 - Vi phạm: Đè vạch dừng,Video: demo_video.mp4 - Frame 165
2026-02-07 03:11:56,69RA18214,PHÁT HIỆN VI PHẠM,Xe máy - 69RA-18214 - Vi phạm: Đè vạch dừng,Video: demo_video.mp4 - Frame 170
2026-02-07 03:11:57,5R18214,PHÁT HIỆN VI PHẠM,Xe máy - 5R-18214 - Vi phạm: Đè vạch dừng,Video: demo_video.mp4 - Frame 180
2026-02-07 03:11:58,R59850,PHÁT HIỆN VI PHẠM,Xe máy - R-59850 - Vi phạm: Đè vạch dừng,Video: demo_video.mp4 - Frame 180
2026-02-07 03:11:58,69R1821,PHÁT HIỆN VI PHẠM,Xe máy - 69R-1821 - Vi phạm: Đè vạch dừng,Video: demo_video.mp4 - Frame 185
2026-02-07 03:11:58,1Z15980,PHÁT HIỆN VI PHẠM,Xe máy - 1Z1-5980 - Vi phạm: Đè vạch dừng,Video: demo_video.mp4 - Frame 185
2026-02-07 03:11:59,59R121,PHÁT HIỆN VI PHẠM,Xe máy - 59R-121 - Vi phạm: Đè vạch dừng,Video: demo_video.mp4 - Frame 190
2026-02-07 03:11:59,59A18214,PHÁT HIỆN VI PHẠM,Xe máy - 59A-18214 - Vi phạm: Đè vạch dừng,Video: demo_video.mp4 - Frame 195
2026-02-07 03:12:00,59R1821,PHÁT HIỆN VI PHẠM,Xe máy - 59R-1821 - Vi phạm: Đè vạch dừng,Video: demo_video.mp4 - Frame 200
2026-02-07 03:12:00,5917214,PHÁT HIỆN VI PHẠM,Xe máy - 59-17214 - Vi phạm: Đè vạch dừng,Video: demo_video.mp4 - Frame 205
2026-02-07 03:12:01,59R8214,PHÁT HIỆN VI PHẠM,Xe máy - 59R-8214 - Vi phạm: Đè vạch dừng,Video: demo_video.mp4 - Frame 210
2026-02-07 03:12:02,5982,PHÁT HIỆN VI PHẠM,Xe máy - 59-82 - Vi phạm: Đè vạch dừng,Video: demo_video.mp4 - Frame 215
2026-02-07 03:12:02,5005,PHÁT HIỆN VI PHẠM,Xe máy - 500-5 - Vi phạm: Đè vạch dừng,Video: demo_video.mp4 - Frame 220
2026-02-07 03:12:03,Z8721,PHÁT HIỆN VI PHẠM,Xe máy - Z-8721 (Mờ),Video: demo_video.mp4 - Frame 230
2026-02-07 03:12:04,814,PHÁT HIỆN VI PHẠM,Xe máy - 8-14 - Vi phạm: Đè vạch dừng,Video: demo_video.mp4 - Frame 235
2026-02-07 03:12:08,59807,PHÁT HIỆN VI PHẠM,Xe máy - 59-807 - Vi phạm: Đè vạch dừng,Video: demo_video.mp4 - Frame 285
2026-02-07 03:12:09,59178D079,PHÁT HIỆN VI PHẠM,Xe máy - 591-78D079 - Vi phạm: Đè vạch dừng,Video: demo_video.mp4 - Frame 290
2026-02-07 03:12:09,519178079,PHÁT HIỆN VI PHẠM,Xe máy - 5191-78079 - Vi phạm: Đè vạch dừng,Video: demo_video.mp4 - Frame 295
2026-02-07 03:12:10,59P1178079,PHÁT HIỆN VI PHẠM,Xe máy - 59P11-78079 - Vi phạm: Đè vạch dừng,Video: demo_video.mp4 - Frame 300
2026-02-07 03:12:10,591178079,PHÁT HIỆN VI PHẠM,Xe máy - 5911-78079 - Vi phạm: Đè vạch dừng,Video: demo_video.mp4 - Frame 305
2026-02-07 03:12:12,59178079,PHÁT HIỆN VI PHẠM,Xe máy - 591-78079 - Vi phạm: Đè vạch dừng,Video: demo_video.mp4 - Frame 330
2026-02-07 03:12:14,178B2,PHÁT HIỆN VI PHẠM,Xe máy - 1-78B2 - Vi phạm: Đè vạch dừng,Video: demo_video.mp4 - Frame 340
2026-02-07 03:12:18,52425,PHÁT HIỆN VI PHẠM,Xe máy - 52-425 - Vi phạm: Đè vạch dừng,Video: demo_video.mp4 - Frame 375
2026-02-07 03:12:18,524253,PHÁT HIỆN VI PHẠM,Xe máy - 52-4253 - Vi phạm: Đè vạch dừng,Video: demo_video.mp4 - Frame 380
2026-02-07 03:12:19,3242353,PHÁT HIỆN VI PHẠM,Xe máy - 32-42353 - Vi phạm: Đè vạch dừng,Video: demo_video.mp4 - Frame 385
2026-02-07 03:12:19,242553,PHÁT HIỆN VI PHẠM,Xe máy - 2-42553 - Vi phạm: Đè vạch dừng,Video: demo_video.mp4 - Frame 390
2026-02-07 03:12:24,59T21630,PHÁT HIỆN VI PHẠM,Xe máy - 59T-21630 - Vi phạm: Đè vạch dừng,Video: demo_video.mp4 - Frame 440
2026-02-07 03:12:25,59321650,PHÁT HIỆN VI PHẠM,Xe máy - 593-21650 - Vi phạm: Đè vạch dừng,Video: demo_video.mp4 - Frame 445
2026-02-07 03:12:27,39T321650,PHÁT HIỆN VI PHẠM,Xe máy - 39T3-21650 - Vi phạm: Đè vạch dừng,Video: demo_video.mp4 - Frame 465
2026-02-07 03:12:28,39V321650,PHÁT HIỆN VI PHẠM,Xe máy - 39V3-21650 - Vi phạm: Đè vạch dừng,Video: demo_video.mp4 - Frame 475
2026-02-07 03:12:30,59321630,PHÁT HIỆN VI PHẠM,Xe máy - 593-21630 - Vi phạm: Đè vạch dừng,Video: demo_video.mp4 - Frame 490
2026-02-07 03:12:32,Y960218E0,PHÁT HIỆN VI PHẠM,Xe máy - Y960-218E0 - Vi phạm: Đè vạch dừng,Video: demo_video.mp4 - Frame 500
2026-02-07 03:12:32,59321760,PHÁT HIỆN VI PHẠM,Xe máy - 593-21760 - Vi phạm: Đè vạch dừng,Video: demo_video.mp4 - Frame 505
2026-02-07 03:12:32,597B05868,PHÁT HIỆN VI PHẠM VIDEO,Xe máy - 597B-05868,"Video: demo_video.mp4, Frame: 5, Độ rõ: Rõ"
2026-02-07 03:12:32,1X1408503,PHÁT HIỆN VI PHẠM VIDEO,Xe máy - 1X14-08503 - Vi phạm: Đè vạch dừng,"Video: demo_video.mp4, Frame: 5, Độ rõ: Rõ"
2026-02-07 03:12:32,47A61773,PHÁT HIỆN VI PHẠM VIDEO,Xe máy - 47A-61773,"Video: demo_video.mp4, Frame: 5, Độ rõ: Rõ"
2026-02-07 03:12:32,910861,PHÁT HIỆN VI PHẠM VIDEO,Xe máy - 9-10861,"Video: demo_video.mp4, Frame: 5, Độ rõ: Rõ"
2026-02-07 03:12:32,81108503,PHÁT HIỆN VI PHẠM VIDEO,Xe máy - 811-08503 - Vi phạm: Đè vạch dừng,"Video: demo_video.mp4, Frame: 10, Độ rõ: Rõ"
2026-02-07 03:12:32,59B05868,PHÁT HIỆN VI PHẠM VIDEO,Xe máy - 59B-05868,"Video: demo_video.mp4, Frame: 15, Độ rõ: Rõ"
2026-02-07 03:12:32,59B0568,PHÁT HIỆN VI PHẠM VIDEO,Xe máy - 59B-0568,"Video: demo_video.mp4, Frame: 20, Độ rõ: Rõ"
2026-02-07 03:12:32,97B06868,PHÁT HIỆN VI PHẠM VIDEO,Xe máy - 97B-06868,"Video: demo_video.mp4, Frame: 25, Độ rõ: Rõ"
2026-02-07 03:12:32,51861,PHÁT HIỆN VI PHẠM VIDEO,Xe máy - 5-1861,"Video: demo_video.mp4, Frame: 25, Độ rõ: Rõ"
2026-02-07 03:12:32,597B06868,PHÁT HIỆN VI PHẠM VIDEO,Xe máy - 597B-06868,"Video: demo_video.mp4, Frame: 30, Độ rõ: Rõ"
2026-02-07 03:12:32,59706868,PHÁT HIỆN VI PHẠM VIDEO,Xe máy - 597-06868 - Vi phạm: Đè vạch dừng,"Video: demo_video.mp4, Frame: 35, Độ rõ: Rõ"
2026-02-07 03:12:32,97B0688,PHÁT HIỆN VI PHẠM VIDEO,Xe máy - 97B-0688 - Vi phạm: Đè vạch dừng,"Video: demo_video.mp4, Frame: 40, Độ rõ: Rõ"
2026-02-07 03:12:32,59B06868,PHÁT HIỆN VI PHẠM VIDEO,Xe máy - 59B-06868,"Video: demo_video.mp4, Frame: 45, Độ rõ: Rõ"
2026-02-07 03:12:32,70A26872,PHÁT HIỆN VI PHẠM VIDEO,Xe máy - 70A-26872,"Video: demo_video.mp4, Frame: 45, Độ rõ: Rõ"
2026-02-07 03:12:32,59410861,PHÁT HIỆN VI PHẠM VIDEO,Xe máy - 594-10861 (Mờ),"Video: demo_video.mp4, Frame: 45, Độ rõ: Mờ"
2026-02-07 03:12:32,91B58,PHÁT HIỆN VI PHẠM VIDEO,Xe máy - 91B-58 - Vi phạm: Đè vạch dừng,"Video: demo_video.mp4, Frame: 50, Độ rõ: Rõ"
2026-02-07 03:12:32,7D126872,PHÁT HIỆN VI PHẠM VIDEO,Xe máy - 7D1-26872,"Video: demo_video.mp4, Frame: 50, Độ rõ: Rõ"
2026-02-07 03:12:32,8,PHÁT HIỆN VI PHẠM VIDEO,Xe máy - -8 - Vi phạm: Đè vạch dừng,"Video: demo_video.mp4, Frame: 50, Độ rõ: Rõ"
2026-02-07 03:12:32,991081,PHÁT HIỆN VI PHẠM VIDEO,Xe máy - 99-1081,"Video: demo_video.mp4, Frame: 55, Độ rõ: Rõ"
2026-02-07 03:12:32,7DA26872,PHÁT HIỆN VI PHẠM VIDEO,Xe máy - 7DA-26872,"Video: demo_video.mp4, Frame: 55, Độ rõ: Rõ"
2026-02-07 03:12:32,X910861,PHÁT HIỆN VI PHẠM VIDEO,Xe máy - X9-10861,"Video: demo_video.mp4, Frame: 60, Độ rõ: Rõ"
2026-02-07 03:12:32,5910558,PHÁT HIỆN VI PHẠM VIDEO,Xe máy - 591-0558,"Video: demo_video.mp4, Frame: 65, Độ rõ: Rõ"
2026-02-07 03:12:32,5910861,PHÁT HIỆN VI PHẠM VIDEO,Xe máy - 59-10861,"Video: demo_video.mp4, Frame: 70, Độ rõ: Rõ"
2026-02-07 03:12:32,91110861,PHÁT HIỆN VI PHẠM VIDEO,Xe máy - 911-10861,"Video: demo_video.mp4, Frame: 75, Độ rõ: Rõ"
2026-02-07 03:12:32,59110861,PHÁT HIỆN VI PHẠM VIDEO,Xe máy - 591-10861,"Video: demo_video.mp4, Frame: 105, Độ rõ: Rõ"
2026-02-07 03:12:32,972,PHÁT HIỆN VI PHẠM VIDEO,Xe máy - 9-72 (Mờ),"Video: demo_video.mp4, Frame: 120, Độ rõ: Mờ"
2026-02-07 03:12:32,59R12,PHÁT HIỆN VI PHẠM VIDEO,Xe máy - 59R-12 (Mờ),"Video: demo_video.mp4, Frame: 125, Độ rõ: Mờ"
2026-02-07 03:12:32,F9824,PHÁT HIỆN VI PHẠM VIDEO,Xe máy - F9-824 (Mờ),"Video: demo_video.mp4, Frame: 130, Độ rõ: Mờ"
2026-02-07 03:12:32,9R1212,PHÁT HIỆN VI PHẠM VIDEO,Xe máy - 9R-1212 (Mờ),"Video: demo_video.mp4, Frame: 135, Độ rõ: Mờ"
2026-02-07 03:12:32,61H159850,PHÁT HIỆN VI PHẠM VIDEO,Xe máy - 61H1-59850 - Vi phạm: Đè vạch dừng,"Video: demo_video.mp4, Frame: 135, Độ rõ: Rõ"
2026-02-07 03:12:32,5R78214,PHÁT HIỆN VI PHẠM VIDEO,Xe máy - 5R-78214,"Video: demo_video.mp4, Frame: 140, Độ rõ: Rõ"
2026-02-07 03:12:32,59Y1161,PHÁT HIỆN VI PHẠM VIDEO,Xe máy - 59Y1-161,"Video: demo_video.mp4, Frame: 140, Độ rõ: Rõ"
2026-02-07 03:12:32,59R7821,PHÁT HIỆN VI PHẠM VIDEO,Xe máy - 59R-7821,"Video: demo_video.mp4, Frame: 145, Độ rõ: Rõ"
2026-02-07 03:12:32,59214,PHÁT HIỆN VI PHẠM VIDEO,Xe máy - 59-214 - Vi phạm: Đè vạch dừng,"Video: demo_video.mp4, Frame: 150, Độ rõ: Rõ"
2026-02-07 03:12:32,6918214,PHÁT HIỆN VI PHẠM VIDEO,Xe máy - 69-18214 - Vi phạm: Đè vạch dừng,"Video: demo_video.mp4, Frame: 155, Độ rõ: Rõ"
2026-02-07 03:12:32,61R159850,PHÁT HIỆN VI PHẠM VIDEO,Xe máy - 61R1-59850 - Vi phạm: Đè vạch dừng,"Video: demo_video.mp4, Frame: 155, Độ rõ: Rõ"
2026-02-07 03:12:32,59R18214,PHÁT HIỆN VI PHẠM VIDEO,Xe máy - 59R-18214 - Vi phạm: Đè vạch dừng,"Video: demo_video.mp4, Frame: 160, Độ rõ: Rõ"
2026-02-07 03:12:32,59RA18214,PHÁT HIỆN VI PHẠM VIDEO,Xe máy - 59RA-18214 - Vi phạm: Đè vạch dừng,"Video: demo_video.mp4, Frame: 165, Độ rõ: Rõ"
2026-02-07 03:12:32,69RA18214,PHÁT HIỆN VI PHẠM VIDEO,Xe máy - 69RA-18214 - Vi phạm: Đè vạch dừng,"Video: demo_video.mp4, Frame: 170, Độ rõ: Rõ"
2026-02-07 03:12:32,5R18214,PHÁT HIỆN VI PHẠM VIDEO,Xe máy - 5R-18214 - Vi phạm: Đè vạch dừng,"Video: demo_video.mp4, Frame: 180, Độ rõ: Rõ"
2026-02-07 03:12:32,R59850,PHÁT HIỆN VI PHẠM VIDEO,Xe máy - R-59850 - Vi phạm: Đè vạch dừng,"Video: demo_video.mp4, Frame: 180, Độ rõ: Rõ"
2026-02-07 03:12:32,69R1821,PHÁT HIỆN VI PHẠM VIDEO,Xe máy - 69R-1821 - Vi phạm: Đè vạch dừng,"Video: demo_video.mp4, Frame: 185, Độ rõ: Rõ"
2026-02-07 03:12:32,1Z15980,PHÁT HIỆN VI PHẠM VIDEO,Xe máy - 1Z1-5980 - Vi phạm: Đè vạch dừng,"Video: demo_video.mp4, Frame: 185, Độ rõ: Rõ"
2026-02-07 03:12:32,59R121,PHÁT HIỆN VI PHẠM VIDEO,Xe máy - 59R-121 - Vi phạm: Đè vạch dừng,"Video: demo_video.mp4, Frame: 190, Độ rõ: Rõ"
2026-02-07 03:12:32,59A18214,PHÁT HIỆN VI PHẠM VIDEO,Xe máy - 59A-18214 - Vi phạm: Đè vạch dừng,"Video: demo_video.mp4, Frame: 195, Độ rõ: Rõ"
2026-02-07 03:12:32,59R1821,PHÁT HIỆN VI PHẠM VIDEO,Xe máy - 59R-1821 - Vi phạm: Đè vạch dừng,"Video: demo_video.mp4, Frame: 200, Độ rõ: Rõ"
2026-02-07 03:12:32,5917214,PHÁT HIỆN VI PHẠM VIDEO,Xe máy - 59-17214 - Vi phạm: Đè vạch dừng,"Video: demo_video.mp4, Frame: 205, Độ rõ: Rõ"
2026-02-07 03:12:32,59R8214,PHÁT HIỆN VI PHẠM VIDEO,Xe máy - 59R-8214 - Vi phạm: Đè vạch dừng,"Video: demo_video.mp4, Frame: 210, Độ rõ: Rõ"
2026-02-07 03:12:32,8120,PHÁT HIỆN VI PHẠM VIDEO,Xe máy - 81-20,"Video: demo_video.mp4, Frame: 215, Độ rõ: Rõ"
2026-02-07 03:12:32,5982,PHÁT HIỆN VI PHẠM VIDEO,Xe máy - 59-82 - Vi phạm: Đè vạch dừng,"Video: demo_video.mp4, Frame: 215, Độ rõ: Rõ"
2026-02-07 03:12:32,5005,PHÁT HIỆN VI PHẠM VIDEO,Xe máy - 500-5 - Vi phạm: Đè vạch dừng,"Video: demo_video.mp4, Frame: 220, Độ rõ: Rõ"
2026-02-07 03:12:32,Z8721,PHÁT HIỆN VI PHẠM VIDEO,Xe máy - Z-8721 (Mờ),"Video: demo_video.mp4, Frame: 230, Độ rõ: Mờ"
2026-02-07 03:12:32,814,PHÁT HIỆN VI PHẠM VIDEO,Xe máy - 8-14 - Vi phạm: Đè vạch dừng,"Video: demo_video.mp4, Frame: 235, Độ rõ: Rõ"
2026-02-07 03:12:32,5,PHÁT HIỆN VI PHẠM VIDEO,Xe máy - -5,"Video: demo_video.mp4, Frame: 245, Độ rõ: Rõ"
2026-02-07 03:12:32,70A26822,PHÁT HIỆN VI PHẠM VIDEO,Xe máy - 70A-26822,"Video: demo_video.mp4, Frame: 260, Độ rõ: Rõ"
2026-02-07 03:12:32,591079,PHÁT HIỆN VI PHẠM VIDEO,Xe máy - 591-079,"Video: demo_video.mp4, Frame: 260, Độ rõ: Rõ"
2026-02-07 03:12:32,5R9Y778079,PHÁT HIỆN VI PHẠM VIDEO,Xe máy - 5R9Y7-78079,"Video: demo_video.mp4, Frame: 265, Độ rõ: Rõ"
2026-02-07 03:12:32,59807,PHÁT HIỆN VI PHẠM VIDEO,Xe máy - 59-807 - Vi phạm: Đè vạch dừng,"Video: demo_video.mp4, Frame: 285, Độ rõ: Rõ"
2026-02-07 03:12:32,59178D079,PHÁT HIỆN VI PHẠM VIDEO,Xe máy - 591-78D079 - Vi phạm: Đè vạch dừng,"Video: demo_video.mp4, Frame: 290, Độ rõ: Rõ"
2026-02-07 03:12:32,519178079,PHÁT HIỆN VI PHẠM VIDEO,Xe máy - 5191-78079 - Vi phạm: Đè vạch dừng,"Video: demo_video.mp4, Frame: 295, Độ rõ: Rõ"
2026-02-07 03:12:32,59P1178079,PHÁT HIỆN VI PHẠM VIDEO,Xe máy - 59P11-78079 - Vi phạm: Đè vạch dừng,"Video: demo_video.mp4, Frame: 300, Độ rõ: Rõ"
2026-02-07 03:12:32,591178079,PHÁT HIỆN VI PHẠM VIDEO,Xe máy - 5911-78079 - Vi phạm: Đè vạch dừng,"Video: demo_video.mp4, Frame: 305, Độ rõ: Rõ"
2026-02-07 03:12:32,59178079,PHÁT HIỆN VI PHẠM VIDEO,Xe máy - 591-78079 - Vi phạm: Đè vạch dừng,"Video: demo_video.mp4, Frame: 330, Độ rõ: Rõ"
2026-02-07 03:12:32,178B2,PHÁT HIỆN VI PHẠM VIDEO,Xe máy - 1-78B2 - Vi phạm: Đè vạch dừng,"Video: demo_video.mp4, Frame: 340, Độ rõ: Rõ"
2026-02-07 03:12:32,757,PHÁT HIỆN VI PHẠM VIDEO,Xe máy - 7-57,"Video: demo_video.mp4, Frame: 340, Độ rõ: Rõ"
2026-02-07 03:12:32,525E,PHÁT HIỆN VI PHẠM VIDEO,Xe máy - 52-5E,"Video: demo_video.mp4, Frame: 345, Độ rõ: Rõ"
2026-02-07 03:12:32,59R2553,PHÁT HIỆN VI PHẠM VIDEO,Xe máy - 59R2-553,"Video: demo_video.mp4, Frame: 350, Độ rõ: Rõ"
2026-02-07 03:12:32,59RR27553,PHÁT HIỆN VI PHẠM VIDEO,Xe máy - 59RR2-7553,"Video: demo_video.mp4, Frame: 355, Độ rõ: Rõ"
2026-02-07 03:12:32,59253,PHÁT HIỆN VI PHẠM VIDEO,Xe máy - 592-53,"Video: demo_video.mp4, Frame: 360, Độ rõ: Rõ"
2026-02-07 03:12:32,5TR273,PHÁT HIỆN VI PHẠM VIDEO,Xe máy - 5TR2-73,"Video: demo_video.mp4, Frame: 365, Độ rõ: Rõ"
2026-02-07 03:12:32,9124253,PHÁT HIỆN VI PHẠM VIDEO,Xe máy - 912-4253,"Video: demo_video.mp4, Frame: 370, Độ rõ: Rõ"
2026-02-07 03:12:32,52425,PHÁT HIỆN VI PHẠM VIDEO,Xe máy - 52-425 - Vi phạm: Đè vạch dừng,"Video: demo_video.mp4, Frame: 375, Độ rõ: Rõ"
2026-02-07 03:12:32,524253,PHÁT HIỆN VI PHẠM VIDEO,Xe máy - 52-4253 - Vi phạm: Đè vạch dừng,"Video: demo_video.mp4, Frame: 380, Độ rõ: Rõ"
2026-02-07 03:12:32,3242353,PHÁT HIỆN VI PHẠM VIDEO,Xe máy - 32-42353 - Vi phạm: Đè vạch dừng,"Video: demo_video.mp4, Frame: 385, Độ rõ: Rõ"
2026-02-07 03:12:32,242553,PHÁT HIỆN VI PHẠM VIDEO,Xe máy - 2-42553 - Vi phạm: Đè vạch dừng,"Video: demo_video.mp4, Frame: 390, Độ rõ: Rõ"
2026-02-07 03:12:32,527T31650,PHÁT HIỆN VI PHẠM VIDEO,Xe máy - 527T3-1650,"Video: demo_video.mp4, Frame: 415, Độ rõ: Rõ"
2026-02-07 03:12:32,59T321650,PHÁT HIỆN VI PHẠM VIDEO,Xe máy - 59T3-21650,"Video: demo_video.mp4, Frame: 420, Độ rõ: Rõ"
2026-02-07 03:12:32,592T321650,PHÁT HIỆN VI PHẠM VIDEO,Xe máy - 592T3-21650,"Video: demo_video.mp4, Frame: 425, Độ rõ: Rõ"
2026-02-07 03:12:32,59T21630,PHÁT HIỆN VI PHẠM VIDEO,Xe máy - 59T-21630 - Vi phạm: Đè vạch dừng,"Video: demo_video.mp4, Frame: 440, Độ rõ: Rõ"
2026-02-07 03:12:32,59321650,PHÁT HIỆN VI PHẠM VIDEO,Xe máy - 593-21650 - Vi phạm: Đè vạch dừng,"Video: demo_video.mp4, Frame: 445, Độ rõ: Rõ"
2026-02-07 03:12:32,5D106,PHÁT HIỆN VI PHẠM VIDEO,Xe máy - 5D-106,"Video: demo_video.mp4, Frame: 465, Độ rõ: Rõ"
2026-02-07 03:12:32,39T321650,PHÁT HIỆN VI PHẠM VIDEO,Xe máy - 39T3-21650 - Vi phạm: Đè vạch dừng,"Video: demo_video.mp4, Frame: 465, Độ rõ: Rõ"
2026-02-07 03:12:32,50E106E,PHÁT HIỆN VI PHẠM VIDEO,Xe máy - 50E-106E,"Video: demo_video.mp4, Frame: 470, Độ rõ: Rõ"
2026-02-07 03:12:32,59T3260,PHÁT HIỆN VI PHẠM VIDEO,Xe máy - 59T3-260,"Video: demo_video.mp4, Frame: 470, Độ rõ: Rõ"
2026-02-07 03:12:32,5DE10630,PHÁT HIỆN VI PHẠM VIDEO,Xe máy - 5DE-10630,"Video: demo_video.mp4, Frame: 475, Độ rõ: Rõ"
2026-02-07 03:12:32,39V321650,PHÁT HIỆN VI PHẠM VIDEO,Xe máy - 39V3-21650 - Vi phạm: Đè vạch dừng,"Video: demo_video.mp4, Frame: 475, Độ rõ: Rõ"
2026-02-07 03:12:32,5E10630,PHÁT HIỆN VI PHẠM VIDEO,Xe máy - 5E-10630,"Video: demo_video.mp4, Frame: 485, Độ rõ: Rõ"
2026-02-07 03:12:32,50E10630,PHÁT HIỆN VI PHẠM VIDEO,Xe máy - 50E-10630,"Video: demo_video.mp4, Frame: 490, Độ rõ: Rõ"
2026-02-07 03:12:32,59321630,PHÁT HIỆN VI PHẠM VIDEO,Xe máy - 593-21630 - Vi phạm: Đè vạch dừng,"Video: demo_video.mp4, Frame: 490, Độ rõ: Rõ"
2026-02-07 03:12:32,6DE10623D,PHÁT HIỆN VI PHẠM VIDEO,Xe máy - 6DE-10623D,"Video: demo_video.mp4, Frame: 500, Độ rõ: Rõ"
2026-02-07 03:12:32,47A81773,PHÁT HIỆN VI PHẠM VIDEO,Xe máy - 47A-81773,"Video: demo_video.mp4, Frame: 500, Độ rõ: Rõ"
2026-02-07 03:12:32,Y960218E0,PHÁT HIỆN VI PHẠM VIDEO,Xe máy - Y960-218E0 - Vi phạm: Đè vạch dừng,"Video: demo_video.mp4, Frame: 500, Độ rõ: Rõ"
2026-02-07 03:12:32,5010630,PHÁT HIỆN VI PHẠM VIDEO,Xe máy - 50-10630,"Video: demo_video.mp4, Frame: 505, Độ rõ: Rõ"
2026-02-07 03:12:32,59321760,PHÁT HIỆN VI PHẠM VIDEO,Xe máy - 593-21760 - Vi phạm: Đè vạch dừng,"Video: demo_video.mp4, Frame: 505, Độ rõ: Rõ"
2026-02-07 03:19:02,1X1408503,PHÁT HIỆN VI PHẠM,Xe máy - 1X14-08503 - Vi phạm: Đè vạch dừng,Video: demo_video.mp4 - Frame 5
2026-02-07 03:19:03,81108503,PHÁT HIỆN VI PHẠM,Xe máy - 811-08503 - Vi phạm: Đè vạch dừng,Video: demo_video.mp4 - Frame 10
2026-02-07 03:19:06,59706868,PHÁT HIỆN VI PHẠM,Xe máy - 597-06868 - Vi phạm: Đè vạch dừng,Video: demo_video.mp4 - Frame 35
2026-02-07 03:19:07,97B0688,PHÁT HIỆN VI PHẠM,Xe máy - 97B-0688 - Vi phạm: Đè vạch dừng,Video: demo_video.mp4 - Frame 40
2026-02-07 03:19:08,91B58,PHÁT HIỆN VI PHẠM,Xe máy - 91B-58 - Vi phạm: Đè vạch dừng,Video: demo_video.mp4 - Frame 50
2026-02-07 03:19:09,8,PHÁT HIỆN VI PHẠM,Xe máy - -8 - Vi phạm: Đè vạch dừng,Video: demo_video.mp4 - Frame 50
2026-02-07 03:19:18,61H159850,PHÁT HIỆN VI PHẠM,Xe máy - 61H1-59850 - Vi phạm: Đè vạch dừng,Video: demo_video.mp4 - Frame 135
2026-02-07 03:19:20,59214,PHÁT HIỆN VI PHẠM,Xe máy - 59-214 - Vi phạm: Đè vạch dừng,Video: demo_video.mp4 - Frame 150
2026-02-07 03:19:20,6918214,PHÁT HIỆN VI PHẠM,Xe máy - 69-18214 - Vi phạm: Đè vạch dừng,Video: demo_video.mp4 - Frame 155
2026-02-07 03:19:20,61R159850,PHÁT HIỆN VI PHẠM,Xe máy - 61R1-59850 - Vi phạm: Đè vạch dừng,Video: demo_video.mp4 - Frame 155
2026-02-07 03:19:21,59R18214,PHÁT HIỆN VI PHẠM,Xe máy - 59R-18214 - Vi phạm: Đè vạch dừng,Video: demo_video.mp4 - Frame 160
2026-02-07 03:19:21,59RA18214,PHÁT HIỆN VI PHẠM,Xe máy - 59RA-18214 - Vi phạm: Đè vạch dừng,Video: demo_video.mp4 - Frame 165
2026-02-07 03:19:22,69RA18214,PHÁT HIỆN VI PHẠM,Xe máy - 69RA-18214 - Vi phạm: Đè vạch dừng,Video: demo_video.mp4 - Frame 170
2026-02-07 03:19:24,5R18214,PHÁT HIỆN VI PHẠM,Xe máy - 5R-18214 - Vi phạm: Đè vạch dừng,Video: demo_video.mp4 - Frame 180
2026-02-07 03:19:24,R59850,PHÁT HIỆN VI PHẠM,Xe máy - R-59850 - Vi phạm: Đè vạch dừng,Video: demo_video.mp4 - Frame 180
2026-02-07 03:19:24,69R1821,PHÁT HIỆN VI PHẠM,Xe máy - 69R-1821 - Vi phạm: Đè vạch dừng,Video: demo_video.mp4 - Frame 185
2026-02-07 03:19:25,1Z15980,PHÁT HIỆN VI PHẠM,Xe máy - 1Z1-5980 - Vi phạm: Đè vạch dừng,Video: demo_video.mp4 - Frame 185
2026-02-07 03:19:25,59R121,PHÁT HIỆN VI PHẠM,Xe máy - 59R-121 - Vi phạm: Đè vạch dừng,Video: demo_video.mp4 - Frame 190
2026-02-07 03:19:26,59A18214,PHÁT HIỆN VI PHẠM,Xe máy - 59A-18214 - Vi phạm: Đè vạch dừng,Video: demo_video.mp4 - Frame 195
2026-02-07 03:19:26,59R1821,PHÁT HIỆN VI PHẠM,Xe máy - 59R-1821 - Vi phạm: Đè vạch dừng,Video: demo_video.mp4 - Frame 200
2026-02-07 03:19:27,5917214,PHÁT HIỆN VI PHẠM,Xe máy - 59-17214 - Vi phạm: Đè vạch dừng,Video: demo_video.mp4 - Frame 205
2026-02-07 03:19:27,59R8214,PHÁT HIỆN VI PHẠM,Xe máy - 59R-8214 - Vi phạm: Đè vạch dừng,Video: demo_video.mp4 - Frame 210
2026-02-07 03:19:28,5982,PHÁT HIỆN VI PHẠM,Xe máy - 59-82 - Vi phạm: Đè vạch dừng,Video: demo_video.mp4 - Frame 215
2026-02-07 03:19:29,5005,PHÁT HIỆN VI PHẠM,Xe máy - 500-5 - Vi phạm: Đè vạch dừng,Video: demo_video.mp4 - Frame 220
2026-02-07 03:19:30,Z8721,PHÁT HIỆN VI PHẠM,Xe máy - Z-8721 (Mờ),Video: demo_video.mp4 - Frame 230
2026-02-07 03:19:30,814,PHÁT HIỆN VI PHẠM,Xe máy - 8-14 - Vi phạm: Đè vạch dừng,Video: demo_video.mp4 - Frame 235
2026-02-07 03:19:35,59807,PHÁT HIỆN VI PHẠM,Xe máy - 59-807 - Vi phạm: Đè vạch dừng,Video: demo_video.mp4 - Frame 285
2026-02-07 03:19:36,59178D079,PHÁT HIỆN VI PHẠM,Xe máy - 591-78D079 - Vi phạm: Đè vạch dừng,Video: demo_video.mp4 - Frame 290
2026-02-07 03:19:36,519178079,PHÁT HIỆN VI PHẠM,Xe máy - 5191-78079 - Vi phạm: Đè vạch dừng,Video: demo_video.mp4 - Frame 295
2026-02-07 03:19:37,59P1178079,PHÁT HIỆN VI PHẠM,Xe máy - 59P11-78079 - Vi phạm: Đè vạch dừng,Video: demo_video.mp4 - Frame 300
2026-02-07 03:19:38,591178079,PHÁT HIỆN VI PHẠM,Xe máy - 5911-78079 - Vi phạm: Đè vạch dừng,Video: demo_video.mp4 - Frame 305
2026-02-07 03:19:40,59178079,PHÁT HIỆN VI PHẠM,Xe máy - 591-78079 - Vi phạm: Đè vạch dừng,Video: demo_video.mp4 - Frame 330
2026-02-07 03:19:41,178B2,PHÁT HIỆN VI PHẠM,Xe máy - 1-78B2 - Vi phạm: Đè vạch dừng,Video: demo_video.mp4 - Frame 340
2026-02-07 03:19:46,52425,PHÁT HIỆN VI PHẠM,Xe máy - 52-425 - Vi phạm: Đè vạch dừng,Video: demo_video.mp4 - Frame 375
2026-02-07 03:19:46,524253,PHÁT HIỆN VI PHẠM,Xe máy - 52-4253 - Vi phạm: Đè vạch dừng,Video: demo_video.mp4 - Frame 380
2026-02-07 03:19:47,3242353,PHÁT HIỆN VI PHẠM,Xe máy - 32-42353 - Vi phạm: Đè vạch dừng,Video: demo_video.mp4 - Frame 385
2026-02-07 03:19:48,242553,PHÁT HIỆN VI PHẠM,Xe máy - 2-42553 - Vi phạm: Đè vạch dừng,Video: demo_video.mp4 - Frame 390
2026-02-07 03:19:53,59T21630,PHÁT HIỆN VI PHẠM,Xe máy - 59T-21630 - Vi phạm: Đè vạch dừng,Video: demo_video.mp4 - Frame 440
2026-02-07 03:19:54,59321650,PHÁT HIỆN VI PHẠM,Xe máy - 593-21650 - Vi phạm: Đè vạch dừng,Video: demo_video.mp4 - Frame 445
2026-02-07 03:19:56,39T321650,PHÁT HIỆN VI PHẠM,Xe máy - 39T3-21650 - Vi phạm: Đè vạch dừng,Video: demo_video.mp4 - Frame 465
2026-02-07 03:19:58,39V321650,PHÁT HIỆN VI PHẠM,Xe máy - 39V3-21650 - Vi phạm: Đè vạch dừng,Video: demo_video.mp4 - Frame 475
2026-02-07 03:20:00,59321630,PHÁT HIỆN VI PHẠM,Xe máy - 593-21630 - Vi phạm: Đè vạch dừng,Video: demo_video.mp4 - Frame 490
2026-02-07 03:20:01,Y960218E0,PHÁT HIỆN VI PHẠM,Xe máy - Y960-218E0 - Vi phạm: Đè vạch dừng,Video: demo_video.mp4 - Frame 500
2026-02-07 03:20:02,59321760,PHÁT HIỆN VI PHẠM,Xe máy - 593-21760 - Vi phạm: Đè vạch dừng,Video: demo_video.mp4 - Frame 505
2026-02-07 03:20:02,597B05868,PHÁT HIỆN VI PHẠM VIDEO,Xe máy - 597B-05868,"Video: demo_video.mp4, Frame: 5, Độ rõ: Rõ"
2026-02-07 03:20:02,1X1408503,PHÁT HIỆN VI PHẠM VIDEO,Xe máy - 1X14-08503 - Vi phạm: Đè vạch dừng,"Video: demo_video.mp4, Frame: 5, Độ rõ: Rõ"
2026-02-07 03:20:02,47A61773,PHÁT HIỆN VI PHẠM VIDEO,Xe máy - 47A-61773,"Video: demo_video.mp4, Frame: 5, Độ rõ: Rõ"
2026-02-07 03:20:02,910861,PHÁT HIỆN VI PHẠM VIDEO,Xe máy - 9-10861,"Video: demo_video.mp4, Frame: 5, Độ rõ: Rõ"
2026-02-07 03:20:02,81108503,PHÁT HIỆN VI PHẠM VIDEO,Xe máy - 811-08503 - Vi phạm: Đè vạch dừng,"Video: demo_video.mp4, Frame: 10, Độ rõ: Rõ"
2026-02-07 03:20:02,59B05868,PHÁT HIỆN VI PHẠM VIDEO,Xe máy - 59B-05868,"Video: demo_video.mp4, Frame: 15, Độ rõ: Rõ"
2026-02-07 03:20:02,59B0568,PHÁT HIỆN VI PHẠM VIDEO,Xe máy - 59B-0568,"Video: demo_video.mp4, Frame: 20, Độ rõ: Rõ"
2026-02-07 03:20:02,97B06868,PHÁT HIỆN VI PHẠM VIDEO,Xe máy - 97B-06868,"Video: demo_video.mp4, Frame: 25, Độ rõ: Rõ"
2026-02-07 03:20:02,51861,PHÁT HIỆN VI PHẠM VIDEO,Xe máy - 5-1861,"Video: demo_video.mp4, Frame: 25, Độ rõ: Rõ"
2026-02-07 03:20:02,597B06868,PHÁT HIỆN VI PHẠM VIDEO,Xe máy - 597B-06868,"Video: demo_video.mp4, Frame: 30, Độ rõ: Rõ"
2026-02-07 03:20:02,59706868,PHÁT HIỆN VI PHẠM VIDEO,Xe máy - 597-06868 - Vi phạm: Đè vạch dừng,"Video: demo_video.mp4, Frame: 35, Độ rõ: Rõ"
2026-02-07 03:20:02,97B0688,PHÁT HIỆN VI PHẠM VIDEO,Xe máy - 97B-0688 - Vi phạm: Đè vạch dừng,"Video: demo_video.mp4, Frame: 40, Độ rõ: Rõ"
2026-02-07 03:20:02,59B06868,PHÁT HIỆN VI PHẠM VIDEO,Xe máy - 59B-06868,"Video: demo_video.mp4, Frame: 45, Độ rõ: Rõ"
2026-02-07 03:20:02,70A26872,PHÁT HIỆN VI PHẠM VIDEO,Xe máy - 70A-26872,"Video: demo_video.mp4, Frame: 45, Độ rõ: Rõ"
2026-02-07 03:20:02,59410861,PHÁT HIỆN VI PHẠM VIDEO,Xe máy - 594-10861 (Mờ),"Video: demo_video.mp4, Frame: 45, Độ rõ: Mờ"
2026-02-07 03:20:02,91B58,PHÁT HIỆN VI PHẠM VIDEO,Xe máy - 91B-58 - Vi phạm: Đè vạch dừng,"Video: demo_video.mp4, Frame: 50, Độ rõ: Rõ"
2026-02-07 03:20:02,7D126872,PHÁT HIỆN VI PHẠM VIDEO,Xe máy - 7D1-26872,"Video: demo_video.mp4, Frame: 50, Độ rõ: Rõ"
2026-02-07 03:20:02,8,PHÁT HIỆN VI PHẠM VIDEO,Xe máy - -8 - Vi phạm: Đè vạch dừng,"Video: demo_video.mp4, Frame: 50, Độ rõ: Rõ"
2026-02-07 03:20:02,991081,PHÁT HIỆN VI PHẠM VIDEO,Xe máy - 99-1081,"Video: demo_video.mp4, Frame: 55, Độ rõ: Rõ"
2026-02-07 03:20:02,7DA26872,PHÁT HIỆN VI PHẠM VIDEO,Xe máy - 7DA-26872,"Video: demo_video.mp4, Frame: 55, Độ rõ: Rõ"
2026-02-07 03:20:02,X910861,PHÁT HIỆN VI PHẠM VIDEO,Xe máy - X9-10861,"Video: demo_video.mp4, Frame: 60, Độ rõ: Rõ"
2026-02-07 03:20:02,5910558,PHÁT HIỆN VI PHẠM VIDEO,Xe máy - 591-0558,"Video: demo_video.mp4, Frame: 65, Độ rõ: Rõ"
2026-02-07 03:20:02,5910861,PHÁT HIỆN VI PHẠM VIDEO,Xe máy - 59-10861,"Video: demo_video.mp4, Frame: 70, Độ rõ: Rõ"
2026-02-07 03:20:02,91110861,PHÁT HIỆN VI PHẠM VIDEO,Xe máy - 911-10861,"Video: demo_video.mp4, Frame: 75, Độ rõ: Rõ"
2026-02-07 03:20:02,59110861,PHÁT HIỆN VI PHẠM VIDEO,Xe máy - 591-10861,"Video: demo_video.mp4, Frame: 105, Độ rõ: Rõ"
2026-02-07 03:20:02,972,PHÁT HIỆN VI PHẠM VIDEO,Xe máy - 9-72 (Mờ),"Video: demo_video.mp4, Frame: 120, Độ rõ: Mờ"
2026-02-07 03:20:02,59R12,PHÁT HIỆN VI PHẠM VIDEO,Xe máy - 59R-12 (Mờ),"Video: demo_video.mp4, Frame: 125, Độ rõ: Mờ"
2026-02-07 03:20:02,F9824,PHÁT HIỆN VI PHẠM VIDEO,Xe máy - F9-824 (Mờ),"Video: demo_video.mp4, Frame: 130, Độ rõ: Mờ"
2026-02-07 03:20:02,9R1212,PHÁT HIỆN VI PHẠM VIDEO,Xe máy - 9R-1212 (Mờ),"Video: demo_video.mp4, Frame: 135, Độ rõ: Mờ"
2026-02-07 03:20:02,61H159850,PHÁT HIỆN VI PHẠM VIDEO,Xe máy - 61H1-59850 - Vi phạm: Đè vạch dừng,"Video: demo_video.mp4, Frame: 135, Độ rõ: Rõ"
2026-02-07 03:20:02,5R78214,PHÁT HIỆN VI PHẠM VIDEO,Xe máy - 5R-78214,"Video: demo_video.mp4, Frame: 140, Độ rõ: Rõ"
2026-02-07 03:20:02,59Y1161,PHÁT HIỆN VI PHẠM VIDEO,Xe máy - 59Y1-161,"Video: demo_video.mp4, Frame: 140, Độ rõ: Rõ"
2026-02-07 03:20:02,59R7821,PHÁT HIỆN VI PHẠM VIDEO,Xe máy - 59R-7821,"Video: demo_video.mp4, Frame: 145, Độ rõ: Rõ"
2026-02-07 03:20:02,59214,PHÁT HIỆN VI PHẠM VIDEO,Xe máy - 59-214 - Vi phạm: Đè vạch dừng,"Video: demo_video.mp4, Frame: 150, Độ rõ: Rõ"
2026-02-07 03:20:02,6918214,PHÁT HIỆN VI PHẠM VIDEO,Xe máy - 69-18214 - Vi phạm: Đè vạch dừng,"Video: demo_video.mp4, Frame: 155, Độ rõ: Rõ"
2026-02-07 03:20:02,61R159850,PHÁT HIỆN VI PHẠM VIDEO,Xe máy - 61R1-59850 - Vi phạm: Đè vạch dừng,"Video: demo_video.mp4, Frame: 155, Độ rõ: Rõ"
2026-02-07 03:20:02,59R18214,PHÁT HIỆN VI PHẠM VIDEO,Xe máy - 59R-18214 - Vi phạm: Đè vạch dừng,"Video: demo_video.mp4, Frame: 160, Độ rõ: Rõ"
2026-02-07 03:20:02,59RA18214,PHÁT HIỆN VI PHẠM VIDEO,Xe máy - 59RA-18214 - Vi phạm: Đè vạch dừng,"Video: demo_video.mp4, Frame: 165, Độ rõ: Rõ"
2026-02-07 03:20:02,69RA18214,PHÁT HIỆN VI PHẠM VIDEO,Xe máy - 69RA-18214 - Vi phạm: Đè vạch dừng,"Video: demo_video.mp4, Frame: 170, Độ rõ: Rõ"
2026-02-07 03:20:02,5R18214,PHÁT HIỆN VI PHẠM VIDEO,Xe máy - 5R-18214 - Vi phạm: Đè vạch dừng,"Video: demo_video.mp4, Frame: 180, Độ rõ: Rõ"
2026-02-07 03:20:02,R59850,PHÁT HIỆN VI PHẠM VIDEO,Xe máy - R-59850 - Vi phạm: Đè vạch dừng,"Video: demo_video.mp4, Frame: 180, Độ rõ: Rõ"
2026-02-07 03:20:02,69R1821,PHÁT HIỆN VI PHẠM VIDEO,Xe máy - 69R-1821 - Vi phạm: Đè vạch dừng,"Video: demo_video.mp4, Frame: 185, Độ rõ: Rõ"
2026-02-07 03:20:02,1Z15980,PHÁT HIỆN VI PHẠM VIDEO,Xe máy - 1Z1-5980 - Vi phạm: Đè vạch dừng,"Video: demo_video.mp4, Frame: 185, Độ rõ: Rõ"
2026-02-07 03:20:02,59R121,PHÁT HIỆN VI PHẠM VIDEO,Xe máy - 59R-121 - Vi phạm: Đè vạch dừng,"Video: demo_video.mp4, Frame: 190, Độ rõ: Rõ"
2026-02-07 03:20:02,59A18214,PHÁT HIỆN VI PHẠM VIDEO,Xe máy - 59A-18214 - Vi phạm: Đè vạch dừng,"Video: demo_video.mp4, Frame: 195, Độ rõ: Rõ"
2026-02-07 03:20:02,59R1821,PHÁT HIỆN VI PHẠM VIDEO,Xe máy - 59R-1821 - Vi phạm: Đè vạch dừng,"Video: demo_video.mp4, Frame: 200, Độ rõ: Rõ"
2026-02-07 03:20:02,5917214,PHÁT HIỆN VI PHẠM VIDEO,Xe máy - 59-17214 - Vi phạm: Đè vạch dừng,"Video: demo_video.mp4, Frame: 205, Độ rõ: Rõ"
2026-02-07 03:20:02,59R8214,PHÁT HIỆN VI PHẠM VIDEO,Xe máy - 59R-8214 - Vi phạm: Đè vạch dừng,"Video: demo_video.mp4, Frame: 210, Độ rõ: Rõ"
2026-02-07 03:20:02,8120,PHÁT HIỆN VI PHẠM VIDEO,Xe máy - 81-20,"Video: demo_video.mp4, Frame: 215, Độ rõ: Rõ"
2026-02-07 03:20:02,5982,PHÁT HIỆN VI PHẠM VIDEO,Xe máy - 59-82 - Vi phạm: Đè vạch dừng,"Video: demo_video.mp4, Frame: 215, Độ rõ: Rõ"
2026-02-07 03:20:02,5005,PHÁT HIỆN VI PHẠM VIDEO,Xe máy - 500-5 - Vi phạm: Đè vạch dừng,"Video: demo_video.mp4, Frame: 220, Độ rõ: Rõ"
2026-02-07 03:20:02,Z8721,PHÁT HIỆN VI PHẠM VIDEO,Xe máy - Z-8721 (Mờ),"Video: demo_video.mp4, Frame: 230, Độ rõ: Mờ"
2026-02-07 03:20:02,814,PHÁT HIỆN VI PHẠM VIDEO,Xe máy - 8-14 - Vi phạm: Đè vạch dừng,"Video: demo_video.mp4, Frame: 235, Độ rõ: Rõ"
2026-02-07 03:20:02,5,PHÁT HIỆN VI PHẠM VIDEO,Xe máy - -5,"Video: demo_video.mp4, Frame: 245, Độ rõ: Rõ"
2026-02-07 03:20:02,70A26822,PHÁT HIỆN VI PHẠM VIDEO,Xe máy - 70A-26822,"Video: demo_video.mp4, Frame: 260, Độ rõ: Rõ"
2026-02-07 03:20:02,591079,PHÁT HIỆN VI PHẠM VIDEO,Xe máy - 591-079,"Video: demo_video.mp4, Frame: 260, Độ rõ: Rõ"
2026-02-07 03:20:02,5R9Y778079,PHÁT HIỆN VI PHẠM VIDEO,Xe máy - 5R9Y7-78079,"Video: demo_video.mp4, Frame: 265, Độ rõ: Rõ"
2026-02-07 03:20:02,59807,PHÁT HIỆN VI PHẠM VIDEO,Xe máy - 59-807 - Vi phạm: Đè vạch dừng,"Video: demo_video.mp4, Frame: 285, Độ rõ: Rõ"
2026-02-07 03:20:02,59178D079,PHÁT HIỆN VI PHẠM VIDEO,Xe máy - 591-78D079 - Vi phạm: Đè vạch dừng,"Video: demo_video.mp4, Frame: 290, Độ rõ: Rõ"
2026-02-07 03:20:02,519178079,PHÁT HIỆN VI PHẠM VIDEO,Xe máy - 5191-78079 - Vi phạm: Đè vạch dừng,"Video: demo_video.mp4, Frame: 295, Độ rõ: Rõ"
2026-02-07 03:20:02,59P1178079,PHÁT HIỆN VI PHẠM VIDEO,Xe máy - 59P11-78079 - Vi phạm: Đè vạch dừng,"Video: demo_video.mp4, Frame: 300, Độ rõ: Rõ"
2026-02-07 03:20:02,591178079,PHÁT HIỆN VI PHẠM VIDEO,Xe máy - 5911-78079 - Vi phạm: Đè vạch dừng,"Video: demo_video.mp4, Frame: 305, Độ rõ: Rõ"
2026-02-07 03:20:02,59178079,PHÁT HIỆN VI PHẠM VIDEO,Xe máy - 591-78079 - Vi phạm: Đè vạch dừng,"Video: demo_video.mp4, Frame: 330, Độ rõ: Rõ"
2026-02-07 03:20:02,178B2,PHÁT HIỆN VI PHẠM VIDEO,Xe máy - 1-78B2 - Vi phạm: Đè vạch dừng,"Video: demo_video.mp4, Frame: 340, Độ rõ: Rõ"
2026-02-07 03:20:02,757,PHÁT HIỆN VI PHẠM VIDEO,Xe máy - 7-57,"Video: demo_video.mp4, Frame: 340, Độ rõ: Rõ"
2026-02-07 03:20:02,525E,PHÁT HIỆN VI PHẠM VIDEO,Xe máy - 52-5E,"Video: demo_video.mp4, Frame: 345, Độ rõ: Rõ"
2026-02-07 03:20:02,59R2553,PHÁT HIỆN VI PHẠM VIDEO,Xe máy - 59R2-553,"Video: demo_video.mp4, Frame: 350, Độ rõ: Rõ"
2026-02-07 03:20:02,59RR27553,PHÁT HIỆN VI PHẠM VIDEO,Xe máy - 59RR2-7553,"Video: demo_video.mp4, Frame: 355, Độ rõ: Rõ"
2026-02-07 03:20:02,59253,PHÁT HIỆN VI PHẠM VIDEO,Xe máy - 592-53,"Video: demo_video.mp4, Frame: 360, Độ rõ: Rõ"
2026-02-07 03:20:02,5TR273,PHÁT HIỆN VI PHẠM VIDEO,Xe máy - 5TR2-73,"Video: demo_video.mp4, Frame: 365, Độ rõ: Rõ"
2026-02-07 03:20:02,9124253,PHÁT HIỆN VI PHẠM VIDEO,Xe máy - 912-4253,"Video: demo_video.mp4, Frame: 370, Độ rõ: Rõ"
2026-02-07 03:20:02,52425,PHÁT HIỆN VI PHẠM VIDEO,Xe máy - 52-425 - Vi phạm: Đè vạch dừng,"Video: demo_video.mp4, Frame: 375, Độ rõ: Rõ"
2026-02-07 03:20:02,524253,PHÁT HIỆN VI PHẠM VIDEO,Xe máy - 52-4253 - Vi phạm: Đè vạch dừng,"Video: demo_video.mp4, Frame: 380, Độ rõ: Rõ"
2026-02-07 03:20:02,3242353,PHÁT HIỆN VI PHẠM VIDEO,Xe máy - 32-42353 - Vi phạm: Đè vạch dừng,"Video: demo_video.mp4, Frame: 385, Độ rõ: Rõ"
2026-02-07 03:20:02,242553,PHÁT HIỆN VI PHẠM VIDEO,Xe máy - 2-42553 - Vi phạm: Đè vạch dừng,"Video: demo_video.mp4, Frame: 390, Độ rõ: Rõ"
2026-02-07 03:20:02,527T31650,PHÁT HIỆN VI PHẠM VIDEO,Xe máy - 527T3-1650,"Video: demo_video.mp4, Frame: 415, Độ rõ: Rõ"
2026-02-07 03:20:02,59T321650,PHÁT HIỆN VI PHẠM VIDEO,Xe máy - 59T3-21650,"Video: demo_video.mp4, Frame: 420, Độ rõ: Rõ"
2026-02-07 03:20:02,592T321650,PHÁT HIỆN VI PHẠM VIDEO,Xe máy - 592T3-21650,"Video: demo_video.mp4, Frame: 425, Độ rõ: Rõ"
2026-02-07 03:20:02,59T21630,PHÁT HIỆN VI PHẠM VIDEO,Xe máy - 59T-21630 - Vi phạm: Đè vạch dừng,"Video: demo_video.mp4, Frame: 440, Độ rõ: Rõ"
2026-02-07 03:20:02,59321650,PHÁT HIỆN VI PHẠM VIDEO,Xe máy - 593-21650 - Vi phạm: Đè vạch dừng,"Video: demo_video.mp4, Frame: 445, Độ rõ: Rõ"
2026-02-07 03:20:02,5D106,PHÁT HIỆN VI PHẠM VIDEO,Xe máy - 5D-106,"Video: demo_video.mp4, Frame: 465, Độ rõ: Rõ"
2026-02-07 03:20:02,39T321650,PHÁT HIỆN VI PHẠM VIDEO,Xe máy - 39T3-21650 - Vi phạm: Đè vạch dừng,"Video: demo_video.mp4, Frame: 465, Độ rõ: Rõ"
2026-02-07 03:20:02,50E106E,PHÁT HIỆN VI PHẠM VIDEO,Xe máy - 50E-106E,"Video: demo_video.mp4, Frame: 470, Độ rõ: Rõ"
2026-02-07 03:20:02,59T3260,PHÁT HIỆN VI PHẠM VIDEO,Xe máy - 59T3-260,"Video: demo_video.mp4, Frame: 470, Độ rõ: Rõ"
2026-02-07 03:20:02,5DE10630,PHÁT HIỆN VI PHẠM VIDEO,Xe máy - 5DE-10630,"Video: demo_video.mp4, Frame: 475, Độ rõ: Rõ"
2026-02-07 03:20:02,39V321650,PHÁT HIỆN VI PHẠM VIDEO,Xe máy - 39V3-21650 - Vi phạm: Đè vạch dừng,"Video: demo_video.mp4, Frame: 475, Độ rõ: Rõ"
2026-02-07 03:20:02,5E10630,PHÁT HIỆN VI PHẠM VIDEO,Xe máy - 5E-10630,"Video: demo_video.mp4, Frame: 485, Độ rõ: Rõ"
2026-02-07 03:20:02,50E10630,PHÁT HIỆN VI PHẠM VIDEO,Xe máy - 50E-10630,"Video: demo_video.mp4, Frame: 490, Độ rõ: Rõ"
2026-02-07 03:20:02,59321630,PHÁT HIỆN VI PHẠM VIDEO,Xe máy - 593-21630 - Vi phạm: Đè vạch dừng,"Video: demo_video.mp4, Frame: 490, Độ rõ: Rõ"
2026-02-07 03:20:02,6DE10623D,PHÁT HIỆN VI PHẠM VIDEO,Xe máy - 6DE-10623D,"Video: demo_video.mp4, Frame: 500, Độ rõ: Rõ"
2026-02-07 03:20:02,47A81773,PHÁT HIỆN VI PHẠM VIDEO,Xe máy - 47A-81773,"Video: demo_video.mp4, Frame: 500, Độ rõ: Rõ"
2026-02-07 03:20:02,Y960218E0,PHÁT HIỆN VI PHẠM VIDEO,Xe máy - Y960-218E0 - Vi phạm: Đè vạch dừng,"Video: demo_video.mp4, Frame: 500, Độ rõ: Rõ"
2026-02-07 03:20:02,5010630,PHÁT HIỆN VI PHẠM VIDEO,Xe máy - 50-10630,"Video: demo_video.mp4, Frame: 505, Độ rõ: Rõ"
2026-02-07 03:20:02,59321760,PHÁT HIỆN VI PHẠM VIDEO,Xe máy - 593-21760 - Vi phạm: Đè vạch dừng,"Video: demo_video.mp4, Frame: 505, Độ rõ: Rõ"
2026-02-07 03:21:38,1X1408503,PHÁT HIỆN VI PHẠM,Xe máy - 1X14-08503 - Vi phạm: Đè vạch dừng,Video: demo_video.mp4 - Frame 5
2026-02-07 03:21:39,81108503,PHÁT HIỆN VI PHẠM,Xe máy - 811-08503 - Vi phạm: Đè vạch dừng,Video: demo_video.mp4 - Frame 10
2026-02-07 03:21:42,59706868,PHÁT HIỆN VI PHẠM,Xe máy - 597-06868 - Vi phạm: Đè vạch dừng,Video: demo_video.mp4 - Frame 35
2026-02-07 03:21:43,97B0688,PHÁT HIỆN VI PHẠM,Xe máy - 97B-0688 - Vi phạm: Đè vạch dừng,Video: demo_video.mp4 - Frame 40
2026-02-07 03:21:44,91B58,PHÁT HIỆN VI PHẠM,Xe máy - 91B-58 - Vi phạm: Đè vạch dừng,Video: demo_video.mp4 - Frame 50
2026-02-07 03:21:45,8,PHÁT HIỆN VI PHẠM,Xe máy - -8 - Vi phạm: Đè vạch dừng,Video: demo_video.mp4 - Frame 50
2026-02-07 03:21:54,61H159850,PHÁT HIỆN VI PHẠM,Xe máy - 61H1-59850 - Vi phạm: Đè vạch dừng,Video: demo_video.mp4 - Frame 135
2026-02-07 03:21:56,59214,PHÁT HIỆN VI PHẠM,Xe máy - 59-214 - Vi phạm: Đè vạch dừng,Video: demo_video.mp4 - Frame 150
2026-02-07 03:21:56,6918214,PHÁT HIỆN VI PHẠM,Xe máy - 69-18214 - Vi phạm: Đè vạch dừng,Video: demo_video.mp4 - Frame 155
2026-02-07 03:21:57,61R159850,PHÁT HIỆN VI PHẠM,Xe máy - 61R1-59850 - Vi phạm: Đè vạch dừng,Video: demo_video.mp4 - Frame 155
2026-02-07 03:21:57,59R18214,PHÁT HIỆN VI PHẠM,Xe máy - 59R-18214 - Vi phạm: Đè vạch dừng,Video: demo_video.mp4 - Frame 160
2026-02-07 03:21:58,59RA18214,PHÁT HIỆN VI PHẠM,Xe máy - 59RA-18214 - Vi phạm: Đè vạch dừng,Video: demo_video.mp4 - Frame 165
2026-02-07 03:21:58,69RA18214,PHÁT HIỆN VI PHẠM,Xe máy - 69RA-18214 - Vi phạm: Đè vạch dừng,Video: demo_video.mp4 - Frame 170
2026-02-07 03:22:00,5R18214,PHÁT HIỆN VI PHẠM,Xe máy - 5R-18214 - Vi phạm: Đè vạch dừng,Video: demo_video.mp4 - Frame 180
2026-02-07 03:22:00,R59850,PHÁT HIỆN VI PHẠM,Xe máy - R-59850 - Vi phạm: Đè vạch dừng,Video: demo_video.mp4 - Frame 180
2026-02-07 03:22:00,69R1821,PHÁT HIỆN VI PHẠM,Xe máy - 69R-1821 - Vi phạm: Đè vạch dừng,Video: demo_video.mp4 - Frame 185
2026-02-07 03:22:01,1Z15980,PHÁT HIỆN VI PHẠM,Xe máy - 1Z1-5980 - Vi phạm: Đè vạch dừng,Video: demo_video.mp4 - Frame 185
2026-02-07 03:22:01,59R121,PHÁT HIỆN VI PHẠM,Xe máy - 59R-121 - Vi phạm: Đè vạch dừng,Video: demo_video.mp4 - Frame 190
2026-02-07 03:22:02,59A18214,PHÁT HIỆN VI PHẠM,Xe máy - 59A-18214 - Vi phạm: Đè vạch dừng,Video: demo_video.mp4 - Frame 195
2026-02-07 03:22:02,59R1821,PHÁT HIỆN VI PHẠM,Xe máy - 59R-1821 - Vi phạm: Đè vạch dừng,Video: demo_video.mp4 - Frame 200
2026-02-07 03:22:03,5917214,PHÁT HIỆN VI PHẠM,Xe máy - 59-17214 - Vi phạm: Đè vạch dừng,Video: demo_video.mp4 - Frame 205
2026-02-07 03:22:03,59R8214,PHÁT HIỆN VI PHẠM,Xe máy - 59R-8214 - Vi phạm: Đè vạch dừng,Video: demo_video.mp4 - Frame 210
2026-02-07 03:22:04,5982,PHÁT HIỆN VI PHẠM,Xe máy - 59-82 - Vi phạm: Đè vạch dừng,Video: demo_video.mp4 - Frame 215
2026-02-07 03:22:05,5005,PHÁT HIỆN VI PHẠM,Xe máy - 500-5 - Vi phạm: Đè vạch dừng,Video: demo_video.mp4 - Frame 220
2026-02-07 03:22:06,Z8721,PHÁT HIỆN VI PHẠM,Xe máy - Z-8721 (Mờ),Video: demo_video.mp4 - Frame 230
2026-02-07 03:22:06,814,PHÁT HIỆN VI PHẠM,Xe máy - 8-14 - Vi phạm: Đè vạch dừng,Video: demo_video.mp4 - Frame 235
2026-02-07 03:22:11,59807,PHÁT HIỆN VI PHẠM,Xe máy - 59-807 - Vi phạm: Đè vạch dừng,Video: demo_video.mp4 - Frame 285
2026-02-07 03:22:12,59178D079,PHÁT HIỆN VI PHẠM,Xe máy - 591-78D079 - Vi phạm: Đè vạch dừng,Video: demo_video.mp4 - Frame 290
2026-02-07 03:22:12,519178079,PHÁT HIỆN VI PHẠM,Xe máy - 5191-78079 - Vi phạm: Đè vạch dừng,Video: demo_video.mp4 - Frame 295
2026-02-07 03:22:13,59P1178079,PHÁT HIỆN VI PHẠM,Xe máy - 59P11-78079 - Vi phạm: Đè vạch dừng,Video: demo_video.mp4 - Frame 300
2026-02-07 03:22:13,591178079,PHÁT HIỆN VI PHẠM,Xe máy - 5911-78079 - Vi phạm: Đè vạch dừng,Video: demo_video.mp4 - Frame 305
2026-02-07 03:22:16,59178079,PHÁT HIỆN VI PHẠM,Xe máy - 591-78079 - Vi phạm: Đè vạch dừng,Video: demo_video.mp4 - Frame 330
2026-02-07 03:22:17,178B2,PHÁT HIỆN VI PHẠM,Xe máy - 1-78B2 - Vi phạm: Đè vạch dừng,Video: demo_video.mp4 - Frame 340
2026-02-07 03:22:22,52425,PHÁT HIỆN VI PHẠM,Xe máy - 52-425 - Vi phạm: Đè vạch dừng,Video: demo_video.mp4 - Frame 375
2026-02-07 03:22:22,524253,PHÁT HIỆN VI PHẠM,Xe máy - 52-4253 - Vi phạm: Đè vạch dừng,Video: demo_video.mp4 - Frame 380
2026-02-07 03:22:23,3242353,PHÁT HIỆN VI PHẠM,Xe máy - 32-42353 - Vi phạm: Đè vạch dừng,Video: demo_video.mp4 - Frame 385
2026-02-07 03:22:23,242553,PHÁT HIỆN VI PHẠM,Xe máy - 2-42553 - Vi phạm: Đè vạch dừng,Video: demo_video.mp4 - Frame 390
2026-02-07 03:22:29,59T21630,PHÁT HIỆN VI PHẠM,Xe máy - 59T-21630 - Vi phạm: Đè vạch dừng,Video: demo_video.mp4 - Frame 440
2026-02-07 03:22:29,59321650,PHÁT HIỆN VI PHẠM,Xe máy - 593-21650 - Vi phạm: Đè vạch dừng,Video: demo_video.mp4 - Frame 445
2026-02-07 03:22:32,39T321650,PHÁT HIỆN VI PHẠM,Xe máy - 39T3-21650 - Vi phạm: Đè vạch dừng,Video: demo_video.mp4 - Frame 465
2026-02-07 03:22:33,39V321650,PHÁT HIỆN VI PHẠM,Xe máy - 39V3-21650 - Vi phạm: Đè vạch dừng,Video: demo_video.mp4 - Frame 475
2026-02-07 03:22:36,59321630,PHÁT HIỆN VI PHẠM,Xe máy - 593-21630 - Vi phạm: Đè vạch dừng,Video: demo_video.mp4 - Frame 490
2026-02-07 03:22:37,Y960218E0,PHÁT HIỆN VI PHẠM,Xe máy - Y960-218E0 - Vi phạm: Đè vạch dừng,Video: demo_video.mp4 - Frame 500
2026-02-07 03:22:38,59321760,PHÁT HIỆN VI PHẠM,Xe máy - 593-21760 - Vi phạm: Đè vạch dừng,Video: demo_video.mp4 - Frame 505
2026-02-07 03:22:38,597B05868,PHÁT HIỆN VI PHẠM VIDEO,Xe máy - 597B-05868,"Video: demo_video.mp4, Frame: 5, Độ rõ: Rõ"
2026-02-07 03:22:38,1X1408503,PHÁT HIỆN VI PHẠM VIDEO,Xe máy - 1X14-08503 - Vi phạm: Đè vạch dừng,"Video: demo_video.mp4, Frame: 5, Độ rõ: Rõ"
2026-02-07 03:22:38,47A61773,PHÁT HIỆN VI PHẠM VIDEO,Xe máy - 47A-61773,"Video: demo_video.mp4, Frame: 5, Độ rõ: Rõ"
2026-02-07 03:22:38,910861,PHÁT HIỆN VI PHẠM VIDEO,Xe máy - 9-10861,"Video: demo_video.mp4, Frame: 5, Độ rõ: Rõ"
2026-02-07 03:22:38,81108503,PHÁT HIỆN VI PHẠM VIDEO,Xe máy - 811-08503 - Vi phạm: Đè vạch dừng,"Video: demo_video.mp4, Frame: 10, Độ rõ: Rõ"
2026-02-07 03:22:38,59B05868,PHÁT HIỆN VI PHẠM VIDEO,Xe máy - 59B-05868,"Video: demo_video.mp4, Frame: 15, Độ rõ: Rõ"
2026-02-07 03:22:38,59B0568,PHÁT HIỆN VI PHẠM VIDEO,Xe máy - 59B-0568,"Video: demo_video.mp4, Frame: 20, Độ rõ: Rõ"
2026-02-07 03:22:38,97B06868,PHÁT HIỆN VI PHẠM VIDEO,Xe máy - 97B-06868,"Video: demo_video.mp4, Frame: 25, Độ rõ: Rõ"
2026-02-07 03:22:38,51861,PHÁT HIỆN VI PHẠM VIDEO,Xe máy - 5-1861,"Video: demo_video.mp4, Frame: 25, Độ rõ: Rõ"
2026-02-07 03:22:38,597B06868,PHÁT HIỆN VI PHẠM VIDEO,Xe máy - 597B-06868,"Video: demo_video.mp4, Frame: 30, Độ rõ: Rõ"
2026-02-07 03:22:38,59706868,PHÁT HIỆN VI PHẠM VIDEO,Xe máy - 597-06868 - Vi phạm: Đè vạch dừng,"Video: demo_video.mp4, Frame: 35, Độ rõ: Rõ"
2026-02-07 03:22:38,97B0688,PHÁT HIỆN VI PHẠM VIDEO,Xe máy - 97B-0688 - Vi phạm: Đè vạch dừng,"Video: demo_video.mp4, Frame: 40, Độ rõ: Rõ"
2026-02-07 03:22:38,59B06868,PHÁT HIỆN VI PHẠM VIDEO,Xe máy - 59B-06868,"Video: demo_video.mp4, Frame: 45, Độ rõ: Rõ"
2026-02-07 03:22:38,70A26872,PHÁT HIỆN VI PHẠM VIDEO,Xe máy - 70A-26872,"Video: demo_video.mp4, Frame: 45, Độ rõ: Rõ"
2026-02-07 03:22:38,59410861,PHÁT HIỆN VI PHẠM VIDEO,Xe máy - 594-10861 (Mờ),"Video: demo_video.mp4, Frame: 45, Độ rõ: Mờ"
2026-02-07 03:22:38,91B58,PHÁT HIỆN VI PHẠM VIDEO,Xe máy - 91B-58 - Vi phạm: Đè vạch dừng,"Video: demo_video.mp4, Frame: 50, Độ rõ: Rõ"
2026-02-07 03:22:38,7D126872,PHÁT HIỆN VI PHẠM VIDEO,Xe máy - 7D1-26872,"Video: demo_video.mp4, Frame: 50, Độ rõ: Rõ"
2026-02-07 03:22:38,8,PHÁT HIỆN VI PHẠM VIDEO,Xe máy - -8 - Vi phạm: Đè vạch dừng,"Video: demo_video.mp4, Frame: 50, Độ rõ: Rõ"
2026-02-07 03:22:38,991081,PHÁT HIỆN VI PHẠM VIDEO,Xe máy - 99-1081,"Video: demo_video.mp4, Frame: 55, Độ rõ: Rõ"
2026-02-07 03:22:38,7DA26872,PHÁT HIỆN VI PHẠM VIDEO,Xe máy - 7DA-26872,"Video: demo_video.mp4, Frame: 55, Độ rõ: Rõ"
2026-02-07 03:22:38,X910861,PHÁT HIỆN VI PHẠM VIDEO,Xe máy - X9-10861,"Video: demo_video.mp4, Frame: 60, Độ rõ: Rõ"
2026-02-07 03:22:38,5910558,PHÁT HIỆN VI PHẠM VIDEO,Xe máy - 591-0558,"Video: demo_video.mp4, Frame: 65, Độ rõ: Rõ"
2026-02-07 03:22:38,5910861,PHÁT HIỆN VI PHẠM VIDEO,Xe máy - 59-10861,"Video: demo_video.mp4, Frame: 70, Độ rõ: Rõ"
2026-02-07 03:22:38,91110861,PHÁT HIỆN VI PHẠM VIDEO,Xe máy - 911-10861,"Video: demo_video.mp4, Frame: 75, Độ rõ: Rõ"
2026-02-07 03:22:38,59110861,PHÁT HIỆN VI PHẠM VIDEO,Xe máy - 591-10861,"Video: demo_video.mp4, Frame: 105, Độ rõ: Rõ"
2026-02-07 03:22:38,972,PHÁT HIỆN VI PHẠM VIDEO,Xe máy - 9-72 (Mờ),"Video: demo_video.mp4, Frame: 120, Độ rõ: Mờ"
2026-02-07 03:22:38,59R12,PHÁT HIỆN VI PHẠM VIDEO,Xe máy - 59R-12 (Mờ),"Video: demo_video.mp4, Frame: 125, Độ rõ: Mờ"
2026-02-07 03:22:38,F9824,PHÁT HIỆN VI PHẠM VIDEO,Xe máy - F9-824 (Mờ),"Video: demo_video.mp4, Frame: 130, Độ rõ: Mờ"
2026-02-07 03:22:38,9R1212,PHÁT HIỆN VI PHẠM VIDEO,Xe máy - 9R-1212 (Mờ),"Video: demo_video.mp4, Frame: 135, Độ rõ: Mờ"
2026-02-07 03:22:38,61H159850,PHÁT HIỆN VI PHẠM VIDEO,Xe máy - 61H1-59850 - Vi phạm: Đè vạch dừng,"Video: demo_video.mp4, Frame: 135, Độ rõ: Rõ"
2026-02-07 03:22:38,5R78214,PHÁT HIỆN VI PHẠM VIDEO,Xe máy - 5R-78214,"Video: demo_video.mp4, Frame: 140, Độ rõ: Rõ"
2026-02-07 03:22:38,59Y1161,PHÁT HIỆN VI PHẠM VIDEO,Xe máy - 59Y1-161,"Video: demo_video.mp4, Frame: 140, Độ rõ: Rõ"
2026-02-07 03:22:38,59R7821,PHÁT HIỆN VI PHẠM VIDEO,Xe máy - 59R-7821,"Video: demo_video.mp4, Frame: 145, Độ rõ: Rõ"
2026-02-07 03:22:38,59214,PHÁT HIỆN VI PHẠM VIDEO,Xe máy - 59-214 - Vi phạm: Đè vạch dừng,"Video: demo_video.mp4, Frame: 150, Độ rõ: Rõ"
2026-02-07 03:22:38,6918214,PHÁT HIỆN VI PHẠM VIDEO,Xe máy - 69-18214 - Vi phạm: Đè vạch dừng,"Video: demo_video.mp4, Frame: 155, Độ rõ: Rõ"
2026-02-07 03:22:38,61R159850,PHÁT HIỆN VI PHẠM VIDEO,Xe máy - 61R1-59850 - Vi phạm: Đè vạch dừng,"Video: demo_video.mp4, Frame: 155, Độ rõ: Rõ"
2026-02-07 03:22:38,59R18214,PHÁT HIỆN VI PHẠM VIDEO,Xe máy - 59R-18214 - Vi phạm: Đè vạch dừng,"Video: demo_video.mp4, Frame: 160, Độ rõ: Rõ"
2026-02-07 03:22:38,59RA18214,PHÁT HIỆN VI PHẠM VIDEO,Xe máy - 59RA-18214 - Vi phạm: Đè vạch dừng,"Video: demo_video.mp4, Frame: 165, Độ rõ: Rõ"
2026-02-07 03:22:38,69RA18214,PHÁT HIỆN VI PHẠM VIDEO,Xe máy - 69RA-18214 - Vi phạm: Đè vạch dừng,"Video: demo_video.mp4, Frame: 170, Độ rõ: Rõ"
2026-02-07 03:22:38,5R18214,PHÁT HIỆN VI PHẠM VIDEO,Xe máy - 5R-18214 - Vi phạm: Đè vạch dừng,"Video: demo_video.mp4, Frame: 180, Độ rõ: Rõ"
2026-02-07 03:22:38,R59850,PHÁT HIỆN VI PHẠM VIDEO,Xe máy - R-59850 - Vi phạm: Đè vạch dừng,"Video: demo_video.mp4, Frame: 180, Độ rõ: Rõ"
2026-02-07 03:22:38,69R1821,PHÁT HIỆN VI PHẠM VIDEO,Xe máy - 69R-1821 - Vi phạm: Đè vạch dừng,"Video: demo_video.mp4, Frame: 185, Độ rõ: Rõ"
2026-02-07 03:22:38,1Z15980,PHÁT HIỆN VI PHẠM VIDEO,Xe máy - 1Z1-5980 - Vi phạm: Đè vạch dừng,"Video: demo_video.mp4, Frame: 185, Độ rõ: Rõ"
2026-02-07 03:22:38,59R121,PHÁT HIỆN VI PHẠM VIDEO,Xe máy - 59R-121 - Vi phạm: Đè vạch dừng,"Video: demo_video.mp4, Frame: 190, Độ rõ: Rõ"
2026-02-07 03:22:38,59A18214,PHÁT HIỆN VI PHẠM VIDEO,Xe máy - 59A-18214 - Vi phạm: Đè vạch dừng,"Video: demo_video.mp4, Frame: 195, Độ rõ: Rõ"
2026-02-07 03:22:38,59R1821,PHÁT HIỆN VI PHẠM VIDEO,Xe máy - 59R-1821 - Vi phạm: Đè vạch dừng,"Video: demo_video.mp4, Frame: 200, Độ rõ: Rõ"
2026-02-07 03:22:38,5917214,PHÁT HIỆN VI PHẠM VIDEO,Xe máy - 59-17214 - Vi phạm: Đè vạch dừng,"Video: demo_video.mp4, Frame: 205, Độ rõ: Rõ"
2026-02-07 03:22:38,59R8214,PHÁT HIỆN VI PHẠM VIDEO,Xe máy - 59R-8214 - Vi phạm: Đè vạch dừng,"Video: demo_video.mp4, Frame: 210, Độ rõ: Rõ"
2026-02-07 03:22:38,8120,PHÁT HIỆN VI PHẠM VIDEO,Xe máy - 81-20,"Video: demo_video.mp4, Frame: 215, Độ rõ: Rõ"
2026-02-07 03:22:38,5982,PHÁT HIỆN VI PHẠM VIDEO,Xe máy - 59-82 - Vi phạm: Đè vạch dừng,"Video: demo_video.mp4, Frame: 215, Độ rõ: Rõ"
2026-02-07 03:22:38,5005,PHÁT HIỆN VI PHẠM VIDEO,Xe máy - 500-5 - Vi phạm: Đè vạch dừng,"Video: demo_video.mp4, Frame: 220, Độ rõ: Rõ"
2026-02-07 03:22:38,Z8721,PHÁT HIỆN VI PHẠM VIDEO,Xe máy - Z-8721 (Mờ),"Video: demo_video.mp4, Frame: 230, Độ rõ: Mờ"
2026-02-07 03:22:38,814,PHÁT HIỆN VI PHẠM VIDEO,Xe máy - 8-14 - Vi phạm: Đè vạch dừng,"Video: demo_video.mp4, Frame: 235, Độ rõ: Rõ"
2026-02-07 03:22:38,5,PHÁT HIỆN VI PHẠM VIDEO,Xe máy - -5,"Video: demo_video.mp4, Frame: 245, Độ rõ: Rõ"
2026-02-07 03:22:38,70A26822,PHÁT HIỆN VI PHẠM VIDEO,Xe máy - 70A-26822,"Video: demo_video.mp4, Frame: 260, Độ rõ: Rõ"
2026-02-07 03:22:38,591079,PHÁT HIỆN VI PHẠM VIDEO,Xe máy - 591-079,"Video: demo_video.mp4, Frame: 260, Độ rõ: Rõ"
2026-02-07 03:22:38,5R9Y778079,PHÁT HIỆN VI PHẠM VIDEO,Xe máy - 5R9Y7-78079,"Video: demo_video.mp4, Frame: 265, Độ rõ: Rõ"
2026-02-07 03:22:38,59807,PHÁT HIỆN VI PHẠM VIDEO,Xe máy - 59-807 - Vi phạm: Đè vạch dừng,"Video: demo_video.mp4, Frame: 285, Độ rõ: Rõ"
2026-02-07 03:22:38,59178D079,PHÁT HIỆN VI PHẠM VIDEO,Xe máy - 591-78D079 - Vi phạm: Đè vạch dừng,"Video: demo_video.mp4, Frame: 290, Độ rõ: Rõ"
2026-02-07 03:22:38,519178079,PHÁT HIỆN VI PHẠM VIDEO,Xe máy - 5191-78079 - Vi phạm: Đè vạch dừng,"Video: demo_video.mp4, Frame: 295, Độ rõ: Rõ"
2026-02-07 03:22:38,59P1178079,PHÁT HIỆN VI PHẠM VIDEO,Xe máy - 59P11-78079 - Vi phạm: Đè vạch dừng,"Video: demo_video.mp4, Frame: 300, Độ rõ: Rõ"
2026-02-07 03:22:38,591178079,PHÁT HIỆN VI PHẠM VIDEO,Xe máy - 5911-78079 - Vi phạm: Đè vạch dừng,"Video: demo_video.mp4, Frame: 305, Độ rõ: Rõ"
2026-02-07 03:22:38,59178079,PHÁT HIỆN VI PHẠM VIDEO,Xe máy - 591-78079 - Vi phạm: Đè vạch dừng,"Video: demo_video.mp4, Frame: 330, Độ rõ: Rõ"
2026-02-07 03:22:38,178B2,PHÁT HIỆN VI PHẠM VIDEO,Xe máy - 1-78B2 - Vi phạm: Đè vạch dừng,"Video: demo_video.mp4, Frame: 340, Độ rõ: Rõ"
2026-02-07 03:22:38,757,PHÁT HIỆN VI PHẠM VIDEO,Xe máy - 7-57,"Video: demo_video.mp4, Frame: 340, Độ rõ: Rõ"
2026-02-07 03:22:38,525E,PHÁT HIỆN VI PHẠM VIDEO,Xe máy - 52-5E,"Video: demo_video.mp4, Frame: 345, Độ rõ: Rõ"
2026-02-07 03:22:38,59R2553,PHÁT HIỆN VI PHẠM VIDEO,Xe máy - 59R2-553,"Video: demo_video.mp4, Frame: 350, Độ rõ: Rõ"
2026-02-07 03:22:38,59RR27553,PHÁT HIỆN VI PHẠM VIDEO,Xe máy - 59RR2-7553,"Video: demo_video.mp4, Frame: 355, Độ rõ: Rõ"
2026-02-07 03:22:38,59253,PHÁT HIỆN VI PHẠM VIDEO,Xe máy - 592-53,"Video: demo_video.mp4, Frame: 360, Độ rõ: Rõ"
2026-02-07 03:22:38,5TR273,PHÁT HIỆN VI PHẠM VIDEO,Xe máy - 5TR2-73,"Video: demo_video.mp4, Frame: 365, Độ rõ: Rõ"
2026-02-07 03:22:38,9124253,PHÁT HIỆN VI PHẠM VIDEO,Xe máy - 912-4253,"Video: demo_video.mp4, Frame: 370, Độ rõ: Rõ"
2026-02-07 03:22:38,52425,PHÁT HIỆN VI PHẠM VIDEO,Xe máy - 52-425 - Vi phạm: Đè vạch dừng,"Video: demo_video.mp4, Frame: 375, Độ rõ: Rõ"
2026-02-07 03:22:38,524253,PHÁT HIỆN VI PHẠM VIDEO,Xe máy - 52-4253 - Vi phạm: Đè vạch dừng,"Video: demo_video.mp4, Frame: 380, Độ rõ: Rõ"
2026-02-07 03:22:38,3242353,PHÁT HIỆN VI PHẠM VIDEO,Xe máy - 32-42353 - Vi phạm: Đè vạch dừng,"Video: demo_video.mp4, Frame: 385, Độ rõ: Rõ"
2026-02-07 03:22:38,242553,PHÁT HIỆN VI PHẠM VIDEO,Xe máy - 2-42553 - Vi phạm: Đè vạch dừng,"Video: demo_video.mp4, Frame: 390, Độ rõ: Rõ"
2026-02-07 03:22:38,527T31650,PHÁT HIỆN VI PHẠM VIDEO,Xe máy - 527T3-1650,"Video: demo_video.mp4, Frame: 415, Độ rõ: Rõ"
2026-02-07 03:22:38,59T321650,PHÁT HIỆN VI PHẠM VIDEO,Xe máy - 59T3-21650,"Video: demo_video.mp4, Frame: 420, Độ rõ: Rõ"
2026-02-07 03:22:38,592T321650,PHÁT HIỆN VI PHẠM VIDEO,Xe máy - 592T3-21650,"Video: demo_video.mp4, Frame: 425, Độ rõ: Rõ"
2026-02-07 03:22:38,59T21630,PHÁT HIỆN VI PHẠM VIDEO,Xe máy - 59T-21630 - Vi phạm: Đè vạch dừng,"Video: demo_video.mp4, Frame: 440, Độ rõ: Rõ"
2026-02-07 03:22:38,59321650,PHÁT HIỆN VI PHẠM VIDEO,Xe máy - 593-21650 - Vi phạm: Đè vạch dừng,"Video: demo_video.mp4, Frame: 445, Độ rõ: Rõ"
2026-02-07 03:22:38,5D106,PHÁT HIỆN VI PHẠM VIDEO,Xe máy - 5D-106,"Video: demo_video.mp4, Frame: 465, Độ rõ: Rõ"
2026-02-07 03:22:38,39T321650,PHÁT HIỆN VI PHẠM VIDEO,Xe máy - 39T3-21650 - Vi phạm: Đè vạch dừng,"Video: demo_video.mp4, Frame: 465, Độ rõ: Rõ"
2026-02-07 03:22:38,50E106E,PHÁT HIỆN VI PHẠM VIDEO,Xe máy - 50E-106E,"Video: demo_video.mp4, Frame: 470, Độ rõ: Rõ"
2026-02-07 03:22:38,59T3260,PHÁT HIỆN VI PHẠM VIDEO,Xe máy - 59T3-260,"Video: demo_video.mp4, Frame: 470, Độ rõ: Rõ"
2026-02-07 03:22:38,5DE10630,PHÁT HIỆN VI PHẠM VIDEO,Xe máy - 5DE-10630,"Video: demo_video.mp4, Frame: 475, Độ rõ: Rõ"
2026-02-07 03:22:38,39V321650,PHÁT HIỆN VI PHẠM VIDEO,Xe máy - 39V3-21650 - Vi phạm: Đè vạch dừng,"Video: demo_video.mp4, Frame: 475, Độ rõ: Rõ"
2026-02-07 03:22:38,5E10630,PHÁT HIỆN VI PHẠM VIDEO,Xe máy - 5E-10630,"Video: demo_video.mp4, Frame: 485, Độ rõ: Rõ"
2026-02-07 03:22:38,50E10630,PHÁT HIỆN VI PHẠM VIDEO,Xe máy - 50E-10630,"Video: demo_video.mp4, Frame: 490, Độ rõ: Rõ"
2026-02-07 03:22:38,59321630,PHÁT HIỆN VI PHẠM VIDEO,Xe máy - 593-21630 - Vi phạm: Đè vạch dừng,"Video: demo_video.mp4, Frame: 490, Độ rõ: Rõ"
2026-02-07 03:22:38,6DE10623D,PHÁT HIỆN VI PHẠM VIDEO,Xe máy - 6DE-10623D,"Video: demo_video.mp4, Frame: 500, Độ rõ: Rõ"
2026-02-07 03:22:38,47A81773,PHÁT HIỆN VI PHẠM VIDEO,Xe máy - 47A-81773,"Video: demo_video.mp4, Frame: 500, Độ rõ: Rõ"
2026-02-07 03:22:38,Y960218E0,PHÁT HIỆN VI PHẠM VIDEO,Xe máy - Y960-218E0 - Vi phạm: Đè vạch dừng,"Video: demo_video.mp4, Frame: 500, Độ rõ: Rõ"
2026-02-07 03:22:38,5010630,PHÁT HIỆN VI PHẠM VIDEO,Xe máy - 50-10630,"Video: demo_video.mp4, Frame: 505, Độ rõ: Rõ"
2026-02-07 03:22:38,59321760,PHÁT HIỆN VI PHẠM VIDEO,Xe máy - 593-21760 - Vi phạm: Đè vạch dừng,"Video: demo_video.mp4, Frame: 505, Độ rõ: Rõ"
2026-02-07 03:26:26,1X1408503,PHÁT HIỆN VI PHẠM,Xe máy - 1X14-08503 - Vi phạm: Đè vạch dừng,Video: demo_video.mp4 - Frame 5
2026-02-07 03:26:27,81108503,PHÁT HIỆN VI PHẠM,Xe máy - 811-08503 - Vi phạm: Đè vạch dừng,Video: demo_video.mp4 - Frame 10
2026-02-07 03:26:30,59706868,PHÁT HIỆN VI PHẠM,Xe máy - 597-06868 - Vi phạm: Đè vạch dừng,Video: demo_video.mp4 - Frame 35
2026-02-07 03:26:31,97B0688,PHÁT HIỆN VI PHẠM,Xe máy - 97B-0688 - Vi phạm: Đè vạch dừng,Video: demo_video.mp4 - Frame 40
2026-02-07 03:26:33,91B58,PHÁT HIỆN VI PHẠM,Xe máy - 91B-58 - Vi phạm: Đè vạch dừng,Video: demo_video.mp4 - Frame 50
2026-02-07 03:26:33,8,PHÁT HIỆN VI PHẠM,Xe máy - -8 - Vi phạm: Đè vạch dừng,Video: demo_video.mp4 - Frame 50
2026-02-07 03:26:42,61H159850,PHÁT HIỆN VI PHẠM,Xe máy - 61H1-59850 - Vi phạm: Đè vạch dừng,Video: demo_video.mp4 - Frame 135
2026-02-07 03:26:44,59214,PHÁT HIỆN VI PHẠM,Xe máy - 59-214 - Vi phạm: Đè vạch dừng,Video: demo_video.mp4 - Frame 150
2026-02-07 03:26:45,6918214,PHÁT HIỆN VI PHẠM,Xe máy - 69-18214 - Vi phạm: Đè vạch dừng,Video: demo_video.mp4 - Frame 155
2026-02-07 03:26:45,61R159850,PHÁT HIỆN VI PHẠM,Xe máy - 61R1-59850 - Vi phạm: Đè vạch dừng,Video: demo_video.mp4 - Frame 155
2026-02-07 03:26:45,59R18214,PHÁT HIỆN VI PHẠM,Xe máy - 59R-18214 - Vi phạm: Đè vạch dừng,Video: demo_video.mp4 - Frame 160
2026-02-07 03:26:46,59RA18214,PHÁT HIỆN VI PHẠM,Xe máy - 59RA-18214 - Vi phạm: Đè vạch dừng,Video: demo_video.mp4 - Frame 165
2026-02-07 03:26:47,69RA18214,PHÁT HIỆN VI PHẠM,Xe máy - 69RA-18214 - Vi phạm: Đè vạch dừng,Video: demo_video.mp4 - Frame 170
2026-02-07 03:26:48,5R18214,PHÁT HIỆN VI PHẠM,Xe máy - 5R-18214 - Vi phạm: Đè vạch dừng,Video: demo_video.mp4 - Frame 180
2026-02-07 03:26:48,R59850,PHÁT HIỆN VI PHẠM,Xe máy - R-59850 - Vi phạm: Đè vạch dừng,Video: demo_video.mp4 - Frame 180
2026-02-07 03:26:49,69R1821,PHÁT HIỆN VI PHẠM,Xe máy - 69R-1821 - Vi phạm: Đè vạch dừng,Video: demo_video.mp4 - Frame 185
2026-02-07 03:26:49,1Z15980,PHÁT HIỆN VI PHẠM,Xe máy - 1Z1-5980 - Vi phạm: Đè vạch dừng,Video: demo_video.mp4 - Frame 185
2026-02-07 03:26:50,59R121,PHÁT HIỆN VI PHẠM,Xe máy - 59R-121 - Vi phạm: Đè vạch dừng,Video: demo_video.mp4 - Frame 190
2026-02-07 03:26:50,59A18214,PHÁT HIỆN VI PHẠM,Xe máy - 59A-18214 - Vi phạm: Đè vạch dừng,Video: demo_video.mp4 - Frame 195
2026-02-07 03:26:51,59R1821,PHÁT HIỆN VI PHẠM,Xe máy - 59R-1821 - Vi phạm: Đè vạch dừng,Video: demo_video.mp4 - Frame 200
2026-02-07 03:26:51,5917214,PHÁT HIỆN VI PHẠM,Xe máy - 59-17214 - Vi phạm: Đè vạch dừng,Video: demo_video.mp4 - Frame 205
2026-02-07 03:26:52,59R8214,PHÁT HIỆN VI PHẠM,Xe máy - 59R-8214 - Vi phạm: Đè vạch dừng,Video: demo_video.mp4 - Frame 210
2026-02-07 03:26:53,5982,PHÁT HIỆN VI PHẠM,Xe máy - 59-82 - Vi phạm: Đè vạch dừng,Video: demo_video.mp4 - Frame 215
2026-02-07 03:26:53,5005,PHÁT HIỆN VI PHẠM,Xe máy - 500-5 - Vi phạm: Đè vạch dừng,Video: demo_video.mp4 - Frame 220
2026-02-07 03:26:54,Z8721,PHÁT HIỆN VI PHẠM,Xe máy - Z-8721 (Mờ),Video: demo_video.mp4 - Frame 230
2026-02-07 03:26:55,814,PHÁT HIỆN VI PHẠM,Xe máy - 8-14 - Vi phạm: Đè vạch dừng,Video: demo_video.mp4 - Frame 235
2026-02-07 03:27:00,59807,PHÁT HIỆN VI PHẠM,Xe máy - 59-807 - Vi phạm: Đè vạch dừng,Video: demo_video.mp4 - Frame 285
2026-02-07 03:27:01,59178D079,PHÁT HIỆN VI PHẠM,Xe máy - 591-78D079 - Vi phạm: Đè vạch dừng,Video: demo_video.mp4 - Frame 290
2026-02-07 03:27:01,519178079,PHÁT HIỆN VI PHẠM,Xe máy - 5191-78079 - Vi phạm: Đè vạch dừng,Video: demo_video.mp4 - Frame 295
2026-02-07 03:27:02,59P1178079,PHÁT HIỆN VI PHẠM,Xe máy - 59P11-78079 - Vi phạm: Đè vạch dừng,Video: demo_video.mp4 - Frame 300
2026-02-07 03:27:02,591178079,PHÁT HIỆN VI PHẠM,Xe máy - 5911-78079 - Vi phạm: Đè vạch dừng,Video: demo_video.mp4 - Frame 305
2026-02-07 03:27:05,59178079,PHÁT HIỆN VI PHẠM,Xe máy - 591-78079 - Vi phạm: Đè vạch dừng,Video: demo_video.mp4 - Frame 330
2026-02-07 03:27:06,178B2,PHÁT HIỆN VI PHẠM,Xe máy - 1-78B2 - Vi phạm: Đè vạch dừng,Video: demo_video.mp4 - Frame 340
2026-02-07 03:27:11,52425,PHÁT HIỆN VI PHẠM,Xe máy - 52-425 - Vi phạm: Đè vạch dừng,Video: demo_video.mp4 - Frame 375
2026-02-07 03:27:11,524253,PHÁT HIỆN VI PHẠM,Xe máy - 52-4253 - Vi phạm: Đè vạch dừng,Video: demo_video.mp4 - Frame 380
2026-02-07 03:27:12,3242353,PHÁT HIỆN VI PHẠM,Xe máy - 32-42353 - Vi phạm: Đè vạch dừng,Video: demo_video.mp4 - Frame 385
2026-02-07 03:27:12,242553,PHÁT HIỆN VI PHẠM,Xe máy - 2-42553 - Vi phạm: Đè vạch dừng,Video: demo_video.mp4 - Frame 390
2026-02-07 03:27:18,59T21630,PHÁT HIỆN VI PHẠM,Xe máy - 59T-21630 - Vi phạm: Đè vạch dừng,Video: demo_video.mp4 - Frame 440
2026-02-07 03:27:18,59321650,PHÁT HIỆN VI PHẠM,Xe máy - 593-21650 - Vi phạm: Đè vạch dừng,Video: demo_video.mp4 - Frame 445
2026-02-07 03:27:21,39T321650,PHÁT HIỆN VI PHẠM,Xe máy - 39T3-21650 - Vi phạm: Đè vạch dừng,Video: demo_video.mp4 - Frame 465
2026-02-07 03:27:23,39V321650,PHÁT HIỆN VI PHẠM,Xe máy - 39V3-21650 - Vi phạm: Đè vạch dừng,Video: demo_video.mp4 - Frame 475
2026-02-07 03:27:25,59321630,PHÁT HIỆN VI PHẠM,Xe máy - 593-21630 - Vi phạm: Đè vạch dừng,Video: demo_video.mp4 - Frame 490
2026-02-07 03:27:26,Y960218E0,PHÁT HIỆN VI PHẠM,Xe máy - Y960-218E0 - Vi phạm: Đè vạch dừng,Video: demo_video.mp4 - Frame 500
2026-02-07 03:27:27,59321760,PHÁT HIỆN VI PHẠM,Xe máy - 593-21760 - Vi phạm: Đè vạch dừng,Video: demo_video.mp4 - Frame 505
2026-02-07 03:27:27,597B05868,PHÁT HIỆN VI PHẠM VIDEO,Xe máy - 597B-05868,"Video: demo_video.mp4, Frame: 5, Độ rõ: Rõ"
2026-02-07 03:27:27,1X1408503,PHÁT HIỆN VI PHẠM VIDEO,Xe máy - 1X14-08503 - Vi phạm: Đè vạch dừng,"Video: demo_video.mp4, Frame: 5, Độ rõ: Rõ"
2026-02-07 03:27:27,47A61773,PHÁT HIỆN VI PHẠM VIDEO,Xe máy - 47A-61773,"Video: demo_video.mp4, Frame: 5, Độ rõ: Rõ"
2026-02-07 03:27:27,910861,PHÁT HIỆN VI PHẠM VIDEO,Xe máy - 9-10861,"Video: demo_video.mp4, Frame: 5, Độ rõ: Rõ"
2026-02-07 03:27:27,81108503,PHÁT HIỆN VI PHẠM VIDEO,Xe máy - 811-08503 - Vi phạm: Đè vạch dừng,"Video: demo_video.mp4, Frame: 10, Độ rõ: Rõ"
2026-02-07 03:27:27,59B05868,PHÁT HIỆN VI PHẠM VIDEO,Xe máy - 59B-05868,"Video: demo_video.mp4, Frame: 15, Độ rõ: Rõ"
2026-02-07 03:27:27,59B0568,PHÁT HIỆN VI PHẠM VIDEO,Xe máy - 59B-0568,"Video: demo_video.mp4, Frame: 20, Độ rõ: Rõ"
2026-02-07 03:27:27,97B06868,PHÁT HIỆN VI PHẠM VIDEO,Xe máy - 97B-06868,"Video: demo_video.mp4, Frame: 25, Độ rõ: Rõ"
2026-02-07 03:27:27,51861,PHÁT HIỆN VI PHẠM VIDEO,Xe máy - 5-1861,"Video: demo_video.mp4, Frame: 25, Độ rõ: Rõ"
2026-02-07 03:27:27,597B06868,PHÁT HIỆN VI PHẠM VIDEO,Xe máy - 597B-06868,"Video: demo_video.mp4, Frame: 30, Độ rõ: Rõ"
2026-02-07 03:27:27,59706868,PHÁT HIỆN VI PHẠM VIDEO,Xe máy - 597-06868 - Vi phạm: Đè vạch dừng,"Video: demo_video.mp4, Frame: 35, Độ rõ: Rõ"
2026-02-07 03:27:27,97B0688,PHÁT HIỆN VI PHẠM VIDEO,Xe máy - 97B-0688 - Vi phạm: Đè vạch dừng,"Video: demo_video.mp4, Frame: 40, Độ rõ: Rõ"
2026-02-07 03:27:27,59B06868,PHÁT HIỆN VI PHẠM VIDEO,Xe máy - 59B-06868,"Video: demo_video.mp4, Frame: 45, Độ rõ: Rõ"
2026-02-07 03:27:27,70A26872,PHÁT HIỆN VI PHẠM VIDEO,Xe máy - 70A-26872,"Video: demo_video.mp4, Frame: 45, Độ rõ: Rõ"
2026-02-07 03:27:27,59410861,PHÁT HIỆN VI PHẠM VIDEO,Xe máy - 594-10861 (Mờ),"Video: demo_video.mp4, Frame: 45, Độ rõ: Mờ"
2026-02-07 03:27:27,91B58,PHÁT HIỆN VI PHẠM VIDEO,Xe máy - 91B-58 - Vi phạm: Đè vạch dừng,"Video: demo_video.mp4, Frame: 50, Độ rõ: Rõ"
2026-02-07 03:27:27,7D126872,PHÁT HIỆN VI PHẠM VIDEO,Xe máy - 7D1-26872,"Video: demo_video.mp4, Frame: 50, Độ rõ: Rõ"
2026-02-07 03:27:27,8,PHÁT HIỆN VI PHẠM VIDEO,Xe máy - -8 - Vi phạm: Đè vạch dừng,"Video: demo_video.mp4, Frame: 50, Độ rõ: Rõ"
2026-02-07 03:27:27,991081,PHÁT HIỆN VI PHẠM VIDEO,Xe máy - 99-1081,"Video: demo_video.mp4, Frame: 55, Độ rõ: Rõ"
2026-02-07 03:27:27,7DA26872,PHÁT HIỆN VI PHẠM VIDEO,Xe máy - 7DA-26872,"Video: demo_video.mp4, Frame: 55, Độ rõ: Rõ"
2026-02-07 03:27:27,X910861,PHÁT HIỆN VI PHẠM VIDEO,Xe máy - X9-10861,"Video: demo_video.mp4, Frame: 60, Độ rõ: Rõ"
2026-02-07 03:27:27,5910558,PHÁT HIỆN VI PHẠM VIDEO,Xe máy - 591-0558,"Video: demo_video.mp4, Frame: 65, Độ rõ: Rõ"
2026-02-07 03:27:27,5910861,PHÁT HIỆN VI PHẠM VIDEO,Xe máy - 59-10861,"Video: demo_video.mp4, Frame: 70, Độ rõ: Rõ"
2026-02-07 03:27:27,91110861,PHÁT HIỆN VI PHẠM VIDEO,Xe máy - 911-10861,"Video: demo_video.mp4, Frame: 75, Độ rõ: Rõ"
2026-02-07 03:27:27,59110861,PHÁT HIỆN VI PHẠM VIDEO,Xe máy - 591-10861,"Video: demo_video.mp4, Frame: 105, Độ rõ: Rõ"
2026-02-07 03:27:27,972,PHÁT HIỆN VI PHẠM VIDEO,Xe máy - 9-72 (Mờ),"Video: demo_video.mp4, Frame: 120, Độ rõ: Mờ"
2026-02-07 03:27:27,59R12,PHÁT HIỆN VI PHẠM VIDEO,Xe máy - 59R-12 (Mờ),"Video: demo_video.mp4, Frame: 125, Độ rõ: Mờ"
2026-02-07 03:27:27,F9824,PHÁT HIỆN VI PHẠM VIDEO,Xe máy - F9-824 (Mờ),"Video: demo_video.mp4, Frame: 130, Độ rõ: Mờ"
2026-02-07 03:27:27,9R1212,PHÁT HIỆN VI PHẠM VIDEO,Xe máy - 9R-1212 (Mờ),"Video: demo_video.mp4, Frame: 135, Độ rõ: Mờ"
2026-02-07 03:27:27,61H159850,PHÁT HIỆN VI PHẠM VIDEO,Xe máy - 61H1-59850 - Vi phạm: Đè vạch dừng,"Video: demo_video.mp4, Frame: 135, Độ rõ: Rõ"
2026-02-07 03:27:27,5R78214,PHÁT HIỆN VI PHẠM VIDEO,Xe máy - 5R-78214,"Video: demo_video.mp4, Frame: 140, Độ rõ: Rõ"
2026-02-07 03:27:27,59Y1161,PHÁT HIỆN VI PHẠM VIDEO,Xe máy - 59Y1-161,"Video: demo_video.mp4, Frame: 140, Độ rõ: Rõ"
2026-02-07 03:27:27,59R7821,PHÁT HIỆN VI PHẠM VIDEO,Xe máy - 59R-7821,"Video: demo_video.mp4, Frame: 145, Độ rõ: Rõ"
2026-02-07 03:27:27,59214,PHÁT HIỆN VI PHẠM VIDEO,Xe máy - 59-214 - Vi phạm: Đè vạch dừng,"Video: demo_video.mp4, Frame: 150, Độ rõ: Rõ"
2026-02-07 03:27:27,6918214,PHÁT HIỆN VI PHẠM VIDEO,Xe máy - 69-18214 - Vi phạm: Đè vạch dừng,"Video: demo_video.mp4, Frame: 155, Độ rõ: Rõ"
2026-02-07 03:27:27,61R159850,PHÁT HIỆN VI PHẠM VIDEO,Xe máy - 61R1-59850 - Vi phạm: Đè vạch dừng,"Video: demo_video.mp4, Frame: 155, Độ rõ: Rõ"
2026-02-07 03:27:27,59R18214,PHÁT HIỆN VI PHẠM VIDEO,Xe máy - 59R-18214 - Vi phạm: Đè vạch dừng,"Video: demo_video.mp4, Frame: 160, Độ rõ: Rõ"
2026-02-07 03:27:27,59RA18214,PHÁT HIỆN VI PHẠM VIDEO,Xe máy - 59RA-18214 - Vi phạm: Đè vạch dừng,"Video: demo_video.mp4, Frame: 165, Độ rõ: Rõ"
2026-02-07 03:27:27,69RA18214,PHÁT HIỆN VI PHẠM VIDEO,Xe máy - 69RA-18214 - Vi phạm: Đè vạch dừng,"Video: demo_video.mp4, Frame: 170, Độ rõ: Rõ"
2026-02-07 03:27:27,5R18214,PHÁT HIỆN VI PHẠM VIDEO,Xe máy - 5R-18214 - Vi phạm: Đè vạch dừng,"Video: demo_video.mp4, Frame: 180, Độ rõ: Rõ"
2026-02-07 03:27:27,R59850,PHÁT HIỆN VI PHẠM VIDEO,Xe máy - R-59850 - Vi phạm: Đè vạch dừng,"Video: demo_video.mp4, Frame: 180, Độ rõ: Rõ"
2026-02-07 03:27:27,69R1821,PHÁT HIỆN VI PHẠM VIDEO,Xe máy - 69R-1821 - Vi phạm: Đè vạch dừng,"Video: demo_video.mp4, Frame: 185, Độ rõ: Rõ"
2026-02-07 03:27:27,1Z15980,PHÁT HIỆN VI PHẠM VIDEO,Xe máy - 1Z1-5980 - Vi phạm: Đè vạch dừng,"Video: demo_video.mp4, Frame: 185, Độ rõ: Rõ"
2026-02-07 03:27:27,59R121,PHÁT HIỆN VI PHẠM VIDEO,Xe máy - 59R-121 - Vi phạm: Đè vạch dừng,"Video: demo_video.mp4, Frame: 190, Độ rõ: Rõ"
2026-02-07 03:27:27,59A18214,PHÁT HIỆN VI PHẠM VIDEO,Xe máy - 59A-18214 - Vi phạm: Đè vạch dừng,"Video: demo_video.mp4, Frame: 195, Độ rõ: Rõ"
2026-02-07 03:27:27,59R1821,PHÁT HIỆN VI PHẠM VIDEO,Xe máy - 59R-1821 - Vi phạm: Đè vạch dừng,"Video: demo_video.mp4, Frame: 200, Độ rõ: Rõ"
2026-02-07 03:27:27,5917214,PHÁT HIỆN VI PHẠM VIDEO,Xe máy - 59-17214 - Vi phạm: Đè vạch dừng,"Video: demo_video.mp4, Frame: 205, Độ rõ: Rõ"
2026-02-07 03:27:27,59R8214,PHÁT HIỆN VI PHẠM VIDEO,Xe máy - 59R-8214 - Vi phạm: Đè vạch dừng,"Video: demo_video.mp4, Frame: 210, Độ rõ: Rõ"
2026-02-07 03:27:27,8120,PHÁT HIỆN VI PHẠM VIDEO,Xe máy - 81-20,"Video: demo_video.mp4, Frame: 215, Độ rõ: Rõ"
2026-02-07 03:27:27,5982,PHÁT HIỆN VI PHẠM VIDEO,Xe máy - 59-82 - Vi phạm: Đè vạch dừng,"Video: demo_video.mp4, Frame: 215, Độ rõ: Rõ"
2026-02-07 03:27:27,5005,PHÁT HIỆN VI PHẠM VIDEO,Xe máy - 500-5 - Vi phạm: Đè vạch dừng,"Video: demo_video.mp4, Frame: 220, Độ rõ: Rõ"
2026-02-07 03:27:27,Z8721,PHÁT HIỆN VI PHẠM VIDEO,Xe máy - Z-8721 (Mờ),"Video: demo_video.mp4, Frame: 230, Độ rõ: Mờ"
2026-02-07 03:27:27,814,PHÁT HIỆN VI PHẠM VIDEO,Xe máy - 8-14 - Vi phạm: Đè vạch dừng,"Video: demo_video.mp4, Frame: 235, Độ rõ: Rõ"
2026-02-07 03:27:27,5,PHÁT HIỆN VI PHẠM VIDEO,Xe máy - -5,"Video: demo_video.mp4, Frame: 245, Độ rõ: Rõ"
2026-02-07 03:27:27,70A26822,PHÁT HIỆN VI PHẠM VIDEO,Xe máy - 70A-26822,"Video: demo_video.mp4, Frame: 260, Độ rõ: Rõ"
2026-02-07 03:27:27,591079,PHÁT HIỆN VI PHẠM VIDEO,Xe máy - 591-079,"Video: demo_video.mp4, Frame: 260, Độ rõ: Rõ"
2026-02-07 03:27:27,5R9Y778079,PHÁT HIỆN VI PHẠM VIDEO,Xe máy - 5R9Y7-78079,"Video: demo_video.mp4, Frame: 265, Độ rõ: Rõ"
2026-02-07 03:27:27,59807,PHÁT HIỆN VI PHẠM VIDEO,Xe máy - 59-807 - Vi phạm: Đè vạch dừng,"Video: demo_video.mp4, Frame: 285, Độ rõ: Rõ"
2026-02-07 03:27:27,59178D079,PHÁT HIỆN VI PHẠM VIDEO,Xe máy - 591-78D079 - Vi phạm: Đè vạch dừng,"Video: demo_video.mp4, Frame: 290, Độ rõ: Rõ"
2026-02-07 03:27:27,519178079,PHÁT HIỆN VI PHẠM VIDEO,Xe máy - 5191-78079 - Vi phạm: Đè vạch dừng,"Video: demo_video.mp4, Frame: 295, Độ rõ: Rõ"
2026-02-07 03:27:27,59P1178079,PHÁT HIỆN VI PHẠM VIDEO,Xe máy - 59P11-78079 - Vi phạm: Đè vạch dừng,"Video: demo_video.mp4, Frame: 300, Độ rõ: Rõ"
2026-02-07 03:27:27,591178079,PHÁT HIỆN VI PHẠM VIDEO,Xe máy - 5911-78079 - Vi phạm: Đè vạch dừng,"Video: demo_video.mp4, Frame: 305, Độ rõ: Rõ"
2026-02-07 03:27:27,59178079,PHÁT HIỆN VI PHẠM VIDEO,Xe máy - 591-78079 - Vi phạm: Đè vạch dừng,"Video: demo_video.mp4, Frame: 330, Độ rõ: Rõ"
2026-02-07 03:27:27,178B2,PHÁT HIỆN VI PHẠM VIDEO,Xe máy - 1-78B2 - Vi phạm: Đè vạch dừng,"Video: demo_video.mp4, Frame: 340, Độ rõ: Rõ"
2026-02-07 03:27:27,757,PHÁT HIỆN VI PHẠM VIDEO,Xe máy - 7-57,"Video: demo_video.mp4, Frame: 340, Độ rõ: Rõ"
2026-02-07 03:27:27,525E,PHÁT HIỆN VI PHẠM VIDEO,Xe máy - 52-5E,"Video: demo_video.mp4, Frame: 345, Độ rõ: Rõ"
2026-02-07 03:27:27,59R2553,PHÁT HIỆN VI PHẠM VIDEO,Xe máy - 59R2-553,"Video: demo_video.mp4, Frame: 350, Độ rõ: Rõ"
2026-02-07 03:27:27,59RR27553,PHÁT HIỆN VI PHẠM VIDEO,Xe máy - 59RR2-7553,"Video: demo_video.mp4, Frame: 355, Độ rõ: Rõ"
2026-02-07 03:27:27,59253,PHÁT HIỆN VI PHẠM VIDEO,Xe máy - 592-53,"Video: demo_video.mp4, Frame: 360, Độ rõ: Rõ"
2026-02-07 03:27:27,5TR273,PHÁT HIỆN VI PHẠM VIDEO,Xe máy - 5TR2-73,"Video: demo_video.mp4, Frame: 365, Độ rõ: Rõ"
2026-02-07 03:27:27,9124253,PHÁT HIỆN VI PHẠM VIDEO,Xe máy - 912-4253,"Video: demo_video.mp4, Frame: 370, Độ rõ: Rõ"
2026-02-07 03:27:27,52425,PHÁT HIỆN VI PHẠM VIDEO,Xe máy - 52-425 - Vi phạm: Đè vạch dừng,"Video: demo_video.mp4, Frame: 375, Độ rõ: Rõ"
2026-02-07 03:27:27,524253,PHÁT HIỆN VI PHẠM VIDEO,Xe máy - 52-4253 - Vi phạm: Đè vạch dừng,"Video: demo_video.mp4, Frame: 380, Độ rõ: Rõ"
2026-02-07 03:27:27,3242353,PHÁT HIỆN VI PHẠM VIDEO,Xe máy - 32-42353 - Vi phạm: Đè vạch dừng,"Video: demo_video.mp4, Frame: 385, Độ rõ: Rõ"
2026-02-07 03:27:27,242553,PHÁT HIỆN VI PHẠM VIDEO,Xe máy - 2-42553 - Vi phạm: Đè vạch dừng,"Video: demo_video.mp4, Frame: 390, Độ rõ: Rõ"
2026-02-07 03:27:27,527T31650,PHÁT HIỆN VI PHẠM VIDEO,Xe máy - 527T3-1650,"Video: demo_video.mp4, Frame: 415, Độ rõ: Rõ"
2026-02-07 03:27:27,59T321650,PHÁT HIỆN VI PHẠM VIDEO,Xe máy - 59T3-21650,"Video: demo_video.mp4, Frame: 420, Độ rõ: Rõ"
2026-02-07 03:27:27,592T321650,PHÁT HIỆN VI PHẠM VIDEO,Xe máy - 592T3-21650,"Video: demo_video.mp4, Frame: 425, Độ rõ: Rõ"
2026-02-07 03:27:27,59T21630,PHÁT HIỆN VI PHẠM VIDEO,Xe máy - 59T-21630 - Vi phạm: Đè vạch dừng,"Video: demo_video.mp4, Frame: 440, Độ rõ: Rõ"
2026-02-07 03:27:27,59321650,PHÁT HIỆN VI PHẠM VIDEO,Xe máy - 593-21650 - Vi phạm: Đè vạch dừng,"Video: demo_video.mp4, Frame: 445, Độ rõ: Rõ"
2026-02-07 03:27:27,5D106,PHÁT HIỆN VI PHẠM VIDEO,Xe máy - 5D-106,"Video: demo_video.mp4, Frame: 465, Độ rõ: Rõ"
2026-02-07 03:27:27,39T321650,PHÁT HIỆN VI PHẠM VIDEO,Xe máy - 39T3-21650 - Vi phạm: Đè vạch dừng,"Video: demo_video.mp4, Frame: 465, Độ rõ: Rõ"
2026-02-07 03:27:27,50E106E,PHÁT HIỆN VI PHẠM VIDEO,Xe máy - 50E-106E,"Video: demo_video.mp4, Frame: 470, Độ rõ: Rõ"
2026-02-07 03:27:27,59T3260,PHÁT HIỆN VI PHẠM VIDEO,Xe máy - 59T3-260,"Video: demo_video.mp4, Frame: 470, Độ rõ: Rõ"
2026-02-07 03:27:27,5DE10630,PHÁT HIỆN VI PHẠM VIDEO,Xe máy - 5DE-10630,"Video: demo_video.mp4, Frame: 475, Độ rõ: Rõ"
2026-02-07 03:27:27,39V321650,PHÁT HIỆN VI PHẠM VIDEO,Xe máy - 39V3-21650 - Vi phạm: Đè vạch dừng,"Video: demo_video.mp4, Frame: 475, Độ rõ: Rõ"
2026-02-07 03:27:27,5E10630,PHÁT HIỆN VI PHẠM VIDEO,Xe máy - 5E-10630,"Video: demo_video.mp4, Frame: 485, Độ rõ: Rõ"
2026-02-07 03:27:27,50E10630,PHÁT HIỆN VI PHẠM VIDEO,Xe máy - 50E-10630,"Video: demo_video.mp4, Frame: 490, Độ rõ: Rõ"
2026-02-07 03:27:27,59321630,PHÁT HIỆN VI PHẠM VIDEO,Xe máy - 593-21630 - Vi phạm: Đè vạch dừng,"Video: demo_video.mp4, Frame: 490, Độ rõ: Rõ"
2026-02-07 03:27:27,6DE10623D,PHÁT HIỆN VI PHẠM VIDEO,Xe máy - 6DE-10623D,"Video: demo_video.mp4, Frame: 500, Độ rõ: Rõ"
2026-02-07 03:27:27,47A81773,PHÁT HIỆN VI PHẠM VIDEO,Xe máy - 47A-81773,"Video: demo_video.mp4, Frame: 500, Độ rõ: Rõ"
2026-02-07 03:27:27,Y960218E0,PHÁT HIỆN VI PHẠM VIDEO,Xe máy - Y960-218E0 - Vi phạm: Đè vạch dừng,"Video: demo_video.mp4, Frame: 500, Độ rõ: Rõ"
2026-02-07 03:27:27,5010630,PHÁT HIỆN VI PHẠM VIDEO,Xe máy - 50-10630,"Video: demo_video.mp4, Frame: 505, Độ rõ: Rõ"
2026-02-07 03:27:27,59321760,PHÁT HIỆN VI PHẠM VIDEO,Xe máy - 593-21760 - Vi phạm: Đè vạch dừng,"Video: demo_video.mp4, Frame: 505, Độ rõ: Rõ"
2026-02-07 03:34:10,1X1408503,PHÁT HIỆN VI PHẠM,Xe máy - 1X14-08503 - Vi phạm: Đè vạch dừng,Video: demo_video.mp4 - Frame 5
2026-02-07 03:34:11,81108503,PHÁT HIỆN VI PHẠM,Xe máy - 811-08503 - Vi phạm: Đè vạch dừng,Video: demo_video.mp4 - Frame 10
2026-02-07 03:34:14,59706868,PHÁT HIỆN VI PHẠM,Xe máy - 597-06868 - Vi phạm: Đè vạch dừng,Video: demo_video.mp4 - Frame 35
2026-02-07 03:34:14,97B0688,PHÁT HIỆN VI PHẠM,Xe máy - 97B-0688 - Vi phạm: Đè vạch dừng,Video: demo_video.mp4 - Frame 40
2026-02-07 03:34:16,91B58,PHÁT HIỆN VI PHẠM,Xe máy - 91B-58 - Vi phạm: Đè vạch dừng,Video: demo_video.mp4 - Frame 50
2026-02-07 03:34:17,8,PHÁT HIỆN VI PHẠM,Xe máy - -8 - Vi phạm: Đè vạch dừng,Video: demo_video.mp4 - Frame 50
2026-02-07 03:34:26,61H159850,PHÁT HIỆN VI PHẠM,Xe máy - 61H1-59850 - Vi phạm: Đè vạch dừng,Video: demo_video.mp4 - Frame 135
2026-02-07 03:34:28,59214,PHÁT HIỆN VI PHẠM,Xe máy - 59-214 - Vi phạm: Đè vạch dừng,Video: demo_video.mp4 - Frame 150
2026-02-07 03:34:29,6918214,PHÁT HIỆN VI PHẠM,Xe máy - 69-18214 - Vi phạm: Đè vạch dừng,Video: demo_video.mp4 - Frame 155
2026-02-07 03:34:29,61R159850,PHÁT HIỆN VI PHẠM,Xe máy - 61R1-59850 - Vi phạm: Đè vạch dừng,Video: demo_video.mp4 - Frame 155
2026-02-07 03:34:29,59R18214,PHÁT HIỆN VI PHẠM,Xe máy - 59R-18214 - Vi phạm: Đè vạch dừng,Video: demo_video.mp4 - Frame 160
2026-02-07 03:34:30,59RA18214,PHÁT HIỆN VI PHẠM,Xe máy - 59RA-18214 - Vi phạm: Đè vạch dừng,Video: demo_video.mp4 - Frame 165
2026-02-07 03:34:31,69RA18214,PHÁT HIỆN VI PHẠM,Xe máy - 69RA-18214 - Vi phạm: Đè vạch dừng,Video: demo_video.mp4 - Frame 170
2026-02-07 03:34:32,5R18214,PHÁT HIỆN VI PHẠM,Xe máy - 5R-18214 - Vi phạm: Đè vạch dừng,Video: demo_video.mp4 - Frame 180
2026-02-07 03:34:32,R59850,PHÁT HIỆN VI PHẠM,Xe máy - R-59850 - Vi phạm: Đè vạch dừng,Video: demo_video.mp4 - Frame 180
2026-02-07 03:34:33,69R1821,PHÁT HIỆN VI PHẠM,Xe máy - 69R-1821 - Vi phạm: Đè vạch dừng,Video: demo_video.mp4 - Frame 185
2026-02-07 03:34:33,1Z15980,PHÁT HIỆN VI PHẠM,Xe máy - 1Z1-5980 - Vi phạm: Đè vạch dừng,Video: demo_video.mp4 - Frame 185
2026-02-07 03:34:34,59R121,PHÁT HIỆN VI PHẠM,Xe máy - 59R-121 - Vi phạm: Đè vạch dừng,Video: demo_video.mp4 - Frame 190
2026-02-07 03:34:34,59A18214,PHÁT HIỆN VI PHẠM,Xe máy - 59A-18214 - Vi phạm: Đè vạch dừng,Video: demo_video.mp4 - Frame 195
2026-02-07 03:34:35,59R1821,PHÁT HIỆN VI PHẠM,Xe máy - 59R-1821 - Vi phạm: Đè vạch dừng,Video: demo_video.mp4 - Frame 200
2026-02-07 03:34:35,5917214,PHÁT HIỆN VI PHẠM,Xe máy - 59-17214 - Vi phạm: Đè vạch dừng,Video: demo_video.mp4 - Frame 205
2026-02-07 03:34:36,59R8214,PHÁT HIỆN VI PHẠM,Xe máy - 59R-8214 - Vi phạm: Đè vạch dừng,Video: demo_video.mp4 - Frame 210
2026-02-07 03:34:37,5982,PHÁT HIỆN VI PHẠM,Xe máy - 59-82 - Vi phạm: Đè vạch dừng,Video: demo_video.mp4 - Frame 215
2026-02-07 03:34:38,5005,PHÁT HIỆN VI PHẠM,Xe máy - 500-5 - Vi phạm: Đè vạch dừng,Video: demo_video.mp4 - Frame 220
2026-02-07 03:34:39,Z8721,PHÁT HIỆN VI PHẠM,Xe máy - Z-8721 (Mờ),Video: demo_video.mp4 - Frame 230
2026-02-07 03:34:39,814,PHÁT HIỆN VI PHẠM,Xe máy - 8-14 - Vi phạm: Đè vạch dừng,Video: demo_video.mp4 - Frame 235
2026-02-07 03:34:44,59807,PHÁT HIỆN VI PHẠM,Xe máy - 59-807 - Vi phạm: Đè vạch dừng,Video: demo_video.mp4 - Frame 285
2026-02-07 03:34:45,59178D079,PHÁT HIỆN VI PHẠM,Xe máy - 591-78D079 - Vi phạm: Đè vạch dừng,Video: demo_video.mp4 - Frame 290
2026-02-07 03:34:46,519178079,PHÁT HIỆN VI PHẠM,Xe máy - 5191-78079 - Vi phạm: Đè vạch dừng,Video: demo_video.mp4 - Frame 295
2026-02-07 03:34:46,59P1178079,PHÁT HIỆN VI PHẠM,Xe máy - 59P11-78079 - Vi phạm: Đè vạch dừng,Video: demo_video.mp4 - Frame 300
2026-02-07 03:34:47,591178079,PHÁT HIỆN VI PHẠM,Xe máy - 5911-78079 - Vi phạm: Đè vạch dừng,Video: demo_video.mp4 - Frame 305
2026-02-07 03:34:49,59178079,PHÁT HIỆN VI PHẠM,Xe máy - 591-78079 - Vi phạm: Đè vạch dừng,Video: demo_video.mp4 - Frame 330
2026-02-07 03:34:50,178B2,PHÁT HIỆN VI PHẠM,Xe máy - 1-78B2 - Vi phạm: Đè vạch dừng,Video: demo_video.mp4 - Frame 340
2026-02-07 03:34:55,52425,PHÁT HIỆN VI PHẠM,Xe máy - 52-425 - Vi phạm: Đè vạch dừng,Video: demo_video.mp4 - Frame 375
2026-02-07 03:34:56,524253,PHÁT HIỆN VI PHẠM,Xe máy - 52-4253 - Vi phạm: Đè vạch dừng,Video: demo_video.mp4 - Frame 380
2026-02-07 03:34:56,3242353,PHÁT HIỆN VI PHẠM,Xe máy - 32-42353 - Vi phạm: Đè vạch dừng,Video: demo_video.mp4 - Frame 385
2026-02-07 03:34:57,242553,PHÁT HIỆN VI PHẠM,Xe máy - 2-42553 - Vi phạm: Đè vạch dừng,Video: demo_video.mp4 - Frame 390
2026-02-07 03:35:02,59T21630,PHÁT HIỆN VI PHẠM,Xe máy - 59T-21630 - Vi phạm: Đè vạch dừng,Video: demo_video.mp4 - Frame 440
2026-02-07 03:35:03,59321650,PHÁT HIỆN VI PHẠM,Xe máy - 593-21650 - Vi phạm: Đè vạch dừng,Video: demo_video.mp4 - Frame 445
2026-02-07 03:35:05,39T321650,PHÁT HIỆN VI PHẠM,Xe máy - 39T3-21650 - Vi phạm: Đè vạch dừng,Video: demo_video.mp4 - Frame 465
2026-02-07 03:35:07,39V321650,PHÁT HIỆN VI PHẠM,Xe máy - 39V3-21650 - Vi phạm: Đè vạch dừng,Video: demo_video.mp4 - Frame 475
2026-02-07 03:35:09,59321630,PHÁT HIỆN VI PHẠM,Xe máy - 593-21630 - Vi phạm: Đè vạch dừng,Video: demo_video.mp4 - Frame 490
2026-02-07 03:35:11,Y960218E0,PHÁT HIỆN VI PHẠM,Xe máy - Y960-218E0 - Vi phạm: Đè vạch dừng,Video: demo_video.mp4 - Frame 500
2026-02-07 03:35:11,59321760,PHÁT HIỆN VI PHẠM,Xe máy - 593-21760 - Vi phạm: Đè vạch dừng,Video: demo_video.mp4 - Frame 505
2026-02-07 03:35:12,597B05868,PHÁT HIỆN VI PHẠM VIDEO,Xe máy - 597B-05868,"Video: demo_video.mp4, Frame: 5, Độ rõ: Rõ"
2026-02-07 03:35:12,1X1408503,PHÁT HIỆN VI PHẠM VIDEO,Xe máy - 1X14-08503 - Vi phạm: Đè vạch dừng,"Video: demo_video.mp4, Frame: 5, Độ rõ: Rõ"
2026-02-07 03:35:12,47A61773,PHÁT HIỆN VI PHẠM VIDEO,Xe máy - 47A-61773,"Video: demo_video.mp4, Frame: 5, Độ rõ: Rõ"
2026-02-07 03:35:12,910861,PHÁT HIỆN VI PHẠM VIDEO,Xe máy - 9-10861,"Video: demo_video.mp4, Frame: 5, Độ rõ: Rõ"
2026-02-07 03:35:12,81108503,PHÁT HIỆN VI PHẠM VIDEO,Xe máy - 811-08503 - Vi phạm: Đè vạch dừng,"Video: demo_video.mp4, Frame: 10, Độ rõ: Rõ"
2026-02-07 03:35:12,59B05868,PHÁT HIỆN VI PHẠM VIDEO,Xe máy - 59B-05868,"Video: demo_video.mp4, Frame: 15, Độ rõ: Rõ"
2026-02-07 03:35:12,59B0568,PHÁT HIỆN VI PHẠM VIDEO,Xe máy - 59B-0568,"Video: demo_video.mp4, Frame: 20, Độ rõ: Rõ"
2026-02-07 03:35:12,97B06868,PHÁT HIỆN VI PHẠM VIDEO,Xe máy - 97B-06868,"Video: demo_video.mp4, Frame: 25, Độ rõ: Rõ"
2026-02-07 03:35:12,51861,PHÁT HIỆN VI PHẠM VIDEO,Xe máy - 5-1861,"Video: demo_video.mp4, Frame: 25, Độ rõ: Rõ"
2026-02-07 03:35:12,597B06868,PHÁT HIỆN VI PHẠM VIDEO,Xe máy - 597B-06868,"Video: demo_video.mp4, Frame: 30, Độ rõ: Rõ"
2026-02-07 03:35:12,59706868,PHÁT HIỆN VI PHẠM VIDEO,Xe máy - 597-06868 - Vi phạm: Đè vạch dừng,"Video: demo_video.mp4, Frame: 35, Độ rõ: Rõ"
2026-02-07 03:35:12,97B0688,PHÁT HIỆN VI PHẠM VIDEO,Xe máy - 97B-0688 - Vi phạm: Đè vạch dừng,"Video: demo_video.mp4, Frame: 40, Độ rõ: Rõ"
2026-02-07 03:35:12,59B06868,PHÁT HIỆN VI PHẠM VIDEO,Xe máy - 59B-06868,"Video: demo_video.mp4, Frame: 45, Độ rõ: Rõ"
2026-02-07 03:35:12,70A26872,PHÁT HIỆN VI PHẠM VIDEO,Xe máy - 70A-26872,"Video: demo_video.mp4, Frame: 45, Độ rõ: Rõ"
2026-02-07 03:35:12,59410861,PHÁT HIỆN VI PHẠM VIDEO,Xe máy - 594-10861 (Mờ),"Video: demo_video.mp4, Frame: 45, Độ rõ: Mờ"
2026-02-07 03:35:12,91B58,PHÁT HIỆN VI PHẠM VIDEO,Xe máy - 91B-58 - Vi phạm: Đè vạch dừng,"Video: demo_video.mp4, Frame: 50, Độ rõ: Rõ"
2026-02-07 03:35:12,7D126872,PHÁT HIỆN VI PHẠM VIDEO,Xe máy - 7D1-26872,"Video: demo_video.mp4, Frame: 50, Độ rõ: Rõ"
2026-02-07 03:35:12,8,PHÁT HIỆN VI PHẠM VIDEO,Xe máy - -8 - Vi phạm: Đè vạch dừng,"Video: demo_video.mp4, Frame: 50, Độ rõ: Rõ"
2026-02-07 03:35:12,991081,PHÁT HIỆN VI PHẠM VIDEO,Xe máy - 99-1081,"Video: demo_video.mp4, Frame: 55, Độ rõ: Rõ"
2026-02-07 03:35:12,7DA26872,PHÁT HIỆN VI PHẠM VIDEO,Xe máy - 7DA-26872,"Video: demo_video.mp4, Frame: 55, Độ rõ: Rõ"
2026-02-07 03:35:12,X910861,PHÁT HIỆN VI PHẠM VIDEO,Xe máy - X9-10861,"Video: demo_video.mp4, Frame: 60, Độ rõ: Rõ"
2026-02-07 03:35:12,5910558,PHÁT HIỆN VI PHẠM VIDEO,Xe máy - 591-0558,"Video: demo_video.mp4, Frame: 65, Độ rõ: Rõ"
2026-02-07 03:35:12,5910861,PHÁT HIỆN VI PHẠM VIDEO,Xe máy - 59-10861,"Video: demo_video.mp4, Frame: 70, Độ rõ: Rõ"
2026-02-07 03:35:12,91110861,PHÁT HIỆN VI PHẠM VIDEO,Xe máy - 911-10861,"Video: demo_video.mp4, Frame: 75, Độ rõ: Rõ"
2026-02-07 03:35:12,59110861,PHÁT HIỆN VI PHẠM VIDEO,Xe máy - 591-10861,"Video: demo_video.mp4, Frame: 105, Độ rõ: Rõ"
2026-02-07 03:35:12,972,PHÁT HIỆN VI PHẠM VIDEO,Xe máy - 9-72 (Mờ),"Video: demo_video.mp4, Frame: 120, Độ rõ: Mờ"
2026-02-07 03:35:12,59R12,PHÁT HIỆN VI PHẠM VIDEO,Xe máy - 59R-12 (Mờ),"Video: demo_video.mp4, Frame: 125, Độ rõ: Mờ"
2026-02-07 03:35:12,F9824,PHÁT HIỆN VI PHẠM VIDEO,Xe máy - F9-824 (Mờ),"Video: demo_video.mp4, Frame: 130, Độ rõ: Mờ"
2026-02-07 03:35:12,9R1212,PHÁT HIỆN VI PHẠM VIDEO,Xe máy - 9R-1212 (Mờ),"Video: demo_video.mp4, Frame: 135, Độ rõ: Mờ"
2026-02-07 03:35:12,61H159850,PHÁT HIỆN VI PHẠM VIDEO,Xe máy - 61H1-59850 - Vi phạm: Đè vạch dừng,"Video: demo_video.mp4, Frame: 135, Độ rõ: Rõ"
2026-02-07 03:35:12,5R78214,PHÁT HIỆN VI PHẠM VIDEO,Xe máy - 5R-78214,"Video: demo_video.mp4, Frame: 140, Độ rõ: Rõ"
2026-02-07 03:35:12,59Y1161,PHÁT HIỆN VI PHẠM VIDEO,Xe máy - 59Y1-161,"Video: demo_video.mp4, Frame: 140, Độ rõ: Rõ"
2026-02-07 03:35:12,59R7821,PHÁT HIỆN VI PHẠM VIDEO,Xe máy - 59R-7821,"Video: demo_video.mp4, Frame: 145, Độ rõ: Rõ"
2026-02-07 03:35:12,59214,PHÁT HIỆN VI PHẠM VIDEO,Xe máy - 59-214 - Vi phạm: Đè vạch dừng,"Video: demo_video.mp4, Frame: 150, Độ rõ: Rõ"
2026-02-07 03:35:12,6918214,PHÁT HIỆN VI PHẠM VIDEO,Xe máy - 69-18214 - Vi phạm: Đè vạch dừng,"Video: demo_video.mp4, Frame: 155, Độ rõ: Rõ"
2026-02-07 03:35:12,61R159850,PHÁT HIỆN VI PHẠM VIDEO,Xe máy - 61R1-59850 - Vi phạm: Đè vạch dừng,"Video: demo_video.mp4, Frame: 155, Độ rõ: Rõ"
2026-02-07 03:35:12,59R18214,PHÁT HIỆN VI PHẠM VIDEO,Xe máy - 59R-18214 - Vi phạm: Đè vạch dừng,"Video: demo_video.mp4, Frame: 160, Độ rõ: Rõ"
2026-02-07 03:35:12,59RA18214,PHÁT HIỆN VI PHẠM VIDEO,Xe máy - 59RA-18214 - Vi phạm: Đè vạch dừng,"Video: demo_video.mp4, Frame: 165, Độ rõ: Rõ"
2026-02-07 03:35:12,69RA18214,PHÁT HIỆN VI PHẠM VIDEO,Xe máy - 69RA-18214 - Vi phạm: Đè vạch dừng,"Video: demo_video.mp4, Frame: 170, Độ rõ: Rõ"
2026-02-07 03:35:12,5R18214,PHÁT HIỆN VI PHẠM VIDEO,Xe máy - 5R-18214 - Vi phạm: Đè vạch dừng,"Video: demo_video.mp4, Frame: 180, Độ rõ: Rõ"
2026-02-07 03:35:12,R59850,PHÁT HIỆN VI PHẠM VIDEO,Xe máy - R-59850 - Vi phạm: Đè vạch dừng,"Video: demo_video.mp4, Frame: 180, Độ rõ: Rõ"
2026-02-07 03:35:12,69R1821,PHÁT HIỆN VI PHẠM VIDEO,Xe máy - 69R-1821 - Vi phạm: Đè vạch dừng,"Video: demo_video.mp4, Frame: 185, Độ rõ: Rõ"
2026-02-07 03:35:12,1Z15980,PHÁT HIỆN VI PHẠM VIDEO,Xe máy - 1Z1-5980 - Vi phạm: Đè vạch dừng,"Video: demo_video.mp4, Frame: 185, Độ rõ: Rõ"
2026-02-07 03:35:12,59R121,PHÁT HIỆN VI PHẠM VIDEO,Xe máy - 59R-121 - Vi phạm: Đè vạch dừng,"Video: demo_video.mp4, Frame: 190, Độ rõ: Rõ"
2026-02-07 03:35:12,59A18214,PHÁT HIỆN VI PHẠM VIDEO,Xe máy - 59A-18214 - Vi phạm: Đè vạch dừng,"Video: demo_video.mp4, Frame: 195, Độ rõ: Rõ"
2026-02-07 03:35:12,59R1821,PHÁT HIỆN VI PHẠM VIDEO,Xe máy - 59R-1821 - Vi phạm: Đè vạch dừng,"Video: demo_video.mp4, Frame: 200, Độ rõ: Rõ"
2026-02-07 03:35:12,5917214,PHÁT HIỆN VI PHẠM VIDEO,Xe máy - 59-17214 - Vi phạm: Đè vạch dừng,"Video: demo_video.mp4, Frame: 205, Độ rõ: Rõ"
2026-02-07 03:35:12,59R8214,PHÁT HIỆN VI PHẠM VIDEO,Xe máy - 59R-8214 - Vi phạm: Đè vạch dừng,"Video: demo_video.mp4, Frame: 210, Độ rõ: Rõ"
2026-02-07 03:35:12,8120,PHÁT HIỆN VI PHẠM VIDEO,Xe máy - 81-20,"Video: demo_video.mp4, Frame: 215, Độ rõ: Rõ"
2026-02-07 03:35:12,5982,PHÁT HIỆN VI PHẠM VIDEO,Xe máy - 59-82 - Vi phạm: Đè vạch dừng,"Video: demo_video.mp4, Frame: 215, Độ rõ: Rõ"
2026-02-07 03:35:12,5005,PHÁT HIỆN VI PHẠM VIDEO,Xe máy - 500-5 - Vi phạm: Đè vạch dừng,"Video: demo_video.mp4, Frame: 220, Độ rõ: Rõ"
2026-02-07 03:35:12,Z8721,PHÁT HIỆN VI PHẠM VIDEO,Xe máy - Z-8721 (Mờ),"Video: demo_video.mp4, Frame: 230, Độ rõ: Mờ"
2026-02-07 03:35:12,814,PHÁT HIỆN VI PHẠM VIDEO,Xe máy - 8-14 - Vi phạm: Đè vạch dừng,"Video: demo_video.mp4, Frame: 235, Độ rõ: Rõ"
2026-02-07 03:35:12,5,PHÁT HIỆN VI PHẠM VIDEO,Xe máy - -5,"Video: demo_video.mp4, Frame: 245, Độ rõ: Rõ"
2026-02-07 03:35:12,70A26822,PHÁT HIỆN VI PHẠM VIDEO,Xe máy - 70A-26822,"Video: demo_video.mp4, Frame: 260, Độ rõ: Rõ"
2026-02-07 03:35:12,591079,PHÁT HIỆN VI PHẠM VIDEO,Xe máy - 591-079,"Video: demo_video.mp4, Frame: 260, Độ rõ: Rõ"
2026-02-07 03:35:12,5R9Y778079,PHÁT HIỆN VI PHẠM VIDEO,Xe máy - 5R9Y7-78079,"Video: demo_video.mp4, Frame: 265, Độ rõ: Rõ"
2026-02-07 03:35:12,59807,PHÁT HIỆN VI PHẠM VIDEO,Xe máy - 59-807 - Vi phạm: Đè vạch dừng,"Video: demo_video.mp4, Frame: 285, Độ rõ: Rõ"
2026-02-07 03:35:12,59178D079,PHÁT HIỆN VI PHẠM VIDEO,Xe máy - 591-78D079 - Vi phạm: Đè vạch dừng,"Video: demo_video.mp4, Frame: 290, Độ rõ: Rõ"
2026-02-07 03:35:12,519178079,PHÁT HIỆN VI PHẠM VIDEO,Xe máy - 5191-78079 - Vi phạm: Đè vạch dừng,"Video: demo_video.mp4, Frame: 295, Độ rõ: Rõ"
2026-02-07 03:35:12,59P1178079,PHÁT HIỆN VI PHẠM VIDEO,Xe máy - 59P11-78079 - Vi phạm: Đè vạch dừng,"Video: demo_video.mp4, Frame: 300, Độ rõ: Rõ"
2026-02-07 03:35:12,591178079,PHÁT HIỆN VI PHẠM VIDEO,Xe máy - 5911-78079 - Vi phạm: Đè vạch dừng,"Video: demo_video.mp4, Frame: 305, Độ rõ: Rõ"
2026-02-07 03:35:12,59178079,PHÁT HIỆN VI PHẠM VIDEO,Xe máy - 591-78079 - Vi phạm: Đè vạch dừng,"Video: demo_video.mp4, Frame: 330, Độ rõ: Rõ"
2026-02-07 03:35:12,178B2,PHÁT HIỆN VI PHẠM VIDEO,Xe máy - 1-78B2 - Vi phạm: Đè vạch dừng,"Video: demo_video.mp4, Frame: 340, Độ rõ: Rõ"
2026-02-07 03:35:12,757,PHÁT HIỆN VI PHẠM VIDEO,Xe máy - 7-57,"Video: demo_video.mp4, Frame: 340, Độ rõ: Rõ"
2026-02-07 03:35:12,525E,PHÁT HIỆN VI PHẠM VIDEO,Xe máy - 52-5E,"Video: demo_video.mp4, Frame: 345, Độ rõ: Rõ"
2026-02-07 03:35:12,59R2553,PHÁT HIỆN VI PHẠM VIDEO,Xe máy - 59R2-553,"Video: demo_video.mp4, Frame: 350, Độ rõ: Rõ"
2026-02-07 03:35:12,59RR27553,PHÁT HIỆN VI PHẠM VIDEO,Xe máy - 59RR2-7553,"Video: demo_video.mp4, Frame: 355, Độ rõ: Rõ"
2026-02-07 03:35:12,59253,PHÁT HIỆN VI PHẠM VIDEO,Xe máy - 592-53,"Video: demo_video.mp4, Frame: 360, Độ rõ: Rõ"
2026-02-07 03:35:12,5TR273,PHÁT HIỆN VI PHẠM VIDEO,Xe máy - 5TR2-73,"Video: demo_video.mp4, Frame: 365, Độ rõ: Rõ"
2026-02-07 03:35:12,9124253,PHÁT HIỆN VI PHẠM VIDEO,Xe máy - 912-4253,"Video: demo_video.mp4, Frame: 370, Độ rõ: Rõ"
2026-02-07 03:35:12,52425,PHÁT HIỆN VI PHẠM VIDEO,Xe máy - 52-425 - Vi phạm: Đè vạch dừng,"Video: demo_video.mp4, Frame: 375, Độ rõ: Rõ"
2026-02-07 03:35:12,524253,PHÁT HIỆN VI PHẠM VIDEO,Xe máy - 52-4253 - Vi phạm: Đè vạch dừng,"Video: demo_video.mp4, Frame: 380, Độ rõ: Rõ"
2026-02-07 03:35:12,3242353,PHÁT HIỆN VI PHẠM VIDEO,Xe máy - 32-42353 - Vi phạm: Đè vạch dừng,"Video: demo_video.mp4, Frame: 385, Độ rõ: Rõ"
2026-02-07 03:35:12,242553,PHÁT HIỆN VI PHẠM VIDEO,Xe máy - 2-42553 - Vi phạm: Đè vạch dừng,"Video: demo_video.mp4, Frame: 390, Độ rõ: Rõ"
2026-02-07 03:35:12,527T31650,PHÁT HIỆN VI PHẠM VIDEO,Xe máy - 527T3-1650,"Video: demo_video.mp4, Frame: 415, Độ rõ: Rõ"
2026-02-07 03:35:12,59T321650,PHÁT HIỆN VI PHẠM VIDEO,Xe máy - 59T3-21650,"Video: demo_video.mp4, Frame: 420, Độ rõ: Rõ"
2026-02-07 03:35:12,592T321650,PHÁT HIỆN VI PHẠM VIDEO,Xe máy - 592T3-21650,"Video: demo_video.mp4, Frame: 425, Độ rõ: Rõ"
2026-02-07 03:35:12,59T21630,PHÁT HIỆN VI PHẠM VIDEO,Xe máy - 59T-21630 - Vi phạm: Đè vạch dừng,"Video: demo_video.mp4, Frame: 440, Độ rõ: Rõ"
2026-02-07 03:35:12,59321650,PHÁT HIỆN VI PHẠM VIDEO,Xe máy - 593-21650 - Vi phạm: Đè vạch dừng,"Video: demo_video.mp4, Frame: 445, Độ rõ: Rõ"
2026-02-07 03:35:12,5D106,PHÁT HIỆN VI PHẠM VIDEO,Xe máy - 5D-106,"Video: demo_video.mp4, Frame: 465, Độ rõ: Rõ"
2026-02-07 03:35:12,39T321650,PHÁT HIỆN VI PHẠM VIDEO,Xe máy - 39T3-21650 - Vi phạm: Đè vạch dừng,"Video: demo_video.mp4, Frame: 465, Độ rõ: Rõ"
2026-02-07 03:35:12,50E106E,PHÁT HIỆN VI PHẠM VIDEO,Xe máy - 50E-106E,"Video: demo_video.mp4, Frame: 470, Độ rõ: Rõ"
2026-02-07 03:35:12,59T3260,PHÁT HIỆN VI PHẠM VIDEO,Xe máy - 59T3-260,"Video: demo_video.mp4, Frame: 470, Độ rõ: Rõ"
2026-02-07 03:35:12,5DE10630,PHÁT HIỆN VI PHẠM VIDEO,Xe máy - 5DE-10630,"Video: demo_video.mp4, Frame: 475, Độ rõ: Rõ"
2026-02-07 03:35:12,39V321650,PHÁT HIỆN VI PHẠM VIDEO,Xe máy - 39V3-21650 - Vi phạm: Đè vạch dừng,"Video: demo_video.mp4, Frame: 475, Độ rõ: Rõ"
2026-02-07 03:35:12,5E10630,PHÁT HIỆN VI PHẠM VIDEO,Xe máy - 5E-10630,"Video: demo_video.mp4, Frame: 485, Độ rõ: Rõ"
2026-02-07 03:35:12,50E10630,PHÁT HIỆN VI PHẠM VIDEO,Xe máy - 50E-10630,"Video: demo_video.mp4, Frame: 490, Độ rõ: Rõ"
2026-02-07 03:35:12,59321630,PHÁT HIỆN VI PHẠM VIDEO,Xe máy - 593-21630 - Vi phạm: Đè vạch dừng,"Video: demo_video.mp4, Frame: 490, Độ rõ: Rõ"
2026-02-07 03:35:12,6DE10623D,PHÁT HIỆN VI PHẠM VIDEO,Xe máy - 6DE-10623D,"Video: demo_video.mp4, Frame: 500, Độ rõ: Rõ"
2026-02-07 03:35:12,47A81773,PHÁT HIỆN VI PHẠM VIDEO,Xe máy - 47A-81773,"Video: demo_video.mp4, Frame: 500, Độ rõ: Rõ"
2026-02-07 03:35:12,Y960218E0,PHÁT HIỆN VI PHẠM VIDEO,Xe máy - Y960-218E0 - Vi phạm: Đè vạch dừng,"Video: demo_video.mp4, Frame: 500, Độ rõ: Rõ"
2026-02-07 03:35:12,5010630,PHÁT HIỆN VI PHẠM VIDEO,Xe máy - 50-10630,"Video: demo_video.mp4, Frame: 505, Độ rõ: Rõ"
2026-02-07 03:35:12,59321760,PHÁT HIỆN VI PHẠM VIDEO,Xe máy - 593-21760 - Vi phạm: Đè vạch dừng,"Video: demo_video.mp4, Frame: 505, Độ rõ: Rõ"
2026-02-07 03:38:51,1X1408503,PHÁT HIỆN VI PHẠM,Xe máy - 1X14-08503 - Vi phạm: Đè vạch dừng,Video: demo_video.mp4 - Frame 5
2026-02-07 03:38:52,81108503,PHÁT HIỆN VI PHẠM,Xe máy - 811-08503 - Vi phạm: Đè vạch dừng,Video: demo_video.mp4 - Frame 10
2026-02-07 03:38:55,59706868,PHÁT HIỆN VI PHẠM,Xe máy - 597-06868 - Vi phạm: Đè vạch dừng,Video: demo_video.mp4 - Frame 35
2026-02-07 03:38:55,97B0688,PHÁT HIỆN VI PHẠM,Xe máy - 97B-0688 - Vi phạm: Đè vạch dừng,Video: demo_video.mp4 - Frame 40
2026-02-07 03:38:57,91B58,PHÁT HIỆN VI PHẠM,Xe máy - 91B-58 - Vi phạm: Đè vạch dừng,Video: demo_video.mp4 - Frame 50
2026-02-07 03:38:58,8,PHÁT HIỆN VI PHẠM,Xe máy - -8 - Vi phạm: Đè vạch dừng,Video: demo_video.mp4 - Frame 50
2026-02-07 03:39:07,61H159850,PHÁT HIỆN VI PHẠM,Xe máy - 61H1-59850 - Vi phạm: Đè vạch dừng,Video: demo_video.mp4 - Frame 135
2026-02-07 03:39:08,59214,PHÁT HIỆN VI PHẠM,Xe máy - 59-214 - Vi phạm: Đè vạch dừng,Video: demo_video.mp4 - Frame 150
2026-02-07 03:39:09,6918214,PHÁT HIỆN VI PHẠM,Xe máy - 69-18214 - Vi phạm: Đè vạch dừng,Video: demo_video.mp4 - Frame 155
2026-02-07 03:39:09,61R159850,PHÁT HIỆN VI PHẠM,Xe máy - 61R1-59850 - Vi phạm: Đè vạch dừng,Video: demo_video.mp4 - Frame 155
2026-02-07 03:39:10,59R18214,PHÁT HIỆN VI PHẠM,Xe máy - 59R-18214 - Vi phạm: Đè vạch dừng,Video: demo_video.mp4 - Frame 160
2026-02-07 03:39:10,59RA18214,PHÁT HIỆN VI PHẠM,Xe máy - 59RA-18214 - Vi phạm: Đè vạch dừng,Video: demo_video.mp4 - Frame 165
2026-02-07 03:39:11,69RA18214,PHÁT HIỆN VI PHẠM,Xe máy - 69RA-18214 - Vi phạm: Đè vạch dừng,Video: demo_video.mp4 - Frame 170
2026-02-07 03:39:13,5R18214,PHÁT HIỆN VI PHẠM,Xe máy - 5R-18214 - Vi phạm: Đè vạch dừng,Video: demo_video.mp4 - Frame 180
2026-02-07 03:39:13,R59850,PHÁT HIỆN VI PHẠM,Xe máy - R-59850 - Vi phạm: Đè vạch dừng,Video: demo_video.mp4 - Frame 180
2026-02-07 03:39:13,69R1821,PHÁT HIỆN VI PHẠM,Xe máy - 69R-1821 - Vi phạm: Đè vạch dừng,Video: demo_video.mp4 - Frame 185
2026-02-07 03:39:14,1Z15980,PHÁT HIỆN VI PHẠM,Xe máy - 1Z1-5980 - Vi phạm: Đè vạch dừng,Video: demo_video.mp4 - Frame 185
2026-02-07 03:39:14,59R121,PHÁT HIỆN VI PHẠM,Xe máy - 59R-121 - Vi phạm: Đè vạch dừng,Video: demo_video.mp4 - Frame 190
2026-02-07 03:39:15,59A18214,PHÁT HIỆN VI PHẠM,Xe máy - 59A-18214 - Vi phạm: Đè vạch dừng,Video: demo_video.mp4 - Frame 195
2026-02-07 03:39:15,59R1821,PHÁT HIỆN VI PHẠM,Xe máy - 59R-1821 - Vi phạm: Đè vạch dừng,Video: demo_video.mp4 - Frame 200
2026-02-07 03:39:16,5917214,PHÁT HIỆN VI PHẠM,Xe máy - 59-17214 - Vi phạm: Đè vạch dừng,Video: demo_video.mp4 - Frame 205
2026-02-07 03:39:16,59R8214,PHÁT HIỆN VI PHẠM,Xe máy - 59R-8214 - Vi phạm: Đè vạch dừng,Video: demo_video.mp4 - Frame 210
2026-02-07 03:39:17,5982,PHÁT HIỆN VI PHẠM,Xe máy - 59-82 - Vi phạm: Đè vạch dừng,Video: demo_video.mp4 - Frame 215
2026-02-07 03:39:18,5005,PHÁT HIỆN VI PHẠM,Xe máy - 500-5 - Vi phạm: Đè vạch dừng,Video: demo_video.mp4 - Frame 220
2026-02-07 03:39:19,Z8721,PHÁT HIỆN VI PHẠM,Xe máy - Z-8721 (Mờ),Video: demo_video.mp4 - Frame 230
2026-02-07 03:39:19,814,PHÁT HIỆN VI PHẠM,Xe máy - 8-14 - Vi phạm: Đè vạch dừng,Video: demo_video.mp4 - Frame 235
2026-02-07 03:39:24,59807,PHÁT HIỆN VI PHẠM,Xe máy - 59-807 - Vi phạm: Đè vạch dừng,Video: demo_video.mp4 - Frame 285
2026-02-07 03:39:25,59178D079,PHÁT HIỆN VI PHẠM,Xe máy - 591-78D079 - Vi phạm: Đè vạch dừng,Video: demo_video.mp4 - Frame 290
2026-02-07 03:39:26,519178079,PHÁT HIỆN VI PHẠM,Xe máy - 5191-78079 - Vi phạm: Đè vạch dừng,Video: demo_video.mp4 - Frame 295
2026-02-07 03:39:26,59P1178079,PHÁT HIỆN VI PHẠM,Xe máy - 59P11-78079 - Vi phạm: Đè vạch dừng,Video: demo_video.mp4 - Frame 300
2026-02-07 03:39:27,591178079,PHÁT HIỆN VI PHẠM,Xe máy - 5911-78079 - Vi phạm: Đè vạch dừng,Video: demo_video.mp4 - Frame 305
2026-02-07 03:39:29,59178079,PHÁT HIỆN VI PHẠM,Xe máy - 591-78079 - Vi phạm: Đè vạch dừng,Video: demo_video.mp4 - Frame 330
2026-02-07 03:39:30,178B2,PHÁT HIỆN VI PHẠM,Xe máy - 1-78B2 - Vi phạm: Đè vạch dừng,Video: demo_video.mp4 - Frame 340
2026-02-07 03:39:34,52425,PHÁT HIỆN VI PHẠM,Xe máy - 52-425 - Vi phạm: Đè vạch dừng,Video: demo_video.mp4 - Frame 375
2026-02-07 03:39:35,524253,PHÁT HIỆN VI PHẠM,Xe máy - 52-4253 - Vi phạm: Đè vạch dừng,Video: demo_video.mp4 - Frame 380
2026-02-07 03:39:36,3242353,PHÁT HIỆN VI PHẠM,Xe máy - 32-42353 - Vi phạm: Đè vạch dừng,Video: demo_video.mp4 - Frame 385
2026-02-07 03:39:36,242553,PHÁT HIỆN VI PHẠM,Xe máy - 2-42553 - Vi phạm: Đè vạch dừng,Video: demo_video.mp4 - Frame 390
2026-02-07 03:39:41,59T21630,PHÁT HIỆN VI PHẠM,Xe máy - 59T-21630 - Vi phạm: Đè vạch dừng,Video: demo_video.mp4 - Frame 440
2026-02-07 03:39:42,59321650,PHÁT HIỆN VI PHẠM,Xe máy - 593-21650 - Vi phạm: Đè vạch dừng,Video: demo_video.mp4 - Frame 445
2026-02-07 03:39:44,39T321650,PHÁT HIỆN VI PHẠM,Xe máy - 39T3-21650 - Vi phạm: Đè vạch dừng,Video: demo_video.mp4 - Frame 465
2026-02-07 03:39:46,39V321650,PHÁT HIỆN VI PHẠM,Xe máy - 39V3-21650 - Vi phạm: Đè vạch dừng,Video: demo_video.mp4 - Frame 475
2026-02-07 03:39:48,59321630,PHÁT HIỆN VI PHẠM,Xe máy - 593-21630 - Vi phạm: Đè vạch dừng,Video: demo_video.mp4 - Frame 490
2026-02-07 03:39:49,Y960218E0,PHÁT HIỆN VI PHẠM,Xe máy - Y960-218E0 - Vi phạm: Đè vạch dừng,Video: demo_video.mp4 - Frame 500
2026-02-07 03:39:50,59321760,PHÁT HIỆN VI PHẠM,Xe máy - 593-21760 - Vi phạm: Đè vạch dừng,Video: demo_video.mp4 - Frame 505
2026-02-07 03:39:50,597B05868,PHÁT HIỆN VI PHẠM VIDEO,Xe máy - 597B-05868,"Video: demo_video.mp4, Frame: 5, Độ rõ: Rõ"
2026-02-07 03:39:50,1X1408503,PHÁT HIỆN VI PHẠM VIDEO,Xe máy - 1X14-08503 - Vi phạm: Đè vạch dừng,"Video: demo_video.mp4, Frame: 5, Độ rõ: Rõ"
2026-02-07 03:39:50,47A61773,PHÁT HIỆN VI PHẠM VIDEO,Xe máy - 47A-61773,"Video: demo_video.mp4, Frame: 5, Độ rõ: Rõ"
2026-02-07 03:39:50,910861,PHÁT HIỆN VI PHẠM VIDEO,Xe máy - 9-10861,"Video: demo_video.mp4, Frame: 5, Độ rõ: Rõ"
2026-02-07 03:39:50,81108503,PHÁT HIỆN VI PHẠM VIDEO,Xe máy - 811-08503 - Vi phạm: Đè vạch dừng,"Video: demo_video.mp4, Frame: 10, Độ rõ: Rõ"
2026-02-07 03:39:50,59B05868,PHÁT HIỆN VI PHẠM VIDEO,Xe máy - 59B-05868,"Video: demo_video.mp4, Frame: 15, Độ rõ: Rõ"
2026-02-07 03:39:50,59B0568,PHÁT HIỆN VI PHẠM VIDEO,Xe máy - 59B-0568,"Video: demo_video.mp4, Frame: 20, Độ rõ: Rõ"
2026-02-07 03:39:50,97B06868,PHÁT HIỆN VI PHẠM VIDEO,Xe máy - 97B-06868,"Video: demo_video.mp4, Frame: 25, Độ rõ: Rõ"
2026-02-07 03:39:50,51861,PHÁT HIỆN VI PHẠM VIDEO,Xe máy - 5-1861,"Video: demo_video.mp4, Frame: 25, Độ rõ: Rõ"
2026-02-07 03:39:50,597B06868,PHÁT HIỆN VI PHẠM VIDEO,Xe máy - 597B-06868,"Video: demo_video.mp4, Frame: 30, Độ rõ: Rõ"
2026-02-07 03:39:50,59706868,PHÁT HIỆN VI PHẠM VIDEO,Xe máy - 597-06868 - Vi phạm: Đè vạch dừng,"Video: demo_video.mp4, Frame: 35, Độ rõ: Rõ"
2026-02-07 03:39:50,97B0688,PHÁT HIỆN VI PHẠM VIDEO,Xe máy - 97B-0688 - Vi phạm: Đè vạch dừng,"Video: demo_video.mp4, Frame: 40, Độ rõ: Rõ"
2026-02-07 03:39:50,59B06868,PHÁT HIỆN VI PHẠM VIDEO,Xe máy - 59B-06868,"Video: demo_video.mp4, Frame: 45, Độ rõ: Rõ"
2026-02-07 03:39:50,70A26872,PHÁT HIỆN VI PHẠM VIDEO,Xe máy - 70A-26872,"Video: demo_video.mp4, Frame: 45, Độ rõ: Rõ"
2026-02-07 03:39:50,59410861,PHÁT HIỆN VI PHẠM VIDEO,Xe máy - 594-10861 (Mờ),"Video: demo_video.mp4, Frame: 45, Độ rõ: Mờ"
2026-02-07 03:39:50,91B58,PHÁT HIỆN VI PHẠM VIDEO,Xe máy - 91B-58 - Vi phạm: Đè vạch dừng,"Video: demo_video.mp4, Frame: 50, Độ rõ: Rõ"
2026-02-07 03:39:50,7D126872,PHÁT HIỆN VI PHẠM VIDEO,Xe máy - 7D1-26872,"Video: demo_video.mp4, Frame: 50, Độ rõ: Rõ"
2026-02-07 03:39:50,8,PHÁT HIỆN VI PHẠM VIDEO,Xe máy - -8 - Vi phạm: Đè vạch dừng,"Video: demo_video.mp4, Frame: 50, Độ rõ: Rõ"
2026-02-07 03:39:50,991081,PHÁT HIỆN VI PHẠM VIDEO,Xe máy - 99-1081,"Video: demo_video.mp4, Frame: 55, Độ rõ: Rõ"
2026-02-07 03:39:50,7DA26872,PHÁT HIỆN VI PHẠM VIDEO,Xe máy - 7DA-26872,"Video: demo_video.mp4, Frame: 55, Độ rõ: Rõ"
2026-02-07 03:39:50,X910861,PHÁT HIỆN VI PHẠM VIDEO,Xe máy - X9-10861,"Video: demo_video.mp4, Frame: 60, Độ rõ: Rõ"
2026-02-07 03:39:50,5910558,PHÁT HIỆN VI PHẠM VIDEO,Xe máy - 591-0558,"Video: demo_video.mp4, Frame: 65, Độ rõ: Rõ"
2026-02-07 03:39:50,5910861,PHÁT HIỆN VI PHẠM VIDEO,Xe máy - 59-10861,"Video: demo_video.mp4, Frame: 70, Độ rõ: Rõ"
2026-02-07 03:39:50,91110861,PHÁT HIỆN VI PHẠM VIDEO,Xe máy - 911-10861,"Video: demo_video.mp4, Frame: 75, Độ rõ: Rõ"
2026-02-07 03:39:50,59110861,PHÁT HIỆN VI PHẠM VIDEO,Xe máy - 591-10861,"Video: demo_video.mp4, Frame: 105, Độ rõ: Rõ"
2026-02-07 03:39:50,972,PHÁT HIỆN VI PHẠM VIDEO,Xe máy - 9-72 (Mờ),"Video: demo_video.mp4, Frame: 120, Độ rõ: Mờ"
2026-02-07 03:39:50,59R12,PHÁT HIỆN VI PHẠM VIDEO,Xe máy - 59R-12 (Mờ),"Video: demo_video.mp4, Frame: 125, Độ rõ: Mờ"
2026-02-07 03:39:50,F9824,PHÁT HIỆN VI PHẠM VIDEO,Xe máy - F9-824 (Mờ),"Video: demo_video.mp4, Frame: 130, Độ rõ: Mờ"
2026-02-07 03:39:50,9R1212,PHÁT HIỆN VI PHẠM VIDEO,Xe máy - 9R-1212 (Mờ),"Video: demo_video.mp4, Frame: 135, Độ rõ: Mờ"
2026-02-07 03:39:50,61H159850,PHÁT HIỆN VI PHẠM VIDEO,Xe máy - 61H1-59850 - Vi phạm: Đè vạch dừng,"Video: demo_video.mp4, Frame: 135, Độ rõ: Rõ"
2026-02-07 03:39:50,5R78214,PHÁT HIỆN VI PHẠM VIDEO,Xe máy - 5R-78214,"Video: demo_video.mp4, Frame: 140, Độ rõ: Rõ"
2026-02-07 03:39:50,59Y1161,PHÁT HIỆN VI PHẠM VIDEO,Xe máy - 59Y1-161,"Video: demo_video.mp4, Frame: 140, Độ rõ: Rõ"
2026-02-07 03:39:50,59R7821,PHÁT HIỆN VI PHẠM VIDEO,Xe máy - 59R-7821,"Video: demo_video.mp4, Frame: 145, Độ rõ: Rõ"
2026-02-07 03:39:50,59214,PHÁT HIỆN VI PHẠM VIDEO,Xe máy - 59-214 - Vi phạm: Đè vạch dừng,"Video: demo_video.mp4, Frame: 150, Độ rõ: Rõ"
2026-02-07 03:39:50,6918214,PHÁT HIỆN VI PHẠM VIDEO,Xe máy - 69-18214 - Vi phạm: Đè vạch dừng,"Video: demo_video.mp4, Frame: 155, Độ rõ: Rõ"
2026-02-07 03:39:50,61R159850,PHÁT HIỆN VI PHẠM VIDEO,Xe máy - 61R1-59850 - Vi phạm: Đè vạch dừng,"Video: demo_video.mp4, Frame: 155, Độ rõ: Rõ"
2026-02-07 03:39:50,59R18214,PHÁT HIỆN VI PHẠM VIDEO,Xe máy - 59R-18214 - Vi phạm: Đè vạch dừng,"Video: demo_video.mp4, Frame: 160, Độ rõ: Rõ"
2026-02-07 03:39:50,59RA18214,PHÁT HIỆN VI PHẠM VIDEO,Xe máy - 59RA-18214 - Vi phạm: Đè vạch dừng,"Video: demo_video.mp4, Frame: 165, Độ rõ: Rõ"
2026-02-07 03:39:50,69RA18214,PHÁT HIỆN VI PHẠM VIDEO,Xe máy - 69RA-18214 - Vi phạm: Đè vạch dừng,"Video: demo_video.mp4, Frame: 170, Độ rõ: Rõ"
2026-02-07 03:39:50,5R18214,PHÁT HIỆN VI PHẠM VIDEO,Xe máy - 5R-18214 - Vi phạm: Đè vạch dừng,"Video: demo_video.mp4, Frame: 180, Độ rõ: Rõ"
2026-02-07 03:39:50,R59850,PHÁT HIỆN VI PHẠM VIDEO,Xe máy - R-59850 - Vi phạm: Đè vạch dừng,"Video: demo_video.mp4, Frame: 180, Độ rõ: Rõ"
2026-02-07 03:39:50,69R1821,PHÁT HIỆN VI PHẠM VIDEO,Xe máy - 69R-1821 - Vi phạm: Đè vạch dừng,"Video: demo_video.mp4, Frame: 185, Độ rõ: Rõ"
2026-02-07 03:39:50,1Z15980,PHÁT HIỆN VI PHẠM VIDEO,Xe máy - 1Z1-5980 - Vi phạm: Đè vạch dừng,"Video: demo_video.mp4, Frame: 185, Độ rõ: Rõ"
2026-02-07 03:39:50,59R121,PHÁT HIỆN VI PHẠM VIDEO,Xe máy - 59R-121 - Vi phạm: Đè vạch dừng,"Video: demo_video.mp4, Frame: 190, Độ rõ: Rõ"
2026-02-07 03:39:50,59A18214,PHÁT HIỆN VI PHẠM VIDEO,Xe máy - 59A-18214 - Vi phạm: Đè vạch dừng,"Video: demo_video.mp4, Frame: 195, Độ rõ: Rõ"
2026-02-07 03:39:50,59R1821,PHÁT HIỆN VI PHẠM VIDEO,Xe máy - 59R-1821 - Vi phạm: Đè vạch dừng,"Video: demo_video.mp4, Frame: 200, Độ rõ: Rõ"
2026-02-07 03:39:50,5917214,PHÁT HIỆN VI PHẠM VIDEO,Xe máy - 59-17214 - Vi phạm: Đè vạch dừng,"Video: demo_video.mp4, Frame: 205, Độ rõ: Rõ"
2026-02-07 03:39:50,59R8214,PHÁT HIỆN VI PHẠM VIDEO,Xe máy - 59R-8214 - Vi phạm: Đè vạch dừng,"Video: demo_video.mp4, Frame: 210, Độ rõ: Rõ"
2026-02-07 03:39:50,8120,PHÁT HIỆN VI PHẠM VIDEO,Xe máy - 81-20,"Video: demo_video.mp4, Frame: 215, Độ rõ: Rõ"
2026-02-07 03:39:50,5982,PHÁT HIỆN VI PHẠM VIDEO,Xe máy - 59-82 - Vi phạm: Đè vạch dừng,"Video: demo_video.mp4, Frame: 215, Độ rõ: Rõ"
2026-02-07 03:39:50,5005,PHÁT HIỆN VI PHẠM VIDEO,Xe máy - 500-5 - Vi phạm: Đè vạch dừng,"Video: demo_video.mp4, Frame: 220, Độ rõ: Rõ"
2026-02-07 03:39:50,Z8721,PHÁT HIỆN VI PHẠM VIDEO,Xe máy - Z-8721 (Mờ),"Video: demo_video.mp4, Frame: 230, Độ rõ: Mờ"
2026-02-07 03:39:50,814,PHÁT HIỆN VI PHẠM VIDEO,Xe máy - 8-14 - Vi phạm: Đè vạch dừng,"Video: demo_video.mp4, Frame: 235, Độ rõ: Rõ"
2026-02-07 03:39:50,5,PHÁT HIỆN VI PHẠM VIDEO,Xe máy - -5,"Video: demo_video.mp4, Frame: 245, Độ rõ: Rõ"
2026-02-07 03:39:50,70A26822,PHÁT HIỆN VI PHẠM VIDEO,Xe máy - 70A-26822,"Video: demo_video.mp4, Frame: 260, Độ rõ: Rõ"
2026-02-07 03:39:50,591079,PHÁT HIỆN VI PHẠM VIDEO,Xe máy - 591-079,"Video: demo_video.mp4, Frame: 260, Độ rõ: Rõ"
2026-02-07 03:39:50,5R9Y778079,PHÁT HIỆN VI PHẠM VIDEO,Xe máy - 5R9Y7-78079,"Video: demo_video.mp4, Frame: 265, Độ rõ: Rõ"
2026-02-07 03:39:50,59807,PHÁT HIỆN VI PHẠM VIDEO,Xe máy - 59-807 - Vi phạm: Đè vạch dừng,"Video: demo_video.mp4, Frame: 285, Độ rõ: Rõ"
2026-02-07 03:39:50,59178D079,PHÁT HIỆN VI PHẠM VIDEO,Xe máy - 591-78D079 - Vi phạm: Đè vạch dừng,"Video: demo_video.mp4, Frame: 290, Độ rõ: Rõ"
2026-02-07 03:39:50,519178079,PHÁT HIỆN VI PHẠM VIDEO,Xe máy - 5191-78079 - Vi phạm: Đè vạch dừng,"Video: demo_video.mp4, Frame: 295, Độ rõ: Rõ"
2026-02-07 03:39:50,59P1178079,PHÁT HIỆN VI PHẠM VIDEO,Xe máy - 59P11-78079 - Vi phạm: Đè vạch dừng,"Video: demo_video.mp4, Frame: 300, Độ rõ: Rõ"
2026-02-07 03:39:50,591178079,PHÁT HIỆN VI PHẠM VIDEO,Xe máy - 5911-78079 - Vi phạm: Đè vạch dừng,"Video: demo_video.mp4, Frame: 305, Độ rõ: Rõ"
2026-02-07 03:39:50,59178079,PHÁT HIỆN VI PHẠM VIDEO,Xe máy - 591-78079 - Vi phạm: Đè vạch dừng,"Video: demo_video.mp4, Frame: 330, Độ rõ: Rõ"
2026-02-07 03:39:50,178B2,PHÁT HIỆN VI PHẠM VIDEO,Xe máy - 1-78B2 - Vi phạm: Đè vạch dừng,"Video: demo_video.mp4, Frame: 340, Độ rõ: Rõ"
2026-02-07 03:39:50,757,PHÁT HIỆN VI PHẠM VIDEO,Xe máy - 7-57,"Video: demo_video.mp4, Frame: 340, Độ rõ: Rõ"
2026-02-07 03:39:50,525E,PHÁT HIỆN VI PHẠM VIDEO,Xe máy - 52-5E,"Video: demo_video.mp4, Frame: 345, Độ rõ: Rõ"
2026-02-07 03:39:50,59R2553,PHÁT HIỆN VI PHẠM VIDEO,Xe máy - 59R2-553,"Video: demo_video.mp4, Frame: 350, Độ rõ: Rõ"
2026-02-07 03:39:50,59RR27553,PHÁT HIỆN VI PHẠM VIDEO,Xe máy - 59RR2-7553,"Video: demo_video.mp4, Frame: 355, Độ rõ: Rõ"
2026-02-07 03:39:50,59253,PHÁT HIỆN VI PHẠM VIDEO,Xe máy - 592-53,"Video: demo_video.mp4, Frame: 360, Độ rõ: Rõ"
2026-02-07 03:39:50,5TR273,PHÁT HIỆN VI PHẠM VIDEO,Xe máy - 5TR2-73,"Video: demo_video.mp4, Frame: 365, Độ rõ: Rõ"
2026-02-07 03:39:50,9124253,PHÁT HIỆN VI PHẠM VIDEO,Xe máy - 912-4253,"Video: demo_video.mp4, Frame: 370, Độ rõ: Rõ"
2026-02-07 03:39:50,52425,PHÁT HIỆN VI PHẠM VIDEO,Xe máy - 52-425 - Vi phạm: Đè vạch dừng,"Video: demo_video.mp4, Frame: 375, Độ rõ: Rõ"
2026-02-07 03:39:50,524253,PHÁT HIỆN VI PHẠM VIDEO,Xe máy - 52-4253 - Vi phạm: Đè vạch dừng,"Video: demo_video.mp4, Frame: 380, Độ rõ: Rõ"
2026-02-07 03:39:50,3242353,PHÁT HIỆN VI PHẠM VIDEO,Xe máy - 32-42353 - Vi phạm: Đè vạch dừng,"Video: demo_video.mp4, Frame: 385, Độ rõ: Rõ"
2026-02-07 03:39:50,242553,PHÁT HIỆN VI PHẠM VIDEO,Xe máy - 2-42553 - Vi phạm: Đè vạch dừng,"Video: demo_video.mp4, Frame: 390, Độ rõ: Rõ"
2026-02-07 03:39:50,527T31650,PHÁT HIỆN VI PHẠM VIDEO,Xe máy - 527T3-1650,"Video: demo_video.mp4, Frame: 415, Độ rõ: Rõ"
2026-02-07 03:39:50,59T321650,PHÁT HIỆN VI PHẠM VIDEO,Xe máy - 59T3-21650,"Video: demo_video.mp4, Frame: 420, Độ rõ: Rõ"
2026-02-07 03:39:50,592T321650,PHÁT HIỆN VI PHẠM VIDEO,Xe máy - 592T3-21650,"Video: demo_video.mp4, Frame: 425, Độ rõ: Rõ"
2026-02-07 03:39:50,59T21630,PHÁT HIỆN VI PHẠM VIDEO,Xe máy - 59T-21630 - Vi phạm: Đè vạch dừng,"Video: demo_video.mp4, Frame: 440, Độ rõ: Rõ"
2026-02-07 03:39:50,59321650,PHÁT HIỆN VI PHẠM VIDEO,Xe máy - 593-21650 - Vi phạm: Đè vạch dừng,"Video: demo_video.mp4, Frame: 445, Độ rõ: Rõ"
2026-02-07 03:39:50,5D106,PHÁT HIỆN VI PHẠM VIDEO,Xe máy - 5D-106,"Video: demo_video.mp4, Frame: 465, Độ rõ: Rõ"
2026-02-07 03:39:50,39T321650,PHÁT HIỆN VI PHẠM VIDEO,Xe máy - 39T3-21650 - Vi phạm: Đè vạch dừng,"Video: demo_video.mp4, Frame: 465, Độ rõ: Rõ"
2026-02-07 03:39:50,50E106E,PHÁT HIỆN VI PHẠM VIDEO,Xe máy - 50E-106E,"Video: demo_video.mp4, Frame: 470, Độ rõ: Rõ"
2026-02-07 03:39:50,59T3260,PHÁT HIỆN VI PHẠM VIDEO,Xe máy - 59T3-260,"Video: demo_video.mp4, Frame: 470, Độ rõ: Rõ"
2026-02-07 03:39:50,5DE10630,PHÁT HIỆN VI PHẠM VIDEO,Xe máy - 5DE-10630,"Video: demo_video.mp4, Frame: 475, Độ rõ: Rõ"
2026-02-07 03:39:50,39V321650,PHÁT HIỆN VI PHẠM VIDEO,Xe máy - 39V3-21650 - Vi phạm: Đè vạch dừng,"Video: demo_video.mp4, Frame: 475, Độ rõ: Rõ"
2026-02-07 03:39:50,5E10630,PHÁT HIỆN VI PHẠM VIDEO,Xe máy - 5E-10630,"Video: demo_video.mp4, Frame: 485, Độ rõ: Rõ"
2026-02-07 03:39:50,50E10630,PHÁT HIỆN VI PHẠM VIDEO,Xe máy - 50E-10630,"Video: demo_video.mp4, Frame: 490, Độ rõ: Rõ"
2026-02-07 03:39:50,59321630,PHÁT HIỆN VI PHẠM VIDEO,Xe máy - 593-21630 - Vi phạm: Đè vạch dừng,"Video: demo_video.mp4, Frame: 490, Độ rõ: Rõ"
2026-02-07 03:39:50,6DE10623D,PHÁT HIỆN VI PHẠM VIDEO,Xe máy - 6DE-10623D,"Video: demo_video.mp4, Frame: 500, Độ rõ: Rõ"
2026-02-07 03:39:50,47A81773,PHÁT HIỆN VI PHẠM VIDEO,Xe máy - 47A-81773,"Video: demo_video.mp4, Frame: 500, Độ rõ: Rõ"
2026-02-07 03:39:50,Y960218E0,PHÁT HIỆN VI PHẠM VIDEO,Xe máy - Y960-218E0 - Vi phạm: Đè vạch dừng,"Video: demo_video.mp4, Frame: 500, Độ rõ: Rõ"
2026-02-07 03:39:50,5010630,PHÁT HIỆN VI PHẠM VIDEO,Xe máy - 50-10630,"Video: demo_video.mp4, Frame: 505, Độ rõ: Rõ"
2026-02-07 03:39:50,59321760,PHÁT HIỆN VI PHẠM VIDEO,Xe máy - 593-21760 - Vi phạm: Đè vạch dừng,"Video: demo_video.mp4, Frame: 505, Độ rõ: Rõ"
2026-02-07 03:46:04,1X1408503,PHÁT HIỆN VI PHẠM,Xe máy - 1X14-08503 - Vi phạm: Đè vạch dừng,Video: demo_video.mp4 - Frame 5
2026-02-07 03:46:05,81108503,PHÁT HIỆN VI PHẠM,Xe máy - 811-08503 - Vi phạm: Đè vạch dừng,Video: demo_video.mp4 - Frame 10
2026-02-07 03:46:08,59706868,PHÁT HIỆN VI PHẠM,Xe máy - 597-06868 - Vi phạm: Đè vạch dừng,Video: demo_video.mp4 - Frame 35
2026-02-07 03:46:08,97B0688,PHÁT HIỆN VI PHẠM,Xe máy - 97B-0688 - Vi phạm: Đè vạch dừng,Video: demo_video.mp4 - Frame 40
2026-02-07 03:46:10,91B58,PHÁT HIỆN VI PHẠM,Xe máy - 91B-58 - Vi phạm: Đè vạch dừng,Video: demo_video.mp4 - Frame 50
2026-02-07 03:46:10,8,PHÁT HIỆN VI PHẠM,Xe máy - -8 - Vi phạm: Đè vạch dừng,Video: demo_video.mp4 - Frame 50
2026-02-07 03:46:19,61H159850,PHÁT HIỆN VI PHẠM,Xe máy - 61H1-59850 - Vi phạm: Đè vạch dừng,Video: demo_video.mp4 - Frame 135
2026-02-07 03:46:21,59214,PHÁT HIỆN VI PHẠM,Xe máy - 59-214 - Vi phạm: Đè vạch dừng,Video: demo_video.mp4 - Frame 150
2026-02-07 03:46:21,6918214,PHÁT HIỆN VI PHẠM,Xe máy - 69-18214 - Vi phạm: Đè vạch dừng,Video: demo_video.mp4 - Frame 155
2026-02-07 03:46:21,61R159850,PHÁT HIỆN VI PHẠM,Xe máy - 61R1-59850 - Vi phạm: Đè vạch dừng,Video: demo_video.mp4 - Frame 155
2026-02-07 03:46:22,59R18214,PHÁT HIỆN VI PHẠM,Xe máy - 59R-18214 - Vi phạm: Đè vạch dừng,Video: demo_video.mp4 - Frame 160
2026-02-07 03:46:22,59RA18214,PHÁT HIỆN VI PHẠM,Xe máy - 59RA-18214 - Vi phạm: Đè vạch dừng,Video: demo_video.mp4 - Frame 165
2026-02-07 03:46:23,69RA18214,PHÁT HIỆN VI PHẠM,Xe máy - 69RA-18214 - Vi phạm: Đè vạch dừng,Video: demo_video.mp4 - Frame 170
2026-02-07 03:46:25,5R18214,PHÁT HIỆN VI PHẠM,Xe máy - 5R-18214 - Vi phạm: Đè vạch dừng,Video: demo_video.mp4 - Frame 180
2026-02-07 03:46:25,R59850,PHÁT HIỆN VI PHẠM,Xe máy - R-59850 - Vi phạm: Đè vạch dừng,Video: demo_video.mp4 - Frame 180
2026-02-07 03:46:25,69R1821,PHÁT HIỆN VI PHẠM,Xe máy - 69R-1821 - Vi phạm: Đè vạch dừng,Video: demo_video.mp4 - Frame 185
2026-02-07 03:46:25,1Z15980,PHÁT HIỆN VI PHẠM,Xe máy - 1Z1-5980 - Vi phạm: Đè vạch dừng,Video: demo_video.mp4 - Frame 185
2026-02-07 03:46:26,59R121,PHÁT HIỆN VI PHẠM,Xe máy - 59R-121 - Vi phạm: Đè vạch dừng,Video: demo_video.mp4 - Frame 190
2026-02-07 03:46:27,59A18214,PHÁT HIỆN VI PHẠM,Xe máy - 59A-18214 - Vi phạm: Đè vạch dừng,Video: demo_video.mp4 - Frame 195
2026-02-07 03:46:27,59R1821,PHÁT HIỆN VI PHẠM,Xe máy - 59R-1821 - Vi phạm: Đè vạch dừng,Video: demo_video.mp4 - Frame 200
2026-02-07 03:46:28,5917214,PHÁT HIỆN VI PHẠM,Xe máy - 59-17214 - Vi phạm: Đè vạch dừng,Video: demo_video.mp4 - Frame 205
2026-02-07 03:46:28,59R8214,PHÁT HIỆN VI PHẠM,Xe máy - 59R-8214 - Vi phạm: Đè vạch dừng,Video: demo_video.mp4 - Frame 210
2026-02-07 03:46:29,5982,PHÁT HIỆN VI PHẠM,Xe máy - 59-82 - Vi phạm: Đè vạch dừng,Video: demo_video.mp4 - Frame 215
2026-02-07 03:46:30,5005,PHÁT HIỆN VI PHẠM,Xe máy - 500-5 - Vi phạm: Đè vạch dừng,Video: demo_video.mp4 - Frame 220
2026-02-07 03:46:30,Z8721,PHÁT HIỆN VI PHẠM,Xe máy - Z-8721 (Mờ),Video: demo_video.mp4 - Frame 230
2026-02-07 03:46:31,814,PHÁT HIỆN VI PHẠM,Xe máy - 8-14 - Vi phạm: Đè vạch dừng,Video: demo_video.mp4 - Frame 235
2026-02-07 03:46:36,59807,PHÁT HIỆN VI PHẠM,Xe máy - 59-807 - Vi phạm: Đè vạch dừng,Video: demo_video.mp4 - Frame 285
2026-02-07 03:46:36,59178D079,PHÁT HIỆN VI PHẠM,Xe máy - 591-78D079 - Vi phạm: Đè vạch dừng,Video: demo_video.mp4 - Frame 290
2026-02-07 03:46:37,519178079,PHÁT HIỆN VI PHẠM,Xe máy - 5191-78079 - Vi phạm: Đè vạch dừng,Video: demo_video.mp4 - Frame 295
2026-02-07 03:46:38,59P1178079,PHÁT HIỆN VI PHẠM,Xe máy - 59P11-78079 - Vi phạm: Đè vạch dừng,Video: demo_video.mp4 - Frame 300
2026-02-07 03:46:38,591178079,PHÁT HIỆN VI PHẠM,Xe máy - 5911-78079 - Vi phạm: Đè vạch dừng,Video: demo_video.mp4 - Frame 305
2026-02-07 03:46:40,59178079,PHÁT HIỆN VI PHẠM,Xe máy - 591-78079 - Vi phạm: Đè vạch dừng,Video: demo_video.mp4 - Frame 330
2026-02-07 03:46:41,178B2,PHÁT HIỆN VI PHẠM,Xe máy - 1-78B2 - Vi phạm: Đè vạch dừng,Video: demo_video.mp4 - Frame 340
2026-02-07 03:46:46,52425,PHÁT HIỆN VI PHẠM,Xe máy - 52-425 - Vi phạm: Đè vạch dừng,Video: demo_video.mp4 - Frame 375
2026-02-07 03:46:47,524253,PHÁT HIỆN VI PHẠM,Xe máy - 52-4253 - Vi phạm: Đè vạch dừng,Video: demo_video.mp4 - Frame 380
2026-02-07 03:46:47,3242353,PHÁT HIỆN VI PHẠM,Xe máy - 32-42353 - Vi phạm: Đè vạch dừng,Video: demo_video.mp4 - Frame 385
2026-02-07 03:46:48,242553,PHÁT HIỆN VI PHẠM,Xe máy - 2-42553 - Vi phạm: Đè vạch dừng,Video: demo_video.mp4 - Frame 390
2026-02-07 03:46:53,59T21630,PHÁT HIỆN VI PHẠM,Xe máy - 59T-21630 - Vi phạm: Đè vạch dừng,Video: demo_video.mp4 - Frame 440
2026-02-07 03:46:54,59321650,PHÁT HIỆN VI PHẠM,Xe máy - 593-21650 - Vi phạm: Đè vạch dừng,Video: demo_video.mp4 - Frame 445
2026-02-07 03:46:56,39T321650,PHÁT HIỆN VI PHẠM,Xe máy - 39T3-21650 - Vi phạm: Đè vạch dừng,Video: demo_video.mp4 - Frame 465
2026-02-07 03:46:58,39V321650,PHÁT HIỆN VI PHẠM,Xe máy - 39V3-21650 - Vi phạm: Đè vạch dừng,Video: demo_video.mp4 - Frame 475
2026-02-07 03:47:00,59321630,PHÁT HIỆN VI PHẠM,Xe máy - 593-21630 - Vi phạm: Đè vạch dừng,Video: demo_video.mp4 - Frame 490
2026-02-07 03:47:01,Y960218E0,PHÁT HIỆN VI PHẠM,Xe máy - Y960-218E0 - Vi phạm: Đè vạch dừng,Video: demo_video.mp4 - Frame 500
2026-02-07 03:47:02,59321760,PHÁT HIỆN VI PHẠM,Xe máy - 593-21760 - Vi phạm: Đè vạch dừng,Video: demo_video.mp4 - Frame 505
2026-02-07 03:47:02,597B05868,PHÁT HIỆN VI PHẠM VIDEO,Xe máy - 597B-05868,"Video: demo_video.mp4, Frame: 5, Độ rõ: Rõ"
2026-02-07 03:47:02,1X1408503,PHÁT HIỆN VI PHẠM VIDEO,Xe máy - 1X14-08503 - Vi phạm: Đè vạch dừng,"Video: demo_video.mp4, Frame: 5, Độ rõ: Rõ"
2026-02-07 03:47:02,47A61773,PHÁT HIỆN VI PHẠM VIDEO,Xe máy - 47A-61773,"Video: demo_video.mp4, Frame: 5, Độ rõ: Rõ"
2026-02-07 03:47:02,910861,PHÁT HIỆN VI PHẠM VIDEO,Xe máy - 9-10861,"Video: demo_video.mp4, Frame: 5, Độ rõ: Rõ"
2026-02-07 03:47:02,81108503,PHÁT HIỆN VI PHẠM VIDEO,Xe máy - 811-08503 - Vi phạm: Đè vạch dừng,"Video: demo_video.mp4, Frame: 10, Độ rõ: Rõ"
2026-02-07 03:47:02,59B05868,PHÁT HIỆN VI PHẠM VIDEO,Xe máy - 59B-05868,"Video: demo_video.mp4, Frame: 15, Độ rõ: Rõ"
2026-02-07 03:47:02,59B0568,PHÁT HIỆN VI PHẠM VIDEO,Xe máy - 59B-0568,"Video: demo_video.mp4, Frame: 20, Độ rõ: Rõ"
2026-02-07 03:47:02,97B06868,PHÁT HIỆN VI PHẠM VIDEO,Xe máy - 97B-06868,"Video: demo_video.mp4, Frame: 25, Độ rõ: Rõ"
2026-02-07 03:47:02,51861,PHÁT HIỆN VI PHẠM VIDEO,Xe máy - 5-1861,"Video: demo_video.mp4, Frame: 25, Độ rõ: Rõ"
2026-02-07 03:47:02,597B06868,PHÁT HIỆN VI PHẠM VIDEO,Xe máy - 597B-06868,"Video: demo_video.mp4, Frame: 30, Độ rõ: Rõ"
2026-02-07 03:47:02,59706868,PHÁT HIỆN VI PHẠM VIDEO,Xe máy - 597-06868 - Vi phạm: Đè vạch dừng,"Video: demo_video.mp4, Frame: 35, Độ rõ: Rõ"
2026-02-07 03:47:02,97B0688,PHÁT HIỆN VI PHẠM VIDEO,Xe máy - 97B-0688 - Vi phạm: Đè vạch dừng,"Video: demo_video.mp4, Frame: 40, Độ rõ: Rõ"
2026-02-07 03:47:02,59B06868,PHÁT HIỆN VI PHẠM VIDEO,Xe máy - 59B-06868,"Video: demo_video.mp4, Frame: 45, Độ rõ: Rõ"
2026-02-07 03:47:02,70A26872,PHÁT HIỆN VI PHẠM VIDEO,Xe máy - 70A-26872,"Video: demo_video.mp4, Frame: 45, Độ rõ: Rõ"
2026-02-07 03:47:02,59410861,PHÁT HIỆN VI PHẠM VIDEO,Xe máy - 594-10861 (Mờ),"Video: demo_video.mp4, Frame: 45, Độ rõ: Mờ"
2026-02-07 03:47:02,91B58,PHÁT HIỆN VI PHẠM VIDEO,Xe máy - 91B-58 - Vi phạm: Đè vạch dừng,"Video: demo_video.mp4, Frame: 50, Độ rõ: Rõ"
2026-02-07 03:47:02,7D126872,PHÁT HIỆN VI PHẠM VIDEO,Xe máy - 7D1-26872,"Video: demo_video.mp4, Frame: 50, Độ rõ: Rõ"
2026-02-07 03:47:02,8,PHÁT HIỆN VI PHẠM VIDEO,Xe máy - -8 - Vi phạm: Đè vạch dừng,"Video: demo_video.mp4, Frame: 50, Độ rõ: Rõ"
2026-02-07 03:47:02,991081,PHÁT HIỆN VI PHẠM VIDEO,Xe máy - 99-1081,"Video: demo_video.mp4, Frame: 55, Độ rõ: Rõ"
2026-02-07 03:47:02,7DA26872,PHÁT HIỆN VI PHẠM VIDEO,Xe máy - 7DA-26872,"Video: demo_video.mp4, Frame: 55, Độ rõ: Rõ"
2026-02-07 03:47:02,X910861,PHÁT HIỆN VI PHẠM VIDEO,Xe máy - X9-10861,"Video: demo_video.mp4, Frame: 60, Độ rõ: Rõ"
2026-02-07 03:47:02,5910558,PHÁT HIỆN VI PHẠM VIDEO,Xe máy - 591-0558,"Video: demo_video.mp4, Frame: 65, Độ rõ: Rõ"
2026-02-07 03:47:02,5910861,PHÁT HIỆN VI PHẠM VIDEO,Xe máy - 59-10861,"Video: demo_video.mp4, Frame: 70, Độ rõ: Rõ"
2026-02-07 03:47:02,91110861,PHÁT HIỆN VI PHẠM VIDEO,Xe máy - 911-10861,"Video: demo_video.mp4, Frame: 75, Độ rõ: Rõ"
2026-02-07 03:47:02,59110861,PHÁT HIỆN VI PHẠM VIDEO,Xe máy - 591-10861,"Video: demo_video.mp4, Frame: 105, Độ rõ: Rõ"
2026-02-07 03:47:02,972,PHÁT HIỆN VI PHẠM VIDEO,Xe máy - 9-72 (Mờ),"Video: demo_video.mp4, Frame: 120, Độ rõ: Mờ"
2026-02-07 03:47:02,59R12,PHÁT HIỆN VI PHẠM VIDEO,Xe máy - 59R-12 (Mờ),"Video: demo_video.mp4, Frame: 125, Độ rõ: Mờ"
2026-02-07 03:47:02,F9824,PHÁT HIỆN VI PHẠM VIDEO,Xe máy - F9-824 (Mờ),"Video: demo_video.mp4, Frame: 130, Độ rõ: Mờ"
2026-02-07 03:47:02,9R1212,PHÁT HIỆN VI PHẠM VIDEO,Xe máy - 9R-1212 (Mờ),"Video: demo_video.mp4, Frame: 135, Độ rõ: Mờ"
2026-02-07 03:47:02,61H159850,PHÁT HIỆN VI PHẠM VIDEO,Xe máy - 61H1-59850 - Vi phạm: Đè vạch dừng,"Video: demo_video.mp4, Frame: 135, Độ rõ: Rõ"
2026-02-07 03:47:02,5R78214,PHÁT HIỆN VI PHẠM VIDEO,Xe máy - 5R-78214,"Video: demo_video.mp4, Frame: 140, Độ rõ: Rõ"
2026-02-07 03:47:02,59Y1161,PHÁT HIỆN VI PHẠM VIDEO,Xe máy - 59Y1-161,"Video: demo_video.mp4, Frame: 140, Độ rõ: Rõ"
2026-02-07 03:47:02,59R7821,PHÁT HIỆN VI PHẠM VIDEO,Xe máy - 59R-7821,"Video: demo_video.mp4, Frame: 145, Độ rõ: Rõ"
2026-02-07 03:47:02,59214,PHÁT HIỆN VI PHẠM VIDEO,Xe máy - 59-214 - Vi phạm: Đè vạch dừng,"Video: demo_video.mp4, Frame: 150, Độ rõ: Rõ"
2026-02-07 03:47:02,6918214,PHÁT HIỆN VI PHẠM VIDEO,Xe máy - 69-18214 - Vi phạm: Đè vạch dừng,"Video: demo_video.mp4, Frame: 155, Độ rõ: Rõ"
2026-02-07 03:47:02,61R159850,PHÁT HIỆN VI PHẠM VIDEO,Xe máy - 61R1-59850 - Vi phạm: Đè vạch dừng,"Video: demo_video.mp4, Frame: 155, Độ rõ: Rõ"
2026-02-07 03:47:02,59R18214,PHÁT HIỆN VI PHẠM VIDEO,Xe máy - 59R-18214 - Vi phạm: Đè vạch dừng,"Video: demo_video.mp4, Frame: 160, Độ rõ: Rõ"
2026-02-07 03:47:02,59RA18214,PHÁT HIỆN VI PHẠM VIDEO,Xe máy - 59RA-18214 - Vi phạm: Đè vạch dừng,"Video: demo_video.mp4, Frame: 165, Độ rõ: Rõ"
2026-02-07 03:47:02,69RA18214,PHÁT HIỆN VI PHẠM VIDEO,Xe máy - 69RA-18214 - Vi phạm: Đè vạch dừng,"Video: demo_video.mp4, Frame: 170, Độ rõ: Rõ"
2026-02-07 03:47:02,5R18214,PHÁT HIỆN VI PHẠM VIDEO,Xe máy - 5R-18214 - Vi phạm: Đè vạch dừng,"Video: demo_video.mp4, Frame: 180, Độ rõ: Rõ"
2026-02-07 03:47:02,R59850,PHÁT HIỆN VI PHẠM VIDEO,Xe máy - R-59850 - Vi phạm: Đè vạch dừng,"Video: demo_video.mp4, Frame: 180, Độ rõ: Rõ"
2026-02-07 03:47:02,69R1821,PHÁT HIỆN VI PHẠM VIDEO,Xe máy - 69R-1821 - Vi phạm: Đè vạch dừng,"Video: demo_video.mp4, Frame: 185, Độ rõ: Rõ"
2026-02-07 03:47:02,1Z15980,PHÁT HIỆN VI PHẠM VIDEO,Xe máy - 1Z1-5980 - Vi phạm: Đè vạch dừng,"Video: demo_video.mp4, Frame: 185, Độ rõ: Rõ"
2026-02-07 03:47:02,59R121,PHÁT HIỆN VI PHẠM VIDEO,Xe máy - 59R-121 - Vi phạm: Đè vạch dừng,"Video: demo_video.mp4, Frame: 190, Độ rõ: Rõ"
2026-02-07 03:47:02,59A18214,PHÁT HIỆN VI PHẠM VIDEO,Xe máy - 59A-18214 - Vi phạm: Đè vạch dừng,"Video: demo_video.mp4, Frame: 195, Độ rõ: Rõ"
2026-02-07 03:47:02,59R1821,PHÁT HIỆN VI PHẠM VIDEO,Xe máy - 59R-1821 - Vi phạm: Đè vạch dừng,"Video: demo_video.mp4, Frame: 200, Độ rõ: Rõ"
2026-02-07 03:47:02,5917214,PHÁT HIỆN VI PHẠM VIDEO,Xe máy - 59-17214 - Vi phạm: Đè vạch dừng,"Video: demo_video.mp4, Frame: 205, Độ rõ: Rõ"
2026-02-07 03:47:02,59R8214,PHÁT HIỆN VI PHẠM VIDEO,Xe máy - 59R-8214 - Vi phạm: Đè vạch dừng,"Video: demo_video.mp4, Frame: 210, Độ rõ: Rõ"
2026-02-07 03:47:02,8120,PHÁT HIỆN VI PHẠM VIDEO,Xe máy - 81-20,"Video: demo_video.mp4, Frame: 215, Độ rõ: Rõ"
2026-02-07 03:47:02,5982,PHÁT HIỆN VI PHẠM VIDEO,Xe máy - 59-82 - Vi phạm: Đè vạch dừng,"Video: demo_video.mp4, Frame: 215, Độ rõ: Rõ"
2026-02-07 03:47:02,5005,PHÁT HIỆN VI PHẠM VIDEO,Xe máy - 500-5 - Vi phạm: Đè vạch dừng,"Video: demo_video.mp4, Frame: 220, Độ rõ: Rõ"
2026-02-07 03:47:02,Z8721,PHÁT HIỆN VI PHẠM VIDEO,Xe máy - Z-8721 (Mờ),"Video: demo_video.mp4, Frame: 230, Độ rõ: Mờ"
2026-02-07 03:47:02,814,PHÁT HIỆN VI PHẠM VIDEO,Xe máy - 8-14 - Vi phạm: Đè vạch dừng,"Video: demo_video.mp4, Frame: 235, Độ rõ: Rõ"
2026-02-07 03:47:02,5,PHÁT HIỆN VI PHẠM VIDEO,Xe máy - -5,"Video: demo_video.mp4, Frame: 245, Độ rõ: Rõ"
2026-02-07 03:47:02,70A26822,PHÁT HIỆN VI PHẠM VIDEO,Xe máy - 70A-26822,"Video: demo_video.mp4, Frame: 260, Độ rõ: Rõ"
2026-02-07 03:47:02,591079,PHÁT HIỆN VI PHẠM VIDEO,Xe máy - 591-079,"Video: demo_video.mp4, Frame: 260, Độ rõ: Rõ"
2026-02-07 03:47:02,5R9Y778079,PHÁT HIỆN VI PHẠM VIDEO,Xe máy - 5R9Y7-78079,"Video: demo_video.mp4, Frame: 265, Độ rõ: Rõ"
2026-02-07 03:47:02,59807,PHÁT HIỆN VI PHẠM VIDEO,Xe máy - 59-807 - Vi phạm: Đè vạch dừng,"Video: demo_video.mp4, Frame: 285, Độ rõ: Rõ"
2026-02-07 03:47:02,59178D079,PHÁT HIỆN VI PHẠM VIDEO,Xe máy - 591-78D079 - Vi phạm: Đè vạch dừng,"Video: demo_video.mp4, Frame: 290, Độ rõ: Rõ"
2026-02-07 03:47:02,519178079,PHÁT HIỆN VI PHẠM VIDEO,Xe máy - 5191-78079 - Vi phạm: Đè vạch dừng,"Video: demo_video.mp4, Frame: 295, Độ rõ: Rõ"
2026-02-07 03:47:02,59P1178079,PHÁT HIỆN VI PHẠM VIDEO,Xe máy - 59P11-78079 - Vi phạm: Đè vạch dừng,"Video: demo_video.mp4, Frame: 300, Độ rõ: Rõ"
2026-02-07 03:47:02,591178079,PHÁT HIỆN VI PHẠM VIDEO,Xe máy - 5911-78079 - Vi phạm: Đè vạch dừng,"Video: demo_video.mp4, Frame: 305, Độ rõ: Rõ"
2026-02-07 03:47:02,59178079,PHÁT HIỆN VI PHẠM VIDEO,Xe máy - 591-78079 - Vi phạm: Đè vạch dừng,"Video: demo_video.mp4, Frame: 330, Độ rõ: Rõ"
2026-02-07 03:47:02,178B2,PHÁT HIỆN VI PHẠM VIDEO,Xe máy - 1-78B2 - Vi phạm: Đè vạch dừng,"Video: demo_video.mp4, Frame: 340, Độ rõ: Rõ"
2026-02-07 03:47:02,757,PHÁT HIỆN VI PHẠM VIDEO,Xe máy - 7-57,"Video: demo_video.mp4, Frame: 340, Độ rõ: Rõ"
2026-02-07 03:47:02,525E,PHÁT HIỆN VI PHẠM VIDEO,Xe máy - 52-5E,"Video: demo_video.mp4, Frame: 345, Độ rõ: Rõ"
2026-02-07 03:47:02,59R2553,PHÁT HIỆN VI PHẠM VIDEO,Xe máy - 59R2-553,"Video: demo_video.mp4, Frame: 350, Độ rõ: Rõ"
2026-02-07 03:47:02,59RR27553,PHÁT HIỆN VI PHẠM VIDEO,Xe máy - 59RR2-7553,"Video: demo_video.mp4, Frame: 355, Độ rõ: Rõ"
2026-02-07 03:47:02,59253,PHÁT HIỆN VI PHẠM VIDEO,Xe máy - 592-53,"Video: demo_video.mp4, Frame: 360, Độ rõ: Rõ"
2026-02-07 03:47:02,5TR273,PHÁT HIỆN VI PHẠM VIDEO,Xe máy - 5TR2-73,"Video: demo_video.mp4, Frame: 365, Độ rõ: Rõ"
2026-02-07 03:47:02,9124253,PHÁT HIỆN VI PHẠM VIDEO,Xe máy - 912-4253,"Video: demo_video.mp4, Frame: 370, Độ rõ: Rõ"
2026-02-07 03:47:02,52425,PHÁT HIỆN VI PHẠM VIDEO,Xe máy - 52-425 - Vi phạm: Đè vạch dừng,"Video: demo_video.mp4, Frame: 375, Độ rõ: Rõ"
2026-02-07 03:47:02,524253,PHÁT HIỆN VI PHẠM VIDEO,Xe máy - 52-4253 - Vi phạm: Đè vạch dừng,"Video: demo_video.mp4, Frame: 380, Độ rõ: Rõ"
2026-02-07 03:47:02,3242353,PHÁT HIỆN VI PHẠM VIDEO,Xe máy - 32-42353 - Vi phạm: Đè vạch dừng,"Video: demo_video.mp4, Frame: 385, Độ rõ: Rõ"
2026-02-07 03:47:02,242553,PHÁT HIỆN VI PHẠM VIDEO,Xe máy - 2-42553 - Vi phạm: Đè vạch dừng,"Video: demo_video.mp4, Frame: 390, Độ rõ: Rõ"
2026-02-07 03:47:02,527T31650,PHÁT HIỆN VI PHẠM VIDEO,Xe máy - 527T3-1650,"Video: demo_video.mp4, Frame: 415, Độ rõ: Rõ"
2026-02-07 03:47:02,59T321650,PHÁT HIỆN VI PHẠM VIDEO,Xe máy - 59T3-21650,"Video: demo_video.mp4, Frame: 420, Độ rõ: Rõ"
2026-02-07 03:47:02,592T321650,PHÁT HIỆN VI PHẠM VIDEO,Xe máy - 592T3-21650,"Video: demo_video.mp4, Frame: 425, Độ rõ: Rõ"
2026-02-07 03:47:02,59T21630,PHÁT HIỆN VI PHẠM VIDEO,Xe máy - 59T-21630 - Vi phạm: Đè vạch dừng,"Video: demo_video.mp4, Frame: 440, Độ rõ: Rõ"
2026-02-07 03:47:02,59321650,PHÁT HIỆN VI PHẠM VIDEO,Xe máy - 593-21650 - Vi phạm: Đè vạch dừng,"Video: demo_video.mp4, Frame: 445, Độ rõ: Rõ"
2026-02-07 03:47:02,5D106,PHÁT HIỆN VI PHẠM VIDEO,Xe máy - 5D-106,"Video: demo_video.mp4, Frame: 465, Độ rõ: Rõ"
2026-02-07 03:47:02,39T321650,PHÁT HIỆN VI PHẠM VIDEO,Xe máy - 39T3-21650 - Vi phạm: Đè vạch dừng,"Video: demo_video.mp4, Frame: 465, Độ rõ: Rõ"
2026-02-07 03:47:02,50E106E,PHÁT HIỆN VI PHẠM VIDEO,Xe máy - 50E-106E,"Video: demo_video.mp4, Frame: 470, Độ rõ: Rõ"
2026-02-07 03:47:02,59T3260,PHÁT HIỆN VI PHẠM VIDEO,Xe máy - 59T3-260,"Video: demo_video.mp4, Frame: 470, Độ rõ: Rõ"
2026-02-07 03:47:02,5DE10630,PHÁT HIỆN VI PHẠM VIDEO,Xe máy - 5DE-10630,"Video: demo_video.mp4, Frame: 475, Độ rõ: Rõ"
2026-02-07 03:47:02,39V321650,PHÁT HIỆN VI PHẠM VIDEO,Xe máy - 39V3-21650 - Vi phạm: Đè vạch dừng,"Video: demo_video.mp4, Frame: 475, Độ rõ: Rõ"
2026-02-07 03:47:02,5E10630,PHÁT HIỆN VI PHẠM VIDEO,Xe máy - 5E-10630,"Video: demo_video.mp4, Frame: 485, Độ rõ: Rõ"
2026-02-07 03:47:02,50E10630,PHÁT HIỆN VI PHẠM VIDEO,Xe máy - 50E-10630,"Video: demo_video.mp4, Frame: 490, Độ rõ: Rõ"
2026-02-07 03:47:02,59321630,PHÁT HIỆN VI PHẠM VIDEO,Xe máy - 593-21630 - Vi phạm: Đè vạch dừng,"Video: demo_video.mp4, Frame: 490, Độ rõ: Rõ"
2026-02-07 03:47:02,6DE10623D,PHÁT HIỆN VI PHẠM VIDEO,Xe máy - 6DE-10623D,"Video: demo_video.mp4, Frame: 500, Độ rõ: Rõ"
2026-02-07 03:47:02,47A81773,PHÁT HIỆN VI PHẠM VIDEO,Xe máy - 47A-81773,"Video: demo_video.mp4, Frame: 500, Độ rõ: Rõ"
2026-02-07 03:47:02,Y960218E0,PHÁT HIỆN VI PHẠM VIDEO,Xe máy - Y960-218E0 - Vi phạm: Đè vạch dừng,"Video: demo_video.mp4, Frame: 500, Độ rõ: Rõ"
2026-02-07 03:47:02,5010630,PHÁT HIỆN VI PHẠM VIDEO,Xe máy - 50-10630,"Video: demo_video.mp4, Frame: 505, Độ rõ: Rõ"
2026-02-07 03:47:02,59321760,PHÁT HIỆN VI PHẠM VIDEO,Xe máy - 593-21760 - Vi phạm: Đè vạch dừng,"Video: demo_video.mp4, Frame: 505, Độ rõ: Rõ"
2026-02-07 03:53:00,1X1408503,PHÁT HIỆN VI PHẠM,Xe máy - 1X14-08503 - Vi phạm: Đè vạch dừng,Video: demo_video.mp4 - Frame 5
2026-02-07 03:53:01,81108503,PHÁT HIỆN VI PHẠM,Xe máy - 811-08503 - Vi phạm: Đè vạch dừng,Video: demo_video.mp4 - Frame 10
2026-02-07 03:53:04,59706868,PHÁT HIỆN VI PHẠM,Xe máy - 597-06868 - Vi phạm: Đè vạch dừng,Video: demo_video.mp4 - Frame 35
2026-02-07 03:53:04,97B0688,PHÁT HIỆN VI PHẠM,Xe máy - 97B-0688 - Vi phạm: Đè vạch dừng,Video: demo_video.mp4 - Frame 40
2026-02-07 03:53:06,91B58,PHÁT HIỆN VI PHẠM,Xe máy - 91B-58 - Vi phạm: Đè vạch dừng,Video: demo_video.mp4 - Frame 50
2026-02-07 03:53:06,8,PHÁT HIỆN VI PHẠM,Xe máy - -8 - Vi phạm: Đè vạch dừng,Video: demo_video.mp4 - Frame 50
2026-02-07 03:53:16,61H159850,PHÁT HIỆN VI PHẠM,Xe máy - 61H1-59850 - Vi phạm: Đè vạch dừng,Video: demo_video.mp4 - Frame 135
2026-02-07 03:53:17,59214,PHÁT HIỆN VI PHẠM,Xe máy - 59-214 - Vi phạm: Đè vạch dừng,Video: demo_video.mp4 - Frame 150
2026-02-07 03:53:18,6918214,PHÁT HIỆN VI PHẠM,Xe máy - 69-18214 - Vi phạm: Đè vạch dừng,Video: demo_video.mp4 - Frame 155
2026-02-07 03:53:18,61R159850,PHÁT HIỆN VI PHẠM,Xe máy - 61R1-59850 - Vi phạm: Đè vạch dừng,Video: demo_video.mp4 - Frame 155
2026-02-07 03:53:19,59R18214,PHÁT HIỆN VI PHẠM,Xe máy - 59R-18214 - Vi phạm: Đè vạch dừng,Video: demo_video.mp4 - Frame 160
2026-02-07 03:53:19,59RA18214,PHÁT HIỆN VI PHẠM,Xe máy - 59RA-18214 - Vi phạm: Đè vạch dừng,Video: demo_video.mp4 - Frame 165
2026-02-07 03:53:20,69RA18214,PHÁT HIỆN VI PHẠM,Xe máy - 69RA-18214 - Vi phạm: Đè vạch dừng,Video: demo_video.mp4 - Frame 170
2026-02-07 03:53:22,5R18214,PHÁT HIỆN VI PHẠM,Xe máy - 5R-18214 - Vi phạm: Đè vạch dừng,Video: demo_video.mp4 - Frame 180
2026-02-07 03:53:22,R59850,PHÁT HIỆN VI PHẠM,Xe máy - R-59850 - Vi phạm: Đè vạch dừng,Video: demo_video.mp4 - Frame 180
2026-02-07 03:53:22,69R1821,PHÁT HIỆN VI PHẠM,Xe máy - 69R-1821 - Vi phạm: Đè vạch dừng,Video: demo_video.mp4 - Frame 185
2026-02-07 03:53:23,1Z15980,PHÁT HIỆN VI PHẠM,Xe máy - 1Z1-5980 - Vi phạm: Đè vạch dừng,Video: demo_video.mp4 - Frame 185
2026-02-07 03:53:23,59R121,PHÁT HIỆN VI PHẠM,Xe máy - 59R-121 - Vi phạm: Đè vạch dừng,Video: demo_video.mp4 - Frame 190
2026-02-07 03:53:24,59A18214,PHÁT HIỆN VI PHẠM,Xe máy - 59A-18214 - Vi phạm: Đè vạch dừng,Video: demo_video.mp4 - Frame 195
2026-02-07 03:53:24,59R1821,PHÁT HIỆN VI PHẠM,Xe máy - 59R-1821 - Vi phạm: Đè vạch dừng,Video: demo_video.mp4 - Frame 200
2026-02-07 03:53:25,5917214,PHÁT HIỆN VI PHẠM,Xe máy - 59-17214 - Vi phạm: Đè vạch dừng,Video: demo_video.mp4 - Frame 205
2026-02-07 03:53:25,59R8214,PHÁT HIỆN VI PHẠM,Xe máy - 59R-8214 - Vi phạm: Đè vạch dừng,Video: demo_video.mp4 - Frame 210
2026-02-07 03:53:26,5982,PHÁT HIỆN VI PHẠM,Xe máy - 59-82 - Vi phạm: Đè vạch dừng,Video: demo_video.mp4 - Frame 215
2026-02-07 03:53:27,5005,PHÁT HIỆN VI PHẠM,Xe máy - 500-5 - Vi phạm: Đè vạch dừng,Video: demo_video.mp4 - Frame 220
2026-02-07 03:53:28,Z8721,PHÁT HIỆN VI PHẠM,Xe máy - Z-8721 (Mờ),Video: demo_video.mp4 - Frame 230
2026-02-07 03:53:28,814,PHÁT HIỆN VI PHẠM,Xe máy - 8-14 - Vi phạm: Đè vạch dừng,Video: demo_video.mp4 - Frame 235
2026-02-07 03:53:33,59807,PHÁT HIỆN VI PHẠM,Xe máy - 59-807 - Vi phạm: Đè vạch dừng,Video: demo_video.mp4 - Frame 285
2026-02-07 03:53:34,59178D079,PHÁT HIỆN VI PHẠM,Xe máy - 591-78D079 - Vi phạm: Đè vạch dừng,Video: demo_video.mp4 - Frame 290
2026-02-07 03:53:34,519178079,PHÁT HIỆN VI PHẠM,Xe máy - 5191-78079 - Vi phạm: Đè vạch dừng,Video: demo_video.mp4 - Frame 295
2026-02-07 03:53:35,59P1178079,PHÁT HIỆN VI PHẠM,Xe máy - 59P11-78079 - Vi phạm: Đè vạch dừng,Video: demo_video.mp4 - Frame 300
2026-02-07 03:53:36,591178079,PHÁT HIỆN VI PHẠM,Xe máy - 5911-78079 - Vi phạm: Đè vạch dừng,Video: demo_video.mp4 - Frame 305
2026-02-07 03:53:38,59178079,PHÁT HIỆN VI PHẠM,Xe máy - 591-78079 - Vi phạm: Đè vạch dừng,Video: demo_video.mp4 - Frame 330
2026-02-07 03:53:39,178B2,PHÁT HIỆN VI PHẠM,Xe máy - 1-78B2 - Vi phạm: Đè vạch dừng,Video: demo_video.mp4 - Frame 340
2026-02-07 03:53:43,52425,PHÁT HIỆN VI PHẠM,Xe máy - 52-425 - Vi phạm: Đè vạch dừng,Video: demo_video.mp4 - Frame 375
2026-02-07 03:53:44,524253,PHÁT HIỆN VI PHẠM,Xe máy - 52-4253 - Vi phạm: Đè vạch dừng,Video: demo_video.mp4 - Frame 380
2026-02-07 03:53:44,3242353,PHÁT HIỆN VI PHẠM,Xe máy - 32-42353 - Vi phạm: Đè vạch dừng,Video: demo_video.mp4 - Frame 385
2026-02-07 03:53:45,242553,PHÁT HIỆN VI PHẠM,Xe máy - 2-42553 - Vi phạm: Đè vạch dừng,Video: demo_video.mp4 - Frame 390
2026-02-07 03:53:50,59T21630,PHÁT HIỆN VI PHẠM,Xe máy - 59T-21630 - Vi phạm: Đè vạch dừng,Video: demo_video.mp4 - Frame 440
2026-02-07 03:53:50,59321650,PHÁT HIỆN VI PHẠM,Xe máy - 593-21650 - Vi phạm: Đè vạch dừng,Video: demo_video.mp4 - Frame 445
2026-02-07 03:53:53,39T321650,PHÁT HIỆN VI PHẠM,Xe máy - 39T3-21650 - Vi phạm: Đè vạch dừng,Video: demo_video.mp4 - Frame 465
2026-02-07 03:53:54,39V321650,PHÁT HIỆN VI PHẠM,Xe máy - 39V3-21650 - Vi phạm: Đè vạch dừng,Video: demo_video.mp4 - Frame 475
2026-02-07 03:53:56,59321630,PHÁT HIỆN VI PHẠM,Xe máy - 593-21630 - Vi phạm: Đè vạch dừng,Video: demo_video.mp4 - Frame 490
2026-02-07 03:53:58,Y960218E0,PHÁT HIỆN VI PHẠM,Xe máy - Y960-218E0 - Vi phạm: Đè vạch dừng,Video: demo_video.mp4 - Frame 500
2026-02-07 03:53:58,59321760,PHÁT HIỆN VI PHẠM,Xe máy - 593-21760 - Vi phạm: Đè vạch dừng,Video: demo_video.mp4 - Frame 505
2026-02-07 03:53:58,597B05868,PHÁT HIỆN VI PHẠM VIDEO,Xe máy - 597B-05868,"Video: demo_video.mp4, Frame: 5, Độ rõ: Rõ"
2026-02-07 03:53:58,1X1408503,PHÁT HIỆN VI PHẠM VIDEO,Xe máy - 1X14-08503 - Vi phạm: Đè vạch dừng,"Video: demo_video.mp4, Frame: 5, Độ rõ: Rõ"
2026-02-07 03:53:58,47A61773,PHÁT HIỆN VI PHẠM VIDEO,Xe máy - 47A-61773,"Video: demo_video.mp4, Frame: 5, Độ rõ: Rõ"
2026-02-07 03:53:58,910861,PHÁT HIỆN VI PHẠM VIDEO,Xe máy - 9-10861,"Video: demo_video.mp4, Frame: 5, Độ rõ: Rõ"
2026-02-07 03:53:58,81108503,PHÁT HIỆN VI PHẠM VIDEO,Xe máy - 811-08503 - Vi phạm: Đè vạch dừng,"Video: demo_video.mp4, Frame: 10, Độ rõ: Rõ"
2026-02-07 03:53:58,59B05868,PHÁT HIỆN VI PHẠM VIDEO,Xe máy - 59B-05868,"Video: demo_video.mp4, Frame: 15, Độ rõ: Rõ"
2026-02-07 03:53:58,59B0568,PHÁT HIỆN VI PHẠM VIDEO,Xe máy - 59B-0568,"Video: demo_video.mp4, Frame: 20, Độ rõ: Rõ"
2026-02-07 03:53:58,97B06868,PHÁT HIỆN VI PHẠM VIDEO,Xe máy - 97B-06868,"Video: demo_video.mp4, Frame: 25, Độ rõ: Rõ"
2026-02-07 03:53:58,51861,PHÁT HIỆN VI PHẠM VIDEO,Xe máy - 5-1861,"Video: demo_video.mp4, Frame: 25, Độ rõ: Rõ"
2026-02-07 03:53:58,597B06868,PHÁT HIỆN VI PHẠM VIDEO,Xe máy - 597B-06868,"Video: demo_video.mp4, Frame: 30, Độ rõ: Rõ"
2026-02-07 03:53:58,59706868,PHÁT HIỆN VI PHẠM VIDEO,Xe máy - 597-06868 - Vi phạm: Đè vạch dừng,"Video: demo_video.mp4, Frame: 35, Độ rõ: Rõ"
2026-02-07 03:53:58,97B0688,PHÁT HIỆN VI PHẠM VIDEO,Xe máy - 97B-0688 - Vi phạm: Đè vạch dừng,"Video: demo_video.mp4, Frame: 40, Độ rõ: Rõ"
2026-02-07 03:53:58,59B06868,PHÁT HIỆN VI PHẠM VIDEO,Xe máy - 59B-06868,"Video: demo_video.mp4, Frame: 45, Độ rõ: Rõ"
2026-02-07 03:53:58,70A26872,PHÁT HIỆN VI PHẠM VIDEO,Xe máy - 70A-26872,"Video: demo_video.mp4, Frame: 45, Độ rõ: Rõ"
2026-02-07 03:53:58,59410861,PHÁT HIỆN VI PHẠM VIDEO,Xe máy - 594-10861 (Mờ),"Video: demo_video.mp4, Frame: 45, Độ rõ: Mờ"
2026-02-07 03:53:58,91B58,PHÁT HIỆN VI PHẠM VIDEO,Xe máy - 91B-58 - Vi phạm: Đè vạch dừng,"Video: demo_video.mp4, Frame: 50, Độ rõ: Rõ"
2026-02-07 03:53:58,7D126872,PHÁT HIỆN VI PHẠM VIDEO,Xe máy - 7D1-26872,"Video: demo_video.mp4, Frame: 50, Độ rõ: Rõ"
2026-02-07 03:53:58,8,PHÁT HIỆN VI PHẠM VIDEO,Xe máy - -8 - Vi phạm: Đè vạch dừng,"Video: demo_video.mp4, Frame: 50, Độ rõ: Rõ"
2026-02-07 03:53:58,991081,PHÁT HIỆN VI PHẠM VIDEO,Xe máy - 99-1081,"Video: demo_video.mp4, Frame: 55, Độ rõ: Rõ"
2026-02-07 03:53:58,7DA26872,PHÁT HIỆN VI PHẠM VIDEO,Xe máy - 7DA-26872,"Video: demo_video.mp4, Frame: 55, Độ rõ: Rõ"
2026-02-07 03:53:58,X910861,PHÁT HIỆN VI PHẠM VIDEO,Xe máy - X9-10861,"Video: demo_video.mp4, Frame: 60, Độ rõ: Rõ"
2026-02-07 03:53:58,5910558,PHÁT HIỆN VI PHẠM VIDEO,Xe máy - 591-0558,"Video: demo_video.mp4, Frame: 65, Độ rõ: Rõ"
2026-02-07 03:53:58,5910861,PHÁT HIỆN VI PHẠM VIDEO,Xe máy - 59-10861,"Video: demo_video.mp4, Frame: 70, Độ rõ: Rõ"
2026-02-07 03:53:58,91110861,PHÁT HIỆN VI PHẠM VIDEO,Xe máy - 911-10861,"Video: demo_video.mp4, Frame: 75, Độ rõ: Rõ"
2026-02-07 03:53:58,59110861,PHÁT HIỆN VI PHẠM VIDEO,Xe máy - 591-10861,"Video: demo_video.mp4, Frame: 105, Độ rõ: Rõ"
2026-02-07 03:53:58,972,PHÁT HIỆN VI PHẠM VIDEO,Xe máy - 9-72 (Mờ),"Video: demo_video.mp4, Frame: 120, Độ rõ: Mờ"
2026-02-07 03:53:58,59R12,PHÁT HIỆN VI PHẠM VIDEO,Xe máy - 59R-12 (Mờ),"Video: demo_video.mp4, Frame: 125, Độ rõ: Mờ"
2026-02-07 03:53:59,F9824,PHÁT HIỆN VI PHẠM VIDEO,Xe máy - F9-824 (Mờ),"Video: demo_video.mp4, Frame: 130, Độ rõ: Mờ"
2026-02-07 03:53:59,9R1212,PHÁT HIỆN VI PHẠM VIDEO,Xe máy - 9R-1212 (Mờ),"Video: demo_video.mp4, Frame: 135, Độ rõ: Mờ"
2026-02-07 03:53:59,61H159850,PHÁT HIỆN VI PHẠM VIDEO,Xe máy - 61H1-59850 - Vi phạm: Đè vạch dừng,"Video: demo_video.mp4, Frame: 135, Độ rõ: Rõ"
2026-02-07 03:53:59,5R78214,PHÁT HIỆN VI PHẠM VIDEO,Xe máy - 5R-78214,"Video: demo_video.mp4, Frame: 140, Độ rõ: Rõ"
2026-02-07 03:53:59,59Y1161,PHÁT HIỆN VI PHẠM VIDEO,Xe máy - 59Y1-161,"Video: demo_video.mp4, Frame: 140, Độ rõ: Rõ"
2026-02-07 03:53:59,59R7821,PHÁT HIỆN VI PHẠM VIDEO,Xe máy - 59R-7821,"Video: demo_video.mp4, Frame: 145, Độ rõ: Rõ"
2026-02-07 03:53:59,59214,PHÁT HIỆN VI PHẠM VIDEO,Xe máy - 59-214 - Vi phạm: Đè vạch dừng,"Video: demo_video.mp4, Frame: 150, Độ rõ: Rõ"
2026-02-07 03:53:59,6918214,PHÁT HIỆN VI PHẠM VIDEO,Xe máy - 69-18214 - Vi phạm: Đè vạch dừng,"Video: demo_video.mp4, Frame: 155, Độ rõ: Rõ"
2026-02-07 03:53:59,61R159850,PHÁT HIỆN VI PHẠM VIDEO,Xe máy - 61R1-59850 - Vi phạm: Đè vạch dừng,"Video: demo_video.mp4, Frame: 155, Độ rõ: Rõ"
2026-02-07 03:53:59,59R18214,PHÁT HIỆN VI PHẠM VIDEO,Xe máy - 59R-18214 - Vi phạm: Đè vạch dừng,"Video: demo_video.mp4, Frame: 160, Độ rõ: Rõ"
2026-02-07 03:53:59,59RA18214,PHÁT HIỆN VI PHẠM VIDEO,Xe máy - 59RA-18214 - Vi phạm: Đè vạch dừng,"Video: demo_video.mp4, Frame: 165, Độ rõ: Rõ"
2026-02-07 03:53:59,69RA18214,PHÁT HIỆN VI PHẠM VIDEO,Xe máy - 69RA-18214 - Vi phạm: Đè vạch dừng,"Video: demo_video.mp4, Frame: 170, Độ rõ: Rõ"
2026-02-07 03:53:59,5R18214,PHÁT HIỆN VI PHẠM VIDEO,Xe máy - 5R-18214 - Vi phạm: Đè vạch dừng,"Video: demo_video.mp4, Frame: 180, Độ rõ: Rõ"
2026-02-07 03:53:59,R59850,PHÁT HIỆN VI PHẠM VIDEO,Xe máy - R-59850 - Vi phạm: Đè vạch dừng,"Video: demo_video.mp4, Frame: 180, Độ rõ: Rõ"
2026-02-07 03:53:59,69R1821,PHÁT HIỆN VI PHẠM VIDEO,Xe máy - 69R-1821 - Vi phạm: Đè vạch dừng,"Video: demo_video.mp4, Frame: 185, Độ rõ: Rõ"
2026-02-07 03:53:59,1Z15980,PHÁT HIỆN VI PHẠM VIDEO,Xe máy - 1Z1-5980 - Vi phạm: Đè vạch dừng,"Video: demo_video.mp4, Frame: 185, Độ rõ: Rõ"
2026-02-07 03:53:59,59R121,PHÁT HIỆN VI PHẠM VIDEO,Xe máy - 59R-121 - Vi phạm: Đè vạch dừng,"Video: demo_video.mp4, Frame: 190, Độ rõ: Rõ"
2026-02-07 03:53:59,59A18214,PHÁT HIỆN VI PHẠM VIDEO,Xe máy - 59A-18214 - Vi phạm: Đè vạch dừng,"Video: demo_video.mp4, Frame: 195, Độ rõ: Rõ"
2026-02-07 03:53:59,59R1821,PHÁT HIỆN VI PHẠM VIDEO,Xe máy - 59R-1821 - Vi phạm: Đè vạch dừng,"Video: demo_video.mp4, Frame: 200, Độ rõ: Rõ"
2026-02-07 03:53:59,5917214,PHÁT HIỆN VI PHẠM VIDEO,Xe máy - 59-17214 - Vi phạm: Đè vạch dừng,"Video: demo_video.mp4, Frame: 205, Độ rõ: Rõ"
2026-02-07 03:53:59,59R8214,PHÁT HIỆN VI PHẠM VIDEO,Xe máy - 59R-8214 - Vi phạm: Đè vạch dừng,"Video: demo_video.mp4, Frame: 210, Độ rõ: Rõ"
2026-02-07 03:53:59,8120,PHÁT HIỆN VI PHẠM VIDEO,Xe máy - 81-20,"Video: demo_video.mp4, Frame: 215, Độ rõ: Rõ"
2026-02-07 03:53:59,5982,PHÁT HIỆN VI PHẠM VIDEO,Xe máy - 59-82 - Vi phạm: Đè vạch dừng,"Video: demo_video.mp4, Frame: 215, Độ rõ: Rõ"
2026-02-07 03:53:59,5005,PHÁT HIỆN VI PHẠM VIDEO,Xe máy - 500-5 - Vi phạm: Đè vạch dừng,"Video: demo_video.mp4, Frame: 220, Độ rõ: Rõ"
2026-02-07 03:53:59,Z8721,PHÁT HIỆN VI PHẠM VIDEO,Xe máy - Z-8721 (Mờ),"Video: demo_video.mp4, Frame: 230, Độ rõ: Mờ"
2026-02-07 03:53:59,814,PHÁT HIỆN VI PHẠM VIDEO,Xe máy - 8-14 - Vi phạm: Đè vạch dừng,"Video: demo_video.mp4, Frame: 235, Độ rõ: Rõ"
2026-02-07 03:53:59,5,PHÁT HIỆN VI PHẠM VIDEO,Xe máy - -5,"Video: demo_video.mp4, Frame: 245, Độ rõ: Rõ"
2026-02-07 03:53:59,70A26822,PHÁT HIỆN VI PHẠM VIDEO,Xe máy - 70A-26822,"Video: demo_video.mp4, Frame: 260, Độ rõ: Rõ"
2026-02-07 03:53:59,591079,PHÁT HIỆN VI PHẠM VIDEO,Xe máy - 591-079,"Video: demo_video.mp4, Frame: 260, Độ rõ: Rõ"
2026-02-07 03:53:59,5R9Y778079,PHÁT HIỆN VI PHẠM VIDEO,Xe máy - 5R9Y7-78079,"Video: demo_video.mp4, Frame: 265, Độ rõ: Rõ"
2026-02-07 03:53:59,59807,PHÁT HIỆN VI PHẠM VIDEO,Xe máy - 59-807 - Vi phạm: Đè vạch dừng,"Video: demo_video.mp4, Frame: 285, Độ rõ: Rõ"
2026-02-07 03:53:59,59178D079,PHÁT HIỆN VI PHẠM VIDEO,Xe máy - 591-78D079 - Vi phạm: Đè vạch dừng,"Video: demo_video.mp4, Frame: 290, Độ rõ: Rõ"
2026-02-07 03:53:59,519178079,PHÁT HIỆN VI PHẠM VIDEO,Xe máy - 5191-78079 - Vi phạm: Đè vạch dừng,"Video: demo_video.mp4, Frame: 295, Độ rõ: Rõ"
2026-02-07 03:53:59,59P1178079,PHÁT HIỆN VI PHẠM VIDEO,Xe máy - 59P11-78079 - Vi phạm: Đè vạch dừng,"Video: demo_video.mp4, Frame: 300, Độ rõ: Rõ"
2026-02-07 03:53:59,591178079,PHÁT HIỆN VI PHẠM VIDEO,Xe máy - 5911-78079 - Vi phạm: Đè vạch dừng,"Video: demo_video.mp4, Frame: 305, Độ rõ: Rõ"
2026-02-07 03:53:59,59178079,PHÁT HIỆN VI PHẠM VIDEO,Xe máy - 591-78079 - Vi phạm: Đè vạch dừng,"Video: demo_video.mp4, Frame: 330, Độ rõ: Rõ"
2026-02-07 03:53:59,178B2,PHÁT HIỆN VI PHẠM VIDEO,Xe máy - 1-78B2 - Vi phạm: Đè vạch dừng,"Video: demo_video.mp4, Frame: 340, Độ rõ: Rõ"
2026-02-07 03:53:59,757,PHÁT HIỆN VI PHẠM VIDEO,Xe máy - 7-57,"Video: demo_video.mp4, Frame: 340, Độ rõ: Rõ"
2026-02-07 03:53:59,525E,PHÁT HIỆN VI PHẠM VIDEO,Xe máy - 52-5E,"Video: demo_video.mp4, Frame: 345, Độ rõ: Rõ"
2026-02-07 03:53:59,59R2553,PHÁT HIỆN VI PHẠM VIDEO,Xe máy - 59R2-553,"Video: demo_video.mp4, Frame: 350, Độ rõ: Rõ"
2026-02-07 03:53:59,59RR27553,PHÁT HIỆN VI PHẠM VIDEO,Xe máy - 59RR2-7553,"Video: demo_video.mp4, Frame: 355, Độ rõ: Rõ"
2026-02-07 03:53:59,59253,PHÁT HIỆN VI PHẠM VIDEO,Xe máy - 592-53,"Video: demo_video.mp4, Frame: 360, Độ rõ: Rõ"
2026-02-07 03:53:59,5TR273,PHÁT HIỆN VI PHẠM VIDEO,Xe máy - 5TR2-73,"Video: demo_video.mp4, Frame: 365, Độ rõ: Rõ"
2026-02-07 03:53:59,9124253,PHÁT HIỆN VI PHẠM VIDEO,Xe máy - 912-4253,"Video: demo_video.mp4, Frame: 370, Độ rõ: Rõ"
2026-02-07 03:53:59,52425,PHÁT HIỆN VI PHẠM VIDEO,Xe máy - 52-425 - Vi phạm: Đè vạch dừng,"Video: demo_video.mp4, Frame: 375, Độ rõ: Rõ"
2026-02-07 03:53:59,524253,PHÁT HIỆN VI PHẠM VIDEO,Xe máy - 52-4253 - Vi phạm: Đè vạch dừng,"Video: demo_video.mp4, Frame: 380, Độ rõ: Rõ"
2026-02-07 03:53:59,3242353,PHÁT HIỆN VI PHẠM VIDEO,Xe máy - 32-42353 - Vi phạm: Đè vạch dừng,"Video: demo_video.mp4, Frame: 385, Độ rõ: Rõ"
2026-02-07 03:53:59,242553,PHÁT HIỆN VI PHẠM VIDEO,Xe máy - 2-42553 - Vi phạm: Đè vạch dừng,"Video: demo_video.mp4, Frame: 390, Độ rõ: Rõ"
2026-02-07 03:53:59,527T31650,PHÁT HIỆN VI PHẠM VIDEO,Xe máy - 527T3-1650,"Video: demo_video.mp4, Frame: 415, Độ rõ: Rõ"
2026-02-07 03:53:59,59T321650,PHÁT HIỆN VI PHẠM VIDEO,Xe máy - 59T3-21650,"Video: demo_video.mp4, Frame: 420, Độ rõ: Rõ"
2026-02-07 03:53:59,592T321650,PHÁT HIỆN VI PHẠM VIDEO,Xe máy - 592T3-21650,"Video: demo_video.mp4, Frame: 425, Độ rõ: Rõ"
2026-02-07 03:53:59,59T21630,PHÁT HIỆN VI PHẠM VIDEO,Xe máy - 59T-21630 - Vi phạm: Đè vạch dừng,"Video: demo_video.mp4, Frame: 440, Độ rõ: Rõ"
2026-02-07 03:53:59,59321650,PHÁT HIỆN VI PHẠM VIDEO,Xe máy - 593-21650 - Vi phạm: Đè vạch dừng,"Video: demo_video.mp4, Frame: 445, Độ rõ: Rõ"
2026-02-07 03:53:59,5D106,PHÁT HIỆN VI PHẠM VIDEO,Xe máy - 5D-106,"Video: demo_video.mp4, Frame: 465, Độ rõ: Rõ"
2026-02-07 03:53:59,39T321650,PHÁT HIỆN VI PHẠM VIDEO,Xe máy - 39T3-21650 - Vi phạm: Đè vạch dừng,"Video: demo_video.mp4, Frame: 465, Độ rõ: Rõ"
2026-02-07 03:53:59,50E106E,PHÁT HIỆN VI PHẠM VIDEO,Xe máy - 50E-106E,"Video: demo_video.mp4, Frame: 470, Độ rõ: Rõ"
2026-02-07 03:53:59,59T3260,PHÁT HIỆN VI PHẠM VIDEO,Xe máy - 59T3-260,"Video: demo_video.mp4, Frame: 470, Độ rõ: Rõ"
2026-02-07 03:53:59,5DE10630,PHÁT HIỆN VI PHẠM VIDEO,Xe máy - 5DE-10630,"Video: demo_video.mp4, Frame: 475, Độ rõ: Rõ"
2026-02-07 03:53:59,39V321650,PHÁT HIỆN VI PHẠM VIDEO,Xe máy - 39V3-21650 - Vi phạm: Đè vạch dừng,"Video: demo_video.mp4, Frame: 475, Độ rõ: Rõ"
2026-02-07 03:53:59,5E10630,PHÁT HIỆN VI PHẠM VIDEO,Xe máy - 5E-10630,"Video: demo_video.mp4, Frame: 485, Độ rõ: Rõ"
2026-02-07 03:53:59,50E10630,PHÁT HIỆN VI PHẠM VIDEO,Xe máy - 50E-10630,"Video: demo_video.mp4, Frame: 490, Độ rõ: Rõ"
2026-02-07 03:53:59,59321630,PHÁT HIỆN VI PHẠM VIDEO,Xe máy - 593-21630 - Vi phạm: Đè vạch dừng,"Video: demo_video.mp4, Frame: 490, Độ rõ: Rõ"
2026-02-07 03:53:59,6DE10623D,PHÁT HIỆN VI PHẠM VIDEO,Xe máy - 6DE-10623D,"Video: demo_video.mp4, Frame: 500, Độ rõ: Rõ"
2026-02-07 03:53:59,47A81773,PHÁT HIỆN VI PHẠM VIDEO,Xe máy - 47A-81773,"Video: demo_video.mp4, Frame: 500, Độ rõ: Rõ"
2026-02-07 03:53:59,Y960218E0,PHÁT HIỆN VI PHẠM VIDEO,Xe máy - Y960-218E0 - Vi phạm: Đè vạch dừng,"Video: demo_video.mp4, Frame: 500, Độ rõ: Rõ"
2026-02-07 03:53:59,5010630,PHÁT HIỆN VI PHẠM VIDEO,Xe máy - 50-10630,"Video: demo_video.mp4, Frame: 505, Độ rõ: Rõ"
2026-02-07 03:53:59,59321760,PHÁT HIỆN VI PHẠM VIDEO,Xe máy - 593-21760 - Vi phạm: Đè vạch dừng,"Video: demo_video.mp4, Frame: 505, Độ rõ: Rõ"
2026-02-07 03:59:38,1X1408503,PHÁT HIỆN VI PHẠM,Xe máy - 1X14-08503 - Vi phạm: Đè vạch dừng,Video: demo_video.mp4 - Frame 5
2026-02-07 03:59:39,81108503,PHÁT HIỆN VI PHẠM,Xe máy - 811-08503 - Vi phạm: Đè vạch dừng,Video: demo_video.mp4 - Frame 10
2026-02-07 03:59:42,59706868,PHÁT HIỆN VI PHẠM,Xe máy - 597-06868 - Vi phạm: Đè vạch dừng,Video: demo_video.mp4 - Frame 35
2026-02-07 03:59:43,97B0688,PHÁT HIỆN VI PHẠM,Xe máy - 97B-0688 - Vi phạm: Đè vạch dừng,Video: demo_video.mp4 - Frame 40
2026-02-07 03:59:44,91B58,PHÁT HIỆN VI PHẠM,Xe máy - 91B-58 - Vi phạm: Đè vạch dừng,Video: demo_video.mp4 - Frame 50
2026-02-07 03:59:45,8,PHÁT HIỆN VI PHẠM,Xe máy - -8 - Vi phạm: Đè vạch dừng,Video: demo_video.mp4 - Frame 50
2026-02-07 03:59:55,61H159850,PHÁT HIỆN VI PHẠM,Xe máy - 61H1-59850 - Vi phạm: Đè vạch dừng,Video: demo_video.mp4 - Frame 135
2026-02-07 03:59:56,59214,PHÁT HIỆN VI PHẠM,Xe máy - 59-214 - Vi phạm: Đè vạch dừng,Video: demo_video.mp4 - Frame 150
2026-02-07 03:59:57,6918214,PHÁT HIỆN VI PHẠM,Xe máy - 69-18214 - Vi phạm: Đè vạch dừng,Video: demo_video.mp4 - Frame 155
2026-02-07 03:59:57,61R159850,PHÁT HIỆN VI PHẠM,Xe máy - 61R1-59850 - Vi phạm: Đè vạch dừng,Video: demo_video.mp4 - Frame 155
2026-02-07 03:59:58,59R18214,PHÁT HIỆN VI PHẠM,Xe máy - 59R-18214 - Vi phạm: Đè vạch dừng,Video: demo_video.mp4 - Frame 160
2026-02-07 03:59:58,59RA18214,PHÁT HIỆN VI PHẠM,Xe máy - 59RA-18214 - Vi phạm: Đè vạch dừng,Video: demo_video.mp4 - Frame 165
2026-02-07 03:59:59,69RA18214,PHÁT HIỆN VI PHẠM,Xe máy - 69RA-18214 - Vi phạm: Đè vạch dừng,Video: demo_video.mp4 - Frame 170
2026-02-07 04:00:01,5R18214,PHÁT HIỆN VI PHẠM,Xe máy - 5R-18214 - Vi phạm: Đè vạch dừng,Video: demo_video.mp4 - Frame 180
2026-02-07 04:00:01,R59850,PHÁT HIỆN VI PHẠM,Xe máy - R-59850 - Vi phạm: Đè vạch dừng,Video: demo_video.mp4 - Frame 180
2026-02-07 04:00:01,69R1821,PHÁT HIỆN VI PHẠM,Xe máy - 69R-1821 - Vi phạm: Đè vạch dừng,Video: demo_video.mp4 - Frame 185
2026-02-07 04:00:02,1Z15980,PHÁT HIỆN VI PHẠM,Xe máy - 1Z1-5980 - Vi phạm: Đè vạch dừng,Video: demo_video.mp4 - Frame 185
2026-02-07 04:00:02,59R121,PHÁT HIỆN VI PHẠM,Xe máy - 59R-121 - Vi phạm: Đè vạch dừng,Video: demo_video.mp4 - Frame 190
2026-02-07 04:00:03,59A18214,PHÁT HIỆN VI PHẠM,Xe máy - 59A-18214 - Vi phạm: Đè vạch dừng,Video: demo_video.mp4 - Frame 195
2026-02-07 04:00:04,59R1821,PHÁT HIỆN VI PHẠM,Xe máy - 59R-1821 - Vi phạm: Đè vạch dừng,Video: demo_video.mp4 - Frame 200
2026-02-07 04:00:04,5917214,PHÁT HIỆN VI PHẠM,Xe máy - 59-17214 - Vi phạm: Đè vạch dừng,Video: demo_video.mp4 - Frame 205
2026-02-07 04:00:05,59R8214,PHÁT HIỆN VI PHẠM,Xe máy - 59R-8214 - Vi phạm: Đè vạch dừng,Video: demo_video.mp4 - Frame 210
2026-02-07 04:00:05,5982,PHÁT HIỆN VI PHẠM,Xe máy - 59-82 - Vi phạm: Đè vạch dừng,Video: demo_video.mp4 - Frame 215
2026-02-07 04:00:06,5005,PHÁT HIỆN VI PHẠM,Xe máy - 500-5 - Vi phạm: Đè vạch dừng,Video: demo_video.mp4 - Frame 220
2026-02-07 04:00:07,Z8721,PHÁT HIỆN VI PHẠM,Xe máy - Z-8721 (Mờ),Video: demo_video.mp4 - Frame 230
2026-02-07 04:00:07,814,PHÁT HIỆN VI PHẠM,Xe máy - 8-14 - Vi phạm: Đè vạch dừng,Video: demo_video.mp4 - Frame 235
2026-02-07 04:00:13,59807,PHÁT HIỆN VI PHẠM,Xe máy - 59-807 - Vi phạm: Đè vạch dừng,Video: demo_video.mp4 - Frame 285
2026-02-07 04:00:14,59178D079,PHÁT HIỆN VI PHẠM,Xe máy - 591-78D079 - Vi phạm: Đè vạch dừng,Video: demo_video.mp4 - Frame 290
2026-02-07 04:00:14,519178079,PHÁT HIỆN VI PHẠM,Xe máy - 5191-78079 - Vi phạm: Đè vạch dừng,Video: demo_video.mp4 - Frame 295
2026-02-07 04:00:15,59P1178079,PHÁT HIỆN VI PHẠM,Xe máy - 59P11-78079 - Vi phạm: Đè vạch dừng,Video: demo_video.mp4 - Frame 300
2026-02-07 04:00:16,591178079,PHÁT HIỆN VI PHẠM,Xe máy - 5911-78079 - Vi phạm: Đè vạch dừng,Video: demo_video.mp4 - Frame 305
2026-02-07 04:00:16,1X1408503,PHÁT HIỆN VI PHẠM,Xe máy - 1X14-08503 - Vi phạm: Đè vạch dừng,Video: demo_video.mp4 - Frame 5
2026-02-07 04:00:17,597B05868,PHÁT HIỆN VI PHẠM VIDEO,Xe máy - 597B-05868,"Video: demo_video.mp4, Frame: 5, Độ rõ: Rõ"
2026-02-07 04:00:17,1X1408503,PHÁT HIỆN VI PHẠM VIDEO,Xe máy - 1X14-08503 - Vi phạm: Đè vạch dừng,"Video: demo_video.mp4, Frame: 5, Độ rõ: Rõ"
2026-02-07 04:00:17,47A61773,PHÁT HIỆN VI PHẠM VIDEO,Xe máy - 47A-61773,"Video: demo_video.mp4, Frame: 5, Độ rõ: Rõ"
2026-02-07 04:00:17,910861,PHÁT HIỆN VI PHẠM VIDEO,Xe máy - 9-10861,"Video: demo_video.mp4, Frame: 5, Độ rõ: Rõ"
2026-02-07 04:00:17,81108503,PHÁT HIỆN VI PHẠM VIDEO,Xe máy - 811-08503 - Vi phạm: Đè vạch dừng,"Video: demo_video.mp4, Frame: 10, Độ rõ: Rõ"
2026-02-07 04:00:17,59B05868,PHÁT HIỆN VI PHẠM VIDEO,Xe máy - 59B-05868,"Video: demo_video.mp4, Frame: 15, Độ rõ: Rõ"
2026-02-07 04:00:17,59B0568,PHÁT HIỆN VI PHẠM VIDEO,Xe máy - 59B-0568,"Video: demo_video.mp4, Frame: 20, Độ rõ: Rõ"
2026-02-07 04:00:17,97B06868,PHÁT HIỆN VI PHẠM VIDEO,Xe máy - 97B-06868,"Video: demo_video.mp4, Frame: 25, Độ rõ: Rõ"
2026-02-07 04:00:17,51861,PHÁT HIỆN VI PHẠM VIDEO,Xe máy - 5-1861,"Video: demo_video.mp4, Frame: 25, Độ rõ: Rõ"
2026-02-07 04:00:17,597B06868,PHÁT HIỆN VI PHẠM VIDEO,Xe máy - 597B-06868,"Video: demo_video.mp4, Frame: 30, Độ rõ: Rõ"
2026-02-07 04:00:17,59706868,PHÁT HIỆN VI PHẠM VIDEO,Xe máy - 597-06868 - Vi phạm: Đè vạch dừng,"Video: demo_video.mp4, Frame: 35, Độ rõ: Rõ"
2026-02-07 04:00:17,97B0688,PHÁT HIỆN VI PHẠM VIDEO,Xe máy - 97B-0688 - Vi phạm: Đè vạch dừng,"Video: demo_video.mp4, Frame: 40, Độ rõ: Rõ"
2026-02-07 04:00:17,59B06868,PHÁT HIỆN VI PHẠM VIDEO,Xe máy - 59B-06868,"Video: demo_video.mp4, Frame: 45, Độ rõ: Rõ"
2026-02-07 04:00:17,70A26872,PHÁT HIỆN VI PHẠM VIDEO,Xe máy - 70A-26872,"Video: demo_video.mp4, Frame: 45, Độ rõ: Rõ"
2026-02-07 04:00:17,59410861,PHÁT HIỆN VI PHẠM VIDEO,Xe máy - 594-10861 (Mờ),"Video: demo_video.mp4, Frame: 45, Độ rõ: Mờ"
2026-02-07 04:00:17,91B58,PHÁT HIỆN VI PHẠM VIDEO,Xe máy - 91B-58 - Vi phạm: Đè vạch dừng,"Video: demo_video.mp4, Frame: 50, Độ rõ: Rõ"
2026-02-07 04:00:17,7D126872,PHÁT HIỆN VI PHẠM VIDEO,Xe máy - 7D1-26872,"Video: demo_video.mp4, Frame: 50, Độ rõ: Rõ"
2026-02-07 04:00:17,8,PHÁT HIỆN VI PHẠM VIDEO,Xe máy - -8 - Vi phạm: Đè vạch dừng,"Video: demo_video.mp4, Frame: 50, Độ rõ: Rõ"
2026-02-07 04:00:17,991081,PHÁT HIỆN VI PHẠM VIDEO,Xe máy - 99-1081,"Video: demo_video.mp4, Frame: 55, Độ rõ: Rõ"
2026-02-07 04:00:17,7DA26872,PHÁT HIỆN VI PHẠM VIDEO,Xe máy - 7DA-26872,"Video: demo_video.mp4, Frame: 55, Độ rõ: Rõ"
2026-02-07 04:00:17,X910861,PHÁT HIỆN VI PHẠM VIDEO,Xe máy - X9-10861,"Video: demo_video.mp4, Frame: 60, Độ rõ: Rõ"
2026-02-07 04:00:17,5910558,PHÁT HIỆN VI PHẠM VIDEO,Xe máy - 591-0558,"Video: demo_video.mp4, Frame: 65, Độ rõ: Rõ"
2026-02-07 04:00:17,5910861,PHÁT HIỆN VI PHẠM VIDEO,Xe máy - 59-10861,"Video: demo_video.mp4, Frame: 70, Độ rõ: Rõ"
2026-02-07 04:00:17,91110861,PHÁT HIỆN VI PHẠM VIDEO,Xe máy - 911-10861,"Video: demo_video.mp4, Frame: 75, Độ rõ: Rõ"
2026-02-07 04:00:17,59110861,PHÁT HIỆN VI PHẠM VIDEO,Xe máy - 591-10861,"Video: demo_video.mp4, Frame: 105, Độ rõ: Rõ"
2026-02-07 04:00:17,972,PHÁT HIỆN VI PHẠM VIDEO,Xe máy - 9-72 (Mờ),"Video: demo_video.mp4, Frame: 120, Độ rõ: Mờ"
2026-02-07 04:00:17,59R12,PHÁT HIỆN VI PHẠM VIDEO,Xe máy - 59R-12 (Mờ),"Video: demo_video.mp4, Frame: 125, Độ rõ: Mờ"
2026-02-07 04:00:17,F9824,PHÁT HIỆN VI PHẠM VIDEO,Xe máy - F9-824 (Mờ),"Video: demo_video.mp4, Frame: 130, Độ rõ: Mờ"
2026-02-07 04:00:17,9R1212,PHÁT HIỆN VI PHẠM VIDEO,Xe máy - 9R-1212 (Mờ),"Video: demo_video.mp4, Frame: 135, Độ rõ: Mờ"
2026-02-07 04:00:17,61H159850,PHÁT HIỆN VI PHẠM VIDEO,Xe máy - 61H1-59850 - Vi phạm: Đè vạch dừng,"Video: demo_video.mp4, Frame: 135, Độ rõ: Rõ"
2026-02-07 04:00:17,5R78214,PHÁT HIỆN VI PHẠM VIDEO,Xe máy - 5R-78214,"Video: demo_video.mp4, Frame: 140, Độ rõ: Rõ"
2026-02-07 04:00:17,59Y1161,PHÁT HIỆN VI PHẠM VIDEO,Xe máy - 59Y1-161,"Video: demo_video.mp4, Frame: 140, Độ rõ: Rõ"
2026-02-07 04:00:17,59R7821,PHÁT HIỆN VI PHẠM VIDEO,Xe máy - 59R-7821,"Video: demo_video.mp4, Frame: 145, Độ rõ: Rõ"
2026-02-07 04:00:17,59214,PHÁT HIỆN VI PHẠM VIDEO,Xe máy - 59-214 - Vi phạm: Đè vạch dừng,"Video: demo_video.mp4, Frame: 150, Độ rõ: Rõ"
2026-02-07 04:00:17,6918214,PHÁT HIỆN VI PHẠM VIDEO,Xe máy - 69-18214 - Vi phạm: Đè vạch dừng,"Video: demo_video.mp4, Frame: 155, Độ rõ: Rõ"
2026-02-07 04:00:17,61R159850,PHÁT HIỆN VI PHẠM VIDEO,Xe máy - 61R1-59850 - Vi phạm: Đè vạch dừng,"Video: demo_video.mp4, Frame: 155, Độ rõ: Rõ"
2026-02-07 04:00:17,59R18214,PHÁT HIỆN VI PHẠM VIDEO,Xe máy - 59R-18214 - Vi phạm: Đè vạch dừng,"Video: demo_video.mp4, Frame: 160, Độ rõ: Rõ"
2026-02-07 04:00:17,59RA18214,PHÁT HIỆN VI PHẠM VIDEO,Xe máy - 59RA-18214 - Vi phạm: Đè vạch dừng,"Video: demo_video.mp4, Frame: 165, Độ rõ: Rõ"
2026-02-07 04:00:17,69RA18214,PHÁT HIỆN VI PHẠM VIDEO,Xe máy - 69RA-18214 - Vi phạm: Đè vạch dừng,"Video: demo_video.mp4, Frame: 170, Độ rõ: Rõ"
2026-02-07 04:00:17,5R18214,PHÁT HIỆN VI PHẠM VIDEO,Xe máy - 5R-18214 - Vi phạm: Đè vạch dừng,"Video: demo_video.mp4, Frame: 180, Độ rõ: Rõ"
2026-02-07 04:00:17,R59850,PHÁT HIỆN VI PHẠM VIDEO,Xe máy - R-59850 - Vi phạm: Đè vạch dừng,"Video: demo_video.mp4, Frame: 180, Độ rõ: Rõ"
2026-02-07 04:00:17,69R1821,PHÁT HIỆN VI PHẠM VIDEO,Xe máy - 69R-1821 - Vi phạm: Đè vạch dừng,"Video: demo_video.mp4, Frame: 185, Độ rõ: Rõ"
2026-02-07 04:00:17,1Z15980,PHÁT HIỆN VI PHẠM VIDEO,Xe máy - 1Z1-5980 - Vi phạm: Đè vạch dừng,"Video: demo_video.mp4, Frame: 185, Độ rõ: Rõ"
2026-02-07 04:00:17,59R121,PHÁT HIỆN VI PHẠM VIDEO,Xe máy - 59R-121 - Vi phạm: Đè vạch dừng,"Video: demo_video.mp4, Frame: 190, Độ rõ: Rõ"
2026-02-07 04:00:17,59A18214,PHÁT HIỆN VI PHẠM VIDEO,Xe máy - 59A-18214 - Vi phạm: Đè vạch dừng,"Video: demo_video.mp4, Frame: 195, Độ rõ: Rõ"
2026-02-07 04:00:17,59R1821,PHÁT HIỆN VI PHẠM VIDEO,Xe máy - 59R-1821 - Vi phạm: Đè vạch dừng,"Video: demo_video.mp4, Frame: 200, Độ rõ: Rõ"
2026-02-07 04:00:17,5917214,PHÁT HIỆN VI PHẠM VIDEO,Xe máy - 59-17214 - Vi phạm: Đè vạch dừng,"Video: demo_video.mp4, Frame: 205, Độ rõ: Rõ"
2026-02-07 04:00:17,59R8214,PHÁT HIỆN VI PHẠM VIDEO,Xe máy - 59R-8214 - Vi phạm: Đè vạch dừng,"Video: demo_video.mp4, Frame: 210, Độ rõ: Rõ"
2026-02-07 04:00:17,8120,PHÁT HIỆN VI PHẠM VIDEO,Xe máy - 81-20,"Video: demo_video.mp4, Frame: 215, Độ rõ: Rõ"
2026-02-07 04:00:17,5982,PHÁT HIỆN VI PHẠM VIDEO,Xe máy - 59-82 - Vi phạm: Đè vạch dừng,"Video: demo_video.mp4, Frame: 215, Độ rõ: Rõ"
2026-02-07 04:00:17,5005,PHÁT HIỆN VI PHẠM VIDEO,Xe máy - 500-5 - Vi phạm: Đè vạch dừng,"Video: demo_video.mp4, Frame: 220, Độ rõ: Rõ"
2026-02-07 04:00:17,Z8721,PHÁT HIỆN VI PHẠM VIDEO,Xe máy - Z-8721 (Mờ),"Video: demo_video.mp4, Frame: 230, Độ rõ: Mờ"
2026-02-07 04:00:17,814,PHÁT HIỆN VI PHẠM VIDEO,Xe máy - 8-14 - Vi phạm: Đè vạch dừng,"Video: demo_video.mp4, Frame: 235, Độ rõ: Rõ"
2026-02-07 04:00:17,5,PHÁT HIỆN VI PHẠM VIDEO,Xe máy - -5,"Video: demo_video.mp4, Frame: 245, Độ rõ: Rõ"
2026-02-07 04:00:17,70A26822,PHÁT HIỆN VI PHẠM VIDEO,Xe máy - 70A-26822,"Video: demo_video.mp4, Frame: 260, Độ rõ: Rõ"
2026-02-07 04:00:17,591079,PHÁT HIỆN VI PHẠM VIDEO,Xe máy - 591-079,"Video: demo_video.mp4, Frame: 260, Độ rõ: Rõ"
2026-02-07 04:00:17,5R9Y778079,PHÁT HIỆN VI PHẠM VIDEO,Xe máy - 5R9Y7-78079,"Video: demo_video.mp4, Frame: 265, Độ rõ: Rõ"
2026-02-07 04:00:17,59807,PHÁT HIỆN VI PHẠM VIDEO,Xe máy - 59-807 - Vi phạm: Đè vạch dừng,"Video: demo_video.mp4, Frame: 285, Độ rõ: Rõ"
2026-02-07 04:00:17,59178D079,PHÁT HIỆN VI PHẠM VIDEO,Xe máy - 591-78D079 - Vi phạm: Đè vạch dừng,"Video: demo_video.mp4, Frame: 290, Độ rõ: Rõ"
2026-02-07 04:00:17,519178079,PHÁT HIỆN VI PHẠM VIDEO,Xe máy - 5191-78079 - Vi phạm: Đè vạch dừng,"Video: demo_video.mp4, Frame: 295, Độ rõ: Rõ"
2026-02-07 04:00:17,59P1178079,PHÁT HIỆN VI PHẠM VIDEO,Xe máy - 59P11-78079 - Vi phạm: Đè vạch dừng,"Video: demo_video.mp4, Frame: 300, Độ rõ: Rõ"
2026-02-07 04:00:17,591178079,PHÁT HIỆN VI PHẠM VIDEO,Xe máy - 5911-78079 - Vi phạm: Đè vạch dừng,"Video: demo_video.mp4, Frame: 305, Độ rõ: Rõ"
2026-02-07 04:00:17,81108503,PHÁT HIỆN VI PHẠM,Xe máy - 811-08503 - Vi phạm: Đè vạch dừng,Video: demo_video.mp4 - Frame 10
2026-02-07 04:00:20,59706868,PHÁT HIỆN VI PHẠM,Xe máy - 597-06868 - Vi phạm: Đè vạch dừng,Video: demo_video.mp4 - Frame 35
2026-02-07 04:00:21,97B0688,PHÁT HIỆN VI PHẠM,Xe máy - 97B-0688 - Vi phạm: Đè vạch dừng,Video: demo_video.mp4 - Frame 40
2026-02-07 04:00:22,91B58,PHÁT HIỆN VI PHẠM,Xe máy - 91B-58 - Vi phạm: Đè vạch dừng,Video: demo_video.mp4 - Frame 50
2026-02-07 04:00:23,8,PHÁT HIỆN VI PHẠM,Xe máy - -8 - Vi phạm: Đè vạch dừng,Video: demo_video.mp4 - Frame 50
2026-02-07 04:00:31,61H159850,PHÁT HIỆN VI PHẠM,Xe máy - 61H1-59850 - Vi phạm: Đè vạch dừng,Video: demo_video.mp4 - Frame 135
2026-02-07 04:00:33,59214,PHÁT HIỆN VI PHẠM,Xe máy - 59-214 - Vi phạm: Đè vạch dừng,Video: demo_video.mp4 - Frame 150
2026-02-07 04:00:33,6918214,PHÁT HIỆN VI PHẠM,Xe máy - 69-18214 - Vi phạm: Đè vạch dừng,Video: demo_video.mp4 - Frame 155
2026-02-07 04:00:34,61R159850,PHÁT HIỆN VI PHẠM,Xe máy - 61R1-59850 - Vi phạm: Đè vạch dừng,Video: demo_video.mp4 - Frame 155
2026-02-07 04:00:34,59R18214,PHÁT HIỆN VI PHẠM,Xe máy - 59R-18214 - Vi phạm: Đè vạch dừng,Video: demo_video.mp4 - Frame 160
2026-02-07 04:00:35,59RA18214,PHÁT HIỆN VI PHẠM,Xe máy - 59RA-18214 - Vi phạm: Đè vạch dừng,Video: demo_video.mp4 - Frame 165
2026-02-07 04:00:35,69RA18214,PHÁT HIỆN VI PHẠM,Xe máy - 69RA-18214 - Vi phạm: Đè vạch dừng,Video: demo_video.mp4 - Frame 170
2026-02-07 04:00:37,5R18214,PHÁT HIỆN VI PHẠM,Xe máy - 5R-18214 - Vi phạm: Đè vạch dừng,Video: demo_video.mp4 - Frame 180
2026-02-07 04:00:37,R59850,PHÁT HIỆN VI PHẠM,Xe máy - R-59850 - Vi phạm: Đè vạch dừng,Video: demo_video.mp4 - Frame 180
2026-02-07 04:00:37,69R1821,PHÁT HIỆN VI PHẠM,Xe máy - 69R-1821 - Vi phạm: Đè vạch dừng,Video: demo_video.mp4 - Frame 185
2026-02-07 04:00:38,1Z15980,PHÁT HIỆN VI PHẠM,Xe máy - 1Z1-5980 - Vi phạm: Đè vạch dừng,Video: demo_video.mp4 - Frame 185
2026-02-07 04:00:38,59R121,PHÁT HIỆN VI PHẠM,Xe máy - 59R-121 - Vi phạm: Đè vạch dừng,Video: demo_video.mp4 - Frame 190
2026-02-07 04:00:39,59A18214,PHÁT HIỆN VI PHẠM,Xe máy - 59A-18214 - Vi phạm: Đè vạch dừng,Video: demo_video.mp4 - Frame 195
2026-02-07 04:00:39,59R1821,PHÁT HIỆN VI PHẠM,Xe máy - 59R-1821 - Vi phạm: Đè vạch dừng,Video: demo_video.mp4 - Frame 200
2026-02-07 04:00:40,5917214,PHÁT HIỆN VI PHẠM,Xe máy - 59-17214 - Vi phạm: Đè vạch dừng,Video: demo_video.mp4 - Frame 205
2026-02-07 04:00:40,59R8214,PHÁT HIỆN VI PHẠM,Xe máy - 59R-8214 - Vi phạm: Đè vạch dừng,Video: demo_video.mp4 - Frame 210
2026-02-07 04:00:41,5982,PHÁT HIỆN VI PHẠM,Xe máy - 59-82 - Vi phạm: Đè vạch dừng,Video: demo_video.mp4 - Frame 215
2026-02-07 04:00:42,5005,PHÁT HIỆN VI PHẠM,Xe máy - 500-5 - Vi phạm: Đè vạch dừng,Video: demo_video.mp4 - Frame 220
2026-02-07 04:00:42,Z8721,PHÁT HIỆN VI PHẠM,Xe máy - Z-8721 (Mờ),Video: demo_video.mp4 - Frame 230
2026-02-07 04:00:43,814,PHÁT HIỆN VI PHẠM,Xe máy - 8-14 - Vi phạm: Đè vạch dừng,Video: demo_video.mp4 - Frame 235
2026-02-07 04:00:47,59807,PHÁT HIỆN VI PHẠM,Xe máy - 59-807 - Vi phạm: Đè vạch dừng,Video: demo_video.mp4 - Frame 285
2026-02-07 04:00:48,59178D079,PHÁT HIỆN VI PHẠM,Xe máy - 591-78D079 - Vi phạm: Đè vạch dừng,Video: demo_video.mp4 - Frame 290
2026-02-07 04:00:48,519178079,PHÁT HIỆN VI PHẠM,Xe máy - 5191-78079 - Vi phạm: Đè vạch dừng,Video: demo_video.mp4 - Frame 295
2026-02-07 04:00:49,59P1178079,PHÁT HIỆN VI PHẠM,Xe máy - 59P11-78079 - Vi phạm: Đè vạch dừng,Video: demo_video.mp4 - Frame 300
2026-02-07 04:00:49,591178079,PHÁT HIỆN VI PHẠM,Xe máy - 5911-78079 - Vi phạm: Đè vạch dừng,Video: demo_video.mp4 - Frame 305
2026-02-07 04:00:51,59178079,PHÁT HIỆN VI PHẠM,Xe máy - 591-78079 - Vi phạm: Đè vạch dừng,Video: demo_video.mp4 - Frame 330
2026-02-07 04:00:52,178B2,PHÁT HIỆN VI PHẠM,Xe máy - 1-78B2 - Vi phạm: Đè vạch dừng,Video: demo_video.mp4 - Frame 340
2026-02-07 04:00:57,52425,PHÁT HIỆN VI PHẠM,Xe máy - 52-425 - Vi phạm: Đè vạch dừng,Video: demo_video.mp4 - Frame 375
2026-02-07 04:00:57,524253,PHÁT HIỆN VI PHẠM,Xe máy - 52-4253 - Vi phạm: Đè vạch dừng,Video: demo_video.mp4 - Frame 380
2026-02-07 04:00:58,3242353,PHÁT HIỆN VI PHẠM,Xe máy - 32-42353 - Vi phạm: Đè vạch dừng,Video: demo_video.mp4 - Frame 385
2026-02-07 04:00:58,242553,PHÁT HIỆN VI PHẠM,Xe máy - 2-42553 - Vi phạm: Đè vạch dừng,Video: demo_video.mp4 - Frame 390
2026-02-07 04:01:03,59T21630,PHÁT HIỆN VI PHẠM,Xe máy - 59T-21630 - Vi phạm: Đè vạch dừng,Video: demo_video.mp4 - Frame 440
2026-02-07 04:01:03,59321650,PHÁT HIỆN VI PHẠM,Xe máy - 593-21650 - Vi phạm: Đè vạch dừng,Video: demo_video.mp4 - Frame 445
2026-02-07 04:01:06,39T321650,PHÁT HIỆN VI PHẠM,Xe máy - 39T3-21650 - Vi phạm: Đè vạch dừng,Video: demo_video.mp4 - Frame 465
2026-02-07 04:01:07,39V321650,PHÁT HIỆN VI PHẠM,Xe máy - 39V3-21650 - Vi phạm: Đè vạch dừng,Video: demo_video.mp4 - Frame 475
2026-02-07 04:01:10,59321630,PHÁT HIỆN VI PHẠM,Xe máy - 593-21630 - Vi phạm: Đè vạch dừng,Video: demo_video.mp4 - Frame 490
2026-02-07 04:01:11,Y960218E0,PHÁT HIỆN VI PHẠM,Xe máy - Y960-218E0 - Vi phạm: Đè vạch dừng,Video: demo_video.mp4 - Frame 500
2026-02-07 04:01:12,59321760,PHÁT HIỆN VI PHẠM,Xe máy - 593-21760 - Vi phạm: Đè vạch dừng,Video: demo_video.mp4 - Frame 505
2026-02-07 04:01:12,597B05868,PHÁT HIỆN VI PHẠM VIDEO,Xe máy - 597B-05868,"Video: demo_video.mp4, Frame: 5, Độ rõ: Rõ"
2026-02-07 04:01:12,1X1408503,PHÁT HIỆN VI PHẠM VIDEO,Xe máy - 1X14-08503 - Vi phạm: Đè vạch dừng,"Video: demo_video.mp4, Frame: 5, Độ rõ: Rõ"
2026-02-07 04:01:12,47A61773,PHÁT HIỆN VI PHẠM VIDEO,Xe máy - 47A-61773,"Video: demo_video.mp4, Frame: 5, Độ rõ: Rõ"
2026-02-07 04:01:12,910861,PHÁT HIỆN VI PHẠM VIDEO,Xe máy - 9-10861,"Video: demo_video.mp4, Frame: 5, Độ rõ: Rõ"
2026-02-07 04:01:12,81108503,PHÁT HIỆN VI PHẠM VIDEO,Xe máy - 811-08503 - Vi phạm: Đè vạch dừng,"Video: demo_video.mp4, Frame: 10, Độ rõ: Rõ"
2026-02-07 04:01:12,59B05868,PHÁT HIỆN VI PHẠM VIDEO,Xe máy - 59B-05868,"Video: demo_video.mp4, Frame: 15, Độ rõ: Rõ"
2026-02-07 04:01:12,59B0568,PHÁT HIỆN VI PHẠM VIDEO,Xe máy - 59B-0568,"Video: demo_video.mp4, Frame: 20, Độ rõ: Rõ"
2026-02-07 04:01:12,97B06868,PHÁT HIỆN VI PHẠM VIDEO,Xe máy - 97B-06868,"Video: demo_video.mp4, Frame: 25, Độ rõ: Rõ"
2026-02-07 04:01:12,51861,PHÁT HIỆN VI PHẠM VIDEO,Xe máy - 5-1861,"Video: demo_video.mp4, Frame: 25, Độ rõ: Rõ"
2026-02-07 04:01:12,597B06868,PHÁT HIỆN VI PHẠM VIDEO,Xe máy - 597B-06868,"Video: demo_video.mp4, Frame: 30, Độ rõ: Rõ"
2026-02-07 04:01:12,59706868,PHÁT HIỆN VI PHẠM VIDEO,Xe máy - 597-06868 - Vi phạm: Đè vạch dừng,"Video: demo_video.mp4, Frame: 35, Độ rõ: Rõ"
2026-02-07 04:01:12,97B0688,PHÁT HIỆN VI PHẠM VIDEO,Xe máy - 97B-0688 - Vi phạm: Đè vạch dừng,"Video: demo_video.mp4, Frame: 40, Độ rõ: Rõ"
2026-02-07 04:01:12,59B06868,PHÁT HIỆN VI PHẠM VIDEO,Xe máy - 59B-06868,"Video: demo_video.mp4, Frame: 45, Độ rõ: Rõ"
2026-02-07 04:01:12,70A26872,PHÁT HIỆN VI PHẠM VIDEO,Xe máy - 70A-26872,"Video: demo_video.mp4, Frame: 45, Độ rõ: Rõ"
2026-02-07 04:01:12,59410861,PHÁT HIỆN VI PHẠM VIDEO,Xe máy - 594-10861 (Mờ),"Video: demo_video.mp4, Frame: 45, Độ rõ: Mờ"
2026-02-07 04:01:12,91B58,PHÁT HIỆN VI PHẠM VIDEO,Xe máy - 91B-58 - Vi phạm: Đè vạch dừng,"Video: demo_video.mp4, Frame: 50, Độ rõ: Rõ"
2026-02-07 04:01:12,7D126872,PHÁT HIỆN VI PHẠM VIDEO,Xe máy - 7D1-26872,"Video: demo_video.mp4, Frame: 50, Độ rõ: Rõ"
2026-02-07 04:01:12,8,PHÁT HIỆN VI PHẠM VIDEO,Xe máy - -8 - Vi phạm: Đè vạch dừng,"Video: demo_video.mp4, Frame: 50, Độ rõ: Rõ"
2026-02-07 04:01:12,991081,PHÁT HIỆN VI PHẠM VIDEO,Xe máy - 99-1081,"Video: demo_video.mp4, Frame: 55, Độ rõ: Rõ"
2026-02-07 04:01:12,7DA26872,PHÁT HIỆN VI PHẠM VIDEO,Xe máy - 7DA-26872,"Video: demo_video.mp4, Frame: 55, Độ rõ: Rõ"
2026-02-07 04:01:12,X910861,PHÁT HIỆN VI PHẠM VIDEO,Xe máy - X9-10861,"Video: demo_video.mp4, Frame: 60, Độ rõ: Rõ"
2026-02-07 04:01:12,5910558,PHÁT HIỆN VI PHẠM VIDEO,Xe máy - 591-0558,"Video: demo_video.mp4, Frame: 65, Độ rõ: Rõ"
2026-02-07 04:01:12,5910861,PHÁT HIỆN VI PHẠM VIDEO,Xe máy - 59-10861,"Video: demo_video.mp4, Frame: 70, Độ rõ: Rõ"
2026-02-07 04:01:12,91110861,PHÁT HIỆN VI PHẠM VIDEO,Xe máy - 911-10861,"Video: demo_video.mp4, Frame: 75, Độ rõ: Rõ"
2026-02-07 04:01:12,59110861,PHÁT HIỆN VI PHẠM VIDEO,Xe máy - 591-10861,"Video: demo_video.mp4, Frame: 105, Độ rõ: Rõ"
2026-02-07 04:01:12,972,PHÁT HIỆN VI PHẠM VIDEO,Xe máy - 9-72 (Mờ),"Video: demo_video.mp4, Frame: 120, Độ rõ: Mờ"
2026-02-07 04:01:12,59R12,PHÁT HIỆN VI PHẠM VIDEO,Xe máy - 59R-12 (Mờ),"Video: demo_video.mp4, Frame: 125, Độ rõ: Mờ"
2026-02-07 04:01:12,F9824,PHÁT HIỆN VI PHẠM VIDEO,Xe máy - F9-824 (Mờ),"Video: demo_video.mp4, Frame: 130, Độ rõ: Mờ"
2026-02-07 04:01:12,9R1212,PHÁT HIỆN VI PHẠM VIDEO,Xe máy - 9R-1212 (Mờ),"Video: demo_video.mp4, Frame: 135, Độ rõ: Mờ"
2026-02-07 04:01:12,61H159850,PHÁT HIỆN VI PHẠM VIDEO,Xe máy - 61H1-59850 - Vi phạm: Đè vạch dừng,"Video: demo_video.mp4, Frame: 135, Độ rõ: Rõ"
2026-02-07 04:01:12,5R78214,PHÁT HIỆN VI PHẠM VIDEO,Xe máy - 5R-78214,"Video: demo_video.mp4, Frame: 140, Độ rõ: Rõ"
2026-02-07 04:01:12,59Y1161,PHÁT HIỆN VI PHẠM VIDEO,Xe máy - 59Y1-161,"Video: demo_video.mp4, Frame: 140, Độ rõ: Rõ"
2026-02-07 04:01:12,59R7821,PHÁT HIỆN VI PHẠM VIDEO,Xe máy - 59R-7821,"Video: demo_video.mp4, Frame: 145, Độ rõ: Rõ"
2026-02-07 04:01:12,59214,PHÁT HIỆN VI PHẠM VIDEO,Xe máy - 59-214 - Vi phạm: Đè vạch dừng,"Video: demo_video.mp4, Frame: 150, Độ rõ: Rõ"
2026-02-07 04:01:12,6918214,PHÁT HIỆN VI PHẠM VIDEO,Xe máy - 69-18214 - Vi phạm: Đè vạch dừng,"Video: demo_video.mp4, Frame: 155, Độ rõ: Rõ"
2026-02-07 04:01:12,61R159850,PHÁT HIỆN VI PHẠM VIDEO,Xe máy - 61R1-59850 - Vi phạm: Đè vạch dừng,"Video: demo_video.mp4, Frame: 155, Độ rõ: Rõ"
2026-02-07 04:01:12,59R18214,PHÁT HIỆN VI PHẠM VIDEO,Xe máy - 59R-18214 - Vi phạm: Đè vạch dừng,"Video: demo_video.mp4, Frame: 160, Độ rõ: Rõ"
2026-02-07 04:01:12,59RA18214,PHÁT HIỆN VI PHẠM VIDEO,Xe máy - 59RA-18214 - Vi phạm: Đè vạch dừng,"Video: demo_video.mp4, Frame: 165, Độ rõ: Rõ"
2026-02-07 04:01:13,69RA18214,PHÁT HIỆN VI PHẠM VIDEO,Xe máy - 69RA-18214 - Vi phạm: Đè vạch dừng,"Video: demo_video.mp4, Frame: 170, Độ rõ: Rõ"
2026-02-07 04:01:13,5R18214,PHÁT HIỆN VI PHẠM VIDEO,Xe máy - 5R-18214 - Vi phạm: Đè vạch dừng,"Video: demo_video.mp4, Frame: 180, Độ rõ: Rõ"
2026-02-07 04:01:13,R59850,PHÁT HIỆN VI PHẠM VIDEO,Xe máy - R-59850 - Vi phạm: Đè vạch dừng,"Video: demo_video.mp4, Frame: 180, Độ rõ: Rõ"
2026-02-07 04:01:13,69R1821,PHÁT HIỆN VI PHẠM VIDEO,Xe máy - 69R-1821 - Vi phạm: Đè vạch dừng,"Video: demo_video.mp4, Frame: 185, Độ rõ: Rõ"
2026-02-07 04:01:13,1Z15980,PHÁT HIỆN VI PHẠM VIDEO,Xe máy - 1Z1-5980 - Vi phạm: Đè vạch dừng,"Video: demo_video.mp4, Frame: 185, Độ rõ: Rõ"
2026-02-07 04:01:13,59R121,PHÁT HIỆN VI PHẠM VIDEO,Xe máy - 59R-121 - Vi phạm: Đè vạch dừng,"Video: demo_video.mp4, Frame: 190, Độ rõ: Rõ"
2026-02-07 04:01:13,59A18214,PHÁT HIỆN VI PHẠM VIDEO,Xe máy - 59A-18214 - Vi phạm: Đè vạch dừng,"Video: demo_video.mp4, Frame: 195, Độ rõ: Rõ"
2026-02-07 04:01:13,59R1821,PHÁT HIỆN VI PHẠM VIDEO,Xe máy - 59R-1821 - Vi phạm: Đè vạch dừng,"Video: demo_video.mp4, Frame: 200, Độ rõ: Rõ"
2026-02-07 04:01:13,5917214,PHÁT HIỆN VI PHẠM VIDEO,Xe máy - 59-17214 - Vi phạm: Đè vạch dừng,"Video: demo_video.mp4, Frame: 205, Độ rõ: Rõ"
2026-02-07 04:01:13,59R8214,PHÁT HIỆN VI PHẠM VIDEO,Xe máy - 59R-8214 - Vi phạm: Đè vạch dừng,"Video: demo_video.mp4, Frame: 210, Độ rõ: Rõ"
2026-02-07 04:01:13,8120,PHÁT HIỆN VI PHẠM VIDEO,Xe máy - 81-20,"Video: demo_video.mp4, Frame: 215, Độ rõ: Rõ"
2026-02-07 04:01:13,5982,PHÁT HIỆN VI PHẠM VIDEO,Xe máy - 59-82 - Vi phạm: Đè vạch dừng,"Video: demo_video.mp4, Frame: 215, Độ rõ: Rõ"
2026-02-07 04:01:13,5005,PHÁT HIỆN VI PHẠM VIDEO,Xe máy - 500-5 - Vi phạm: Đè vạch dừng,"Video: demo_video.mp4, Frame: 220, Độ rõ: Rõ"
2026-02-07 04:01:13,Z8721,PHÁT HIỆN VI PHẠM VIDEO,Xe máy - Z-8721 (Mờ),"Video: demo_video.mp4, Frame: 230, Độ rõ: Mờ"
2026-02-07 04:01:13,814,PHÁT HIỆN VI PHẠM VIDEO,Xe máy - 8-14 - Vi phạm: Đè vạch dừng,"Video: demo_video.mp4, Frame: 235, Độ rõ: Rõ"
2026-02-07 04:01:13,5,PHÁT HIỆN VI PHẠM VIDEO,Xe máy - -5,"Video: demo_video.mp4, Frame: 245, Độ rõ: Rõ"
2026-02-07 04:01:13,70A26822,PHÁT HIỆN VI PHẠM VIDEO,Xe máy - 70A-26822,"Video: demo_video.mp4, Frame: 260, Độ rõ: Rõ"
2026-02-07 04:01:13,591079,PHÁT HIỆN VI PHẠM VIDEO,Xe máy - 591-079,"Video: demo_video.mp4, Frame: 260, Độ rõ: Rõ"
2026-02-07 04:01:13,5R9Y778079,PHÁT HIỆN VI PHẠM VIDEO,Xe máy - 5R9Y7-78079,"Video: demo_video.mp4, Frame: 265, Độ rõ: Rõ"
2026-02-07 04:01:13,59807,PHÁT HIỆN VI PHẠM VIDEO,Xe máy - 59-807 - Vi phạm: Đè vạch dừng,"Video: demo_video.mp4, Frame: 285, Độ rõ: Rõ"
2026-02-07 04:01:13,59178D079,PHÁT HIỆN VI PHẠM VIDEO,Xe máy - 591-78D079 - Vi phạm: Đè vạch dừng,"Video: demo_video.mp4, Frame: 290, Độ rõ: Rõ"
2026-02-07 04:01:13,519178079,PHÁT HIỆN VI PHẠM VIDEO,Xe máy - 5191-78079 - Vi phạm: Đè vạch dừng,"Video: demo_video.mp4, Frame: 295, Độ rõ: Rõ"
2026-02-07 04:01:13,59P1178079,PHÁT HIỆN VI PHẠM VIDEO,Xe máy - 59P11-78079 - Vi phạm: Đè vạch dừng,"Video: demo_video.mp4, Frame: 300, Độ rõ: Rõ"
2026-02-07 04:01:13,591178079,PHÁT HIỆN VI PHẠM VIDEO,Xe máy - 5911-78079 - Vi phạm: Đè vạch dừng,"Video: demo_video.mp4, Frame: 305, Độ rõ: Rõ"
2026-02-07 04:01:13,59178079,PHÁT HIỆN VI PHẠM VIDEO,Xe máy - 591-78079 - Vi phạm: Đè vạch dừng,"Video: demo_video.mp4, Frame: 330, Độ rõ: Rõ"
2026-02-07 04:01:13,178B2,PHÁT HIỆN VI PHẠM VIDEO,Xe máy - 1-78B2 - Vi phạm: Đè vạch dừng,"Video: demo_video.mp4, Frame: 340, Độ rõ: Rõ"
2026-02-07 04:01:13,757,PHÁT HIỆN VI PHẠM VIDEO,Xe máy - 7-57,"Video: demo_video.mp4, Frame: 340, Độ rõ: Rõ"
2026-02-07 04:01:13,525E,PHÁT HIỆN VI PHẠM VIDEO,Xe máy - 52-5E,"Video: demo_video.mp4, Frame: 345, Độ rõ: Rõ"
2026-02-07 04:01:13,59R2553,PHÁT HIỆN VI PHẠM VIDEO,Xe máy - 59R2-553,"Video: demo_video.mp4, Frame: 350, Độ rõ: Rõ"
2026-02-07 04:01:13,59RR27553,PHÁT HIỆN VI PHẠM VIDEO,Xe máy - 59RR2-7553,"Video: demo_video.mp4, Frame: 355, Độ rõ: Rõ"
2026-02-07 04:01:13,59253,PHÁT HIỆN VI PHẠM VIDEO,Xe máy - 592-53,"Video: demo_video.mp4, Frame: 360, Độ rõ: Rõ"
2026-02-07 04:01:13,5TR273,PHÁT HIỆN VI PHẠM VIDEO,Xe máy - 5TR2-73,"Video: demo_video.mp4, Frame: 365, Độ rõ: Rõ"
2026-02-07 04:01:13,9124253,PHÁT HIỆN VI PHẠM VIDEO,Xe máy - 912-4253,"Video: demo_video.mp4, Frame: 370, Độ rõ: Rõ"
2026-02-07 04:01:13,52425,PHÁT HIỆN VI PHẠM VIDEO,Xe máy - 52-425 - Vi phạm: Đè vạch dừng,"Video: demo_video.mp4, Frame: 375, Độ rõ: Rõ"
2026-02-07 04:01:13,524253,PHÁT HIỆN VI PHẠM VIDEO,Xe máy - 52-4253 - Vi phạm: Đè vạch dừng,"Video: demo_video.mp4, Frame: 380, Độ rõ: Rõ"
2026-02-07 04:01:13,3242353,PHÁT HIỆN VI PHẠM VIDEO,Xe máy - 32-42353 - Vi phạm: Đè vạch dừng,"Video: demo_video.mp4, Frame: 385, Độ rõ: Rõ"
2026-02-07 04:01:13,242553,PHÁT HIỆN VI PHẠM VIDEO,Xe máy - 2-42553 - Vi phạm: Đè vạch dừng,"Video: demo_video.mp4, Frame: 390, Độ rõ: Rõ"
2026-02-07 04:01:13,527T31650,PHÁT HIỆN VI PHẠM VIDEO,Xe máy - 527T3-1650,"Video: demo_video.mp4, Frame: 415, Độ rõ: Rõ"
2026-02-07 04:01:13,59T321650,PHÁT HIỆN VI PHẠM VIDEO,Xe máy - 59T3-21650,"Video: demo_video.mp4, Frame: 420, Độ rõ: Rõ"
2026-02-07 04:01:13,592T321650,PHÁT HIỆN VI PHẠM VIDEO,Xe máy - 592T3-21650,"Video: demo_video.mp4, Frame: 425, Độ rõ: Rõ"
2026-02-07 04:01:13,59T21630,PHÁT HIỆN VI PHẠM VIDEO,Xe máy - 59T-21630 - Vi phạm: Đè vạch dừng,"Video: demo_video.mp4, Frame: 440, Độ rõ: Rõ"
2026-02-07 04:01:13,59321650,PHÁT HIỆN VI PHẠM VIDEO,Xe máy - 593-21650 - Vi phạm: Đè vạch dừng,"Video: demo_video.mp4, Frame: 445, Độ rõ: Rõ"
2026-02-07 04:01:13,5D106,PHÁT HIỆN VI PHẠM VIDEO,Xe máy - 5D-106,"Video: demo_video.mp4, Frame: 465, Độ rõ: Rõ"
2026-02-07 04:01:13,39T321650,PHÁT HIỆN VI PHẠM VIDEO,Xe máy - 39T3-21650 - Vi phạm: Đè vạch dừng,"Video: demo_video.mp4, Frame: 465, Độ rõ: Rõ"
2026-02-07 04:01:13,50E106E,PHÁT HIỆN VI PHẠM VIDEO,Xe máy - 50E-106E,"Video: demo_video.mp4, Frame: 470, Độ rõ: Rõ"
2026-02-07 04:01:13,59T3260,PHÁT HIỆN VI PHẠM VIDEO,Xe máy - 59T3-260,"Video: demo_video.mp4, Frame: 470, Độ rõ: Rõ"
2026-02-07 04:01:13,5DE10630,PHÁT HIỆN VI PHẠM VIDEO,Xe máy - 5DE-10630,"Video: demo_video.mp4, Frame: 475, Độ rõ: Rõ"
2026-02-07 04:01:13,39V321650,PHÁT HIỆN VI PHẠM VIDEO,Xe máy - 39V3-21650 - Vi phạm: Đè vạch dừng,"Video: demo_video.mp4, Frame: 475, Độ rõ: Rõ"
2026-02-07 04:01:13,5E10630,PHÁT HIỆN VI PHẠM VIDEO,Xe máy - 5E-10630,"Video: demo_video.mp4, Frame: 485, Độ rõ: Rõ"
2026-02-07 04:01:13,50E10630,PHÁT HIỆN VI PHẠM VIDEO,Xe máy - 50E-10630,"Video: demo_video.mp4, Frame: 490, Độ rõ: Rõ"
2026-02-07 04:01:13,59321630,PHÁT HIỆN VI PHẠM VIDEO,Xe máy - 593-21630 - Vi phạm: Đè vạch dừng,"Video: demo_video.mp4, Frame: 490, Độ rõ: Rõ"
2026-02-07 04:01:13,6DE10623D,PHÁT HIỆN VI PHẠM VIDEO,Xe máy - 6DE-10623D,"Video: demo_video.mp4, Frame: 500, Độ rõ: Rõ"
2026-02-07 04:01:13,47A81773,PHÁT HIỆN VI PHẠM VIDEO,Xe máy - 47A-81773,"Video: demo_video.mp4, Frame: 500, Độ rõ: Rõ"
2026-02-07 04:01:13,Y960218E0,PHÁT HIỆN VI PHẠM VIDEO,Xe máy - Y960-218E0 - Vi phạm: Đè vạch dừng,"Video: demo_video.mp4, Frame: 500, Độ rõ: Rõ"
2026-02-07 04:01:13,5010630,PHÁT HIỆN VI PHẠM VIDEO,Xe máy - 50-10630,"Video: demo_video.mp4, Frame: 505, Độ rõ: Rõ"
2026-02-07 04:01:13,59321760,PHÁT HIỆN VI PHẠM VIDEO,Xe máy - 593-21760 - Vi phạm: Đè vạch dừng,"Video: demo_video.mp4, Frame: 505, Độ rõ: Rõ"
2026-02-07 04:01:19,1X1408503,PHÁT HIỆN VI PHẠM,Xe máy - 1X14-08503 - Vi phạm: Đè vạch dừng,Video: demo_video.mp4 - Frame 5
2026-02-07 04:01:20,81108503,PHÁT HIỆN VI PHẠM,Xe máy - 811-08503 - Vi phạm: Đè vạch dừng,Video: demo_video.mp4 - Frame 10
2026-02-07 04:01:23,59706868,PHÁT HIỆN VI PHẠM,Xe máy - 597-06868 - Vi phạm: Đè vạch dừng,Video: demo_video.mp4 - Frame 35
2026-02-07 04:01:23,97B0688,PHÁT HIỆN VI PHẠM,Xe máy - 97B-0688 - Vi phạm: Đè vạch dừng,Video: demo_video.mp4 - Frame 40
2026-02-07 04:01:25,91B58,PHÁT HIỆN VI PHẠM,Xe máy - 91B-58 - Vi phạm: Đè vạch dừng,Video: demo_video.mp4 - Frame 50
2026-02-07 04:01:25,8,PHÁT HIỆN VI PHẠM,Xe máy - -8 - Vi phạm: Đè vạch dừng,Video: demo_video.mp4 - Frame 50
2026-02-07 04:01:34,61H159850,PHÁT HIỆN VI PHẠM,Xe máy - 61H1-59850 - Vi phạm: Đè vạch dừng,Video: demo_video.mp4 - Frame 135
2026-02-07 04:01:36,59214,PHÁT HIỆN VI PHẠM,Xe máy - 59-214 - Vi phạm: Đè vạch dừng,Video: demo_video.mp4 - Frame 150
2026-02-07 04:01:36,6918214,PHÁT HIỆN VI PHẠM,Xe máy - 69-18214 - Vi phạm: Đè vạch dừng,Video: demo_video.mp4 - Frame 155
2026-02-07 04:01:37,61R159850,PHÁT HIỆN VI PHẠM,Xe máy - 61R1-59850 - Vi phạm: Đè vạch dừng,Video: demo_video.mp4 - Frame 155
2026-02-07 04:01:37,59R18214,PHÁT HIỆN VI PHẠM,Xe máy - 59R-18214 - Vi phạm: Đè vạch dừng,Video: demo_video.mp4 - Frame 160
2026-02-07 04:01:38,59RA18214,PHÁT HIỆN VI PHẠM,Xe máy - 59RA-18214 - Vi phạm: Đè vạch dừng,Video: demo_video.mp4 - Frame 165
2026-02-07 04:01:39,69RA18214,PHÁT HIỆN VI PHẠM,Xe máy - 69RA-18214 - Vi phạm: Đè vạch dừng,Video: demo_video.mp4 - Frame 170
2026-02-07 04:01:40,5R18214,PHÁT HIỆN VI PHẠM,Xe máy - 5R-18214 - Vi phạm: Đè vạch dừng,Video: demo_video.mp4 - Frame 180
2026-02-07 04:01:40,R59850,PHÁT HIỆN VI PHẠM,Xe máy - R-59850 - Vi phạm: Đè vạch dừng,Video: demo_video.mp4 - Frame 180
2026-02-07 04:01:41,69R1821,PHÁT HIỆN VI PHẠM,Xe máy - 69R-1821 - Vi phạm: Đè vạch dừng,Video: demo_video.mp4 - Frame 185
2026-02-07 04:01:41,1Z15980,PHÁT HIỆN VI PHẠM,Xe máy - 1Z1-5980 - Vi phạm: Đè vạch dừng,Video: demo_video.mp4 - Frame 185
2026-02-07 04:01:41,59R121,PHÁT HIỆN VI PHẠM,Xe máy - 59R-121 - Vi phạm: Đè vạch dừng,Video: demo_video.mp4 - Frame 190
2026-02-07 04:01:42,59A18214,PHÁT HIỆN VI PHẠM,Xe máy - 59A-18214 - Vi phạm: Đè vạch dừng,Video: demo_video.mp4 - Frame 195
2026-02-07 04:01:43,59R1821,PHÁT HIỆN VI PHẠM,Xe máy - 59R-1821 - Vi phạm: Đè vạch dừng,Video: demo_video.mp4 - Frame 200
2026-02-07 04:01:43,5917214,PHÁT HIỆN VI PHẠM,Xe máy - 59-17214 - Vi phạm: Đè vạch dừng,Video: demo_video.mp4 - Frame 205
2026-02-07 04:01:44,59R8214,PHÁT HIỆN VI PHẠM,Xe máy - 59R-8214 - Vi phạm: Đè vạch dừng,Video: demo_video.mp4 - Frame 210
2026-02-07 04:01:44,5982,PHÁT HIỆN VI PHẠM,Xe máy - 59-82 - Vi phạm: Đè vạch dừng,Video: demo_video.mp4 - Frame 215
2026-02-07 04:01:45,5005,PHÁT HIỆN VI PHẠM,Xe máy - 500-5 - Vi phạm: Đè vạch dừng,Video: demo_video.mp4 - Frame 220
2026-02-07 04:01:46,Z8721,PHÁT HIỆN VI PHẠM,Xe máy - Z-8721 (Mờ),Video: demo_video.mp4 - Frame 230
2026-02-07 04:01:46,814,PHÁT HIỆN VI PHẠM,Xe máy - 8-14 - Vi phạm: Đè vạch dừng,Video: demo_video.mp4 - Frame 235
2026-02-07 04:01:51,59807,PHÁT HIỆN VI PHẠM,Xe máy - 59-807 - Vi phạm: Đè vạch dừng,Video: demo_video.mp4 - Frame 285
2026-02-07 04:01:52,59178D079,PHÁT HIỆN VI PHẠM,Xe máy - 591-78D079 - Vi phạm: Đè vạch dừng,Video: demo_video.mp4 - Frame 290
2026-02-07 04:01:52,519178079,PHÁT HIỆN VI PHẠM,Xe máy - 5191-78079 - Vi phạm: Đè vạch dừng,Video: demo_video.mp4 - Frame 295
2026-02-07 04:01:53,59P1178079,PHÁT HIỆN VI PHẠM,Xe máy - 59P11-78079 - Vi phạm: Đè vạch dừng,Video: demo_video.mp4 - Frame 300
2026-02-07 04:01:53,591178079,PHÁT HIỆN VI PHẠM,Xe máy - 5911-78079 - Vi phạm: Đè vạch dừng,Video: demo_video.mp4 - Frame 305
2026-02-07 04:01:56,59178079,PHÁT HIỆN VI PHẠM,Xe máy - 591-78079 - Vi phạm: Đè vạch dừng,Video: demo_video.mp4 - Frame 330
2026-02-07 04:01:57,178B2,PHÁT HIỆN VI PHẠM,Xe máy - 1-78B2 - Vi phạm: Đè vạch dừng,Video: demo_video.mp4 - Frame 340
2026-02-07 04:02:01,52425,PHÁT HIỆN VI PHẠM,Xe máy - 52-425 - Vi phạm: Đè vạch dừng,Video: demo_video.mp4 - Frame 375
2026-02-07 04:02:02,524253,PHÁT HIỆN VI PHẠM,Xe máy - 52-4253 - Vi phạm: Đè vạch dừng,Video: demo_video.mp4 - Frame 380
2026-02-07 04:02:02,3242353,PHÁT HIỆN VI PHẠM,Xe máy - 32-42353 - Vi phạm: Đè vạch dừng,Video: demo_video.mp4 - Frame 385
2026-02-07 04:02:03,242553,PHÁT HIỆN VI PHẠM,Xe máy - 2-42553 - Vi phạm: Đè vạch dừng,Video: demo_video.mp4 - Frame 390
2026-02-07 04:02:07,59T21630,PHÁT HIỆN VI PHẠM,Xe máy - 59T-21630 - Vi phạm: Đè vạch dừng,Video: demo_video.mp4 - Frame 440
2026-02-07 04:02:08,59321650,PHÁT HIỆN VI PHẠM,Xe máy - 593-21650 - Vi phạm: Đè vạch dừng,Video: demo_video.mp4 - Frame 445
2026-02-07 04:02:11,39T321650,PHÁT HIỆN VI PHẠM,Xe máy - 39T3-21650 - Vi phạm: Đè vạch dừng,Video: demo_video.mp4 - Frame 465
2026-02-07 04:02:12,39V321650,PHÁT HIỆN VI PHẠM,Xe máy - 39V3-21650 - Vi phạm: Đè vạch dừng,Video: demo_video.mp4 - Frame 475
2026-02-07 04:02:14,59321630,PHÁT HIỆN VI PHẠM,Xe máy - 593-21630 - Vi phạm: Đè vạch dừng,Video: demo_video.mp4 - Frame 490
2026-02-07 04:02:15,Y960218E0,PHÁT HIỆN VI PHẠM,Xe máy - Y960-218E0 - Vi phạm: Đè vạch dừng,Video: demo_video.mp4 - Frame 500
2026-02-07 04:02:16,59321760,PHÁT HIỆN VI PHẠM,Xe máy - 593-21760 - Vi phạm: Đè vạch dừng,Video: demo_video.mp4 - Frame 505
2026-02-07 04:02:16,597B05868,PHÁT HIỆN VI PHẠM VIDEO,Xe máy - 597B-05868,"Video: demo_video.mp4, Frame: 5, Độ rõ: Rõ"
2026-02-07 04:02:16,1X1408503,PHÁT HIỆN VI PHẠM VIDEO,Xe máy - 1X14-08503 - Vi phạm: Đè vạch dừng,"Video: demo_video.mp4, Frame: 5, Độ rõ: Rõ"
2026-02-07 04:02:16,47A61773,PHÁT HIỆN VI PHẠM VIDEO,Xe máy - 47A-61773,"Video: demo_video.mp4, Frame: 5, Độ rõ: Rõ"
2026-02-07 04:02:16,910861,PHÁT HIỆN VI PHẠM VIDEO,Xe máy - 9-10861,"Video: demo_video.mp4, Frame: 5, Độ rõ: Rõ"
2026-02-07 04:02:16,81108503,PHÁT HIỆN VI PHẠM VIDEO,Xe máy - 811-08503 - Vi phạm: Đè vạch dừng,"Video: demo_video.mp4, Frame: 10, Độ rõ: Rõ"
2026-02-07 04:02:16,59B05868,PHÁT HIỆN VI PHẠM VIDEO,Xe máy - 59B-05868,"Video: demo_video.mp4, Frame: 15, Độ rõ: Rõ"
2026-02-07 04:02:16,59B0568,PHÁT HIỆN VI PHẠM VIDEO,Xe máy - 59B-0568,"Video: demo_video.mp4, Frame: 20, Độ rõ: Rõ"
2026-02-07 04:02:16,97B06868,PHÁT HIỆN VI PHẠM VIDEO,Xe máy - 97B-06868,"Video: demo_video.mp4, Frame: 25, Độ rõ: Rõ"
2026-02-07 04:02:16,51861,PHÁT HIỆN VI PHẠM VIDEO,Xe máy - 5-1861,"Video: demo_video.mp4, Frame: 25, Độ rõ: Rõ"
2026-02-07 04:02:16,597B06868,PHÁT HIỆN VI PHẠM VIDEO,Xe máy - 597B-06868,"Video: demo_video.mp4, Frame: 30, Độ rõ: Rõ"
2026-02-07 04:02:16,59706868,PHÁT HIỆN VI PHẠM VIDEO,Xe máy - 597-06868 - Vi phạm: Đè vạch dừng,"Video: demo_video.mp4, Frame: 35, Độ rõ: Rõ"
2026-02-07 04:02:16,97B0688,PHÁT HIỆN VI PHẠM VIDEO,Xe máy - 97B-0688 - Vi phạm: Đè vạch dừng,"Video: demo_video.mp4, Frame: 40, Độ rõ: Rõ"
2026-02-07 04:02:16,59B06868,PHÁT HIỆN VI PHẠM VIDEO,Xe máy - 59B-06868,"Video: demo_video.mp4, Frame: 45, Độ rõ: Rõ"
2026-02-07 04:02:16,70A26872,PHÁT HIỆN VI PHẠM VIDEO,Xe máy - 70A-26872,"Video: demo_video.mp4, Frame: 45, Độ rõ: Rõ"
2026-02-07 04:02:16,59410861,PHÁT HIỆN VI PHẠM VIDEO,Xe máy - 594-10861 (Mờ),"Video: demo_video.mp4, Frame: 45, Độ rõ: Mờ"
2026-02-07 04:02:16,91B58,PHÁT HIỆN VI PHẠM VIDEO,Xe máy - 91B-58 - Vi phạm: Đè vạch dừng,"Video: demo_video.mp4, Frame: 50, Độ rõ: Rõ"
2026-02-07 04:02:16,7D126872,PHÁT HIỆN VI PHẠM VIDEO,Xe máy - 7D1-26872,"Video: demo_video.mp4, Frame: 50, Độ rõ: Rõ"
2026-02-07 04:02:16,8,PHÁT HIỆN VI PHẠM VIDEO,Xe máy - -8 - Vi phạm: Đè vạch dừng,"Video: demo_video.mp4, Frame: 50, Độ rõ: Rõ"
2026-02-07 04:02:16,991081,PHÁT HIỆN VI PHẠM VIDEO,Xe máy - 99-1081,"Video: demo_video.mp4, Frame: 55, Độ rõ: Rõ"
2026-02-07 04:02:16,7DA26872,PHÁT HIỆN VI PHẠM VIDEO,Xe máy - 7DA-26872,"Video: demo_video.mp4, Frame: 55, Độ rõ: Rõ"
2026-02-07 04:02:16,X910861,PHÁT HIỆN VI PHẠM VIDEO,Xe máy - X9-10861,"Video: demo_video.mp4, Frame: 60, Độ rõ: Rõ"
2026-02-07 04:02:16,5910558,PHÁT HIỆN VI PHẠM VIDEO,Xe máy - 591-0558,"Video: demo_video.mp4, Frame: 65, Độ rõ: Rõ"
2026-02-07 04:02:16,5910861,PHÁT HIỆN VI PHẠM VIDEO,Xe máy - 59-10861,"Video: demo_video.mp4, Frame: 70, Độ rõ: Rõ"
2026-02-07 04:02:16,91110861,PHÁT HIỆN VI PHẠM VIDEO,Xe máy - 911-10861,"Video: demo_video.mp4, Frame: 75, Độ rõ: Rõ"
2026-02-07 04:02:16,59110861,PHÁT HIỆN VI PHẠM VIDEO,Xe máy - 591-10861,"Video: demo_video.mp4, Frame: 105, Độ rõ: Rõ"
2026-02-07 04:02:16,972,PHÁT HIỆN VI PHẠM VIDEO,Xe máy - 9-72 (Mờ),"Video: demo_video.mp4, Frame: 120, Độ rõ: Mờ"
2026-02-07 04:02:16,59R12,PHÁT HIỆN VI PHẠM VIDEO,Xe máy - 59R-12 (Mờ),"Video: demo_video.mp4, Frame: 125, Độ rõ: Mờ"
2026-02-07 04:02:16,F9824,PHÁT HIỆN VI PHẠM VIDEO,Xe máy - F9-824 (Mờ),"Video: demo_video.mp4, Frame: 130, Độ rõ: Mờ"
2026-02-07 04:02:16,9R1212,PHÁT HIỆN VI PHẠM VIDEO,Xe máy - 9R-1212 (Mờ),"Video: demo_video.mp4, Frame: 135, Độ rõ: Mờ"
2026-02-07 04:02:16,61H159850,PHÁT HIỆN VI PHẠM VIDEO,Xe máy - 61H1-59850 - Vi phạm: Đè vạch dừng,"Video: demo_video.mp4, Frame: 135, Độ rõ: Rõ"
2026-02-07 04:02:16,5R78214,PHÁT HIỆN VI PHẠM VIDEO,Xe máy - 5R-78214,"Video: demo_video.mp4, Frame: 140, Độ rõ: Rõ"
2026-02-07 04:02:16,59Y1161,PHÁT HIỆN VI PHẠM VIDEO,Xe máy - 59Y1-161,"Video: demo_video.mp4, Frame: 140, Độ rõ: Rõ"
2026-02-07 04:02:16,59R7821,PHÁT HIỆN VI PHẠM VIDEO,Xe máy - 59R-7821,"Video: demo_video.mp4, Frame: 145, Độ rõ: Rõ"
2026-02-07 04:02:16,59214,PHÁT HIỆN VI PHẠM VIDEO,Xe máy - 59-214 - Vi phạm: Đè vạch dừng,"Video: demo_video.mp4, Frame: 150, Độ rõ: Rõ"
2026-02-07 04:02:16,6918214,PHÁT HIỆN VI PHẠM VIDEO,Xe máy - 69-18214 - Vi phạm: Đè vạch dừng,"Video: demo_video.mp4, Frame: 155, Độ rõ: Rõ"
2026-02-07 04:02:16,61R159850,PHÁT HIỆN VI PHẠM VIDEO,Xe máy - 61R1-59850 - Vi phạm: Đè vạch dừng,"Video: demo_video.mp4, Frame: 155, Độ rõ: Rõ"
2026-02-07 04:02:16,59R18214,PHÁT HIỆN VI PHẠM VIDEO,Xe máy - 59R-18214 - Vi phạm: Đè vạch dừng,"Video: demo_video.mp4, Frame: 160, Độ rõ: Rõ"
2026-02-07 04:02:16,59RA18214,PHÁT HIỆN VI PHẠM VIDEO,Xe máy - 59RA-18214 - Vi phạm: Đè vạch dừng,"Video: demo_video.mp4, Frame: 165, Độ rõ: Rõ"
2026-02-07 04:02:16,69RA18214,PHÁT HIỆN VI PHẠM VIDEO,Xe máy - 69RA-18214 - Vi phạm: Đè vạch dừng,"Video: demo_video.mp4, Frame: 170, Độ rõ: Rõ"
2026-02-07 04:02:16,5R18214,PHÁT HIỆN VI PHẠM VIDEO,Xe máy - 5R-18214 - Vi phạm: Đè vạch dừng,"Video: demo_video.mp4, Frame: 180, Độ rõ: Rõ"
2026-02-07 04:02:16,R59850,PHÁT HIỆN VI PHẠM VIDEO,Xe máy - R-59850 - Vi phạm: Đè vạch dừng,"Video: demo_video.mp4, Frame: 180, Độ rõ: Rõ"
2026-02-07 04:02:16,69R1821,PHÁT HIỆN VI PHẠM VIDEO,Xe máy - 69R-1821 - Vi phạm: Đè vạch dừng,"Video: demo_video.mp4, Frame: 185, Độ rõ: Rõ"
2026-02-07 04:02:16,1Z15980,PHÁT HIỆN VI PHẠM VIDEO,Xe máy - 1Z1-5980 - Vi phạm: Đè vạch dừng,"Video: demo_video.mp4, Frame: 185, Độ rõ: Rõ"
2026-02-07 04:02:16,59R121,PHÁT HIỆN VI PHẠM VIDEO,Xe máy - 59R-121 - Vi phạm: Đè vạch dừng,"Video: demo_video.mp4, Frame: 190, Độ rõ: Rõ"
2026-02-07 04:02:16,59A18214,PHÁT HIỆN VI PHẠM VIDEO,Xe máy - 59A-18214 - Vi phạm: Đè vạch dừng,"Video: demo_video.mp4, Frame: 195, Độ rõ: Rõ"
2026-02-07 04:02:16,59R1821,PHÁT HIỆN VI PHẠM VIDEO,Xe máy - 59R-1821 - Vi phạm: Đè vạch dừng,"Video: demo_video.mp4, Frame: 200, Độ rõ: Rõ"
2026-02-07 04:02:16,5917214,PHÁT HIỆN VI PHẠM VIDEO,Xe máy - 59-17214 - Vi phạm: Đè vạch dừng,"Video: demo_video.mp4, Frame: 205, Độ rõ: Rõ"
2026-02-07 04:02:16,59R8214,PHÁT HIỆN VI PHẠM VIDEO,Xe máy - 59R-8214 - Vi phạm: Đè vạch dừng,"Video: demo_video.mp4, Frame: 210, Độ rõ: Rõ"
2026-02-07 04:02:16,8120,PHÁT HIỆN VI PHẠM VIDEO,Xe máy - 81-20,"Video: demo_video.mp4, Frame: 215, Độ rõ: Rõ"
2026-02-07 04:02:16,5982,PHÁT HIỆN VI PHẠM VIDEO,Xe máy - 59-82 - Vi phạm: Đè vạch dừng,"Video: demo_video.mp4, Frame: 215, Độ rõ: Rõ"
2026-02-07 04:02:16,5005,PHÁT HIỆN VI PHẠM VIDEO,Xe máy - 500-5 - Vi phạm: Đè vạch dừng,"Video: demo_video.mp4, Frame: 220, Độ rõ: Rõ"
2026-02-07 04:02:16,Z8721,PHÁT HIỆN VI PHẠM VIDEO,Xe máy - Z-8721 (Mờ),"Video: demo_video.mp4, Frame: 230, Độ rõ: Mờ"
2026-02-07 04:02:16,814,PHÁT HIỆN VI PHẠM VIDEO,Xe máy - 8-14 - Vi phạm: Đè vạch dừng,"Video: demo_video.mp4, Frame: 235, Độ rõ: Rõ"
2026-02-07 04:02:16,5,PHÁT HIỆN VI PHẠM VIDEO,Xe máy - -5,"Video: demo_video.mp4, Frame: 245, Độ rõ: Rõ"
2026-02-07 04:02:16,70A26822,PHÁT HIỆN VI PHẠM VIDEO,Xe máy - 70A-26822,"Video: demo_video.mp4, Frame: 260, Độ rõ: Rõ"
2026-02-07 04:02:16,591079,PHÁT HIỆN VI PHẠM VIDEO,Xe máy - 591-079,"Video: demo_video.mp4, Frame: 260, Độ rõ: Rõ"
2026-02-07 04:02:16,5R9Y778079,PHÁT HIỆN VI PHẠM VIDEO,Xe máy - 5R9Y7-78079,"Video: demo_video.mp4, Frame: 265, Độ rõ: Rõ"
2026-02-07 04:02:16,59807,PHÁT HIỆN VI PHẠM VIDEO,Xe máy - 59-807 - Vi phạm: Đè vạch dừng,"Video: demo_video.mp4, Frame: 285, Độ rõ: Rõ"
2026-02-07 04:02:16,59178D079,PHÁT HIỆN VI PHẠM VIDEO,Xe máy - 591-78D079 - Vi phạm: Đè vạch dừng,"Video: demo_video.mp4, Frame: 290, Độ rõ: Rõ"
2026-02-07 04:02:16,519178079,PHÁT HIỆN VI PHẠM VIDEO,Xe máy - 5191-78079 - Vi phạm: Đè vạch dừng,"Video: demo_video.mp4, Frame: 295, Độ rõ: Rõ"
2026-02-07 04:02:16,59P1178079,PHÁT HIỆN VI PHẠM VIDEO,Xe máy - 59P11-78079 - Vi phạm: Đè vạch dừng,"Video: demo_video.mp4, Frame: 300, Độ rõ: Rõ"
2026-02-07 04:02:16,591178079,PHÁT HIỆN VI PHẠM VIDEO,Xe máy - 5911-78079 - Vi phạm: Đè vạch dừng,"Video: demo_video.mp4, Frame: 305, Độ rõ: Rõ"
2026-02-07 04:02:16,59178079,PHÁT HIỆN VI PHẠM VIDEO,Xe máy - 591-78079 - Vi phạm: Đè vạch dừng,"Video: demo_video.mp4, Frame: 330, Độ rõ: Rõ"
2026-02-07 04:02:16,178B2,PHÁT HIỆN VI PHẠM VIDEO,Xe máy - 1-78B2 - Vi phạm: Đè vạch dừng,"Video: demo_video.mp4, Frame: 340, Độ rõ: Rõ"
2026-02-07 04:02:16,757,PHÁT HIỆN VI PHẠM VIDEO,Xe máy - 7-57,"Video: demo_video.mp4, Frame: 340, Độ rõ: Rõ"
2026-02-07 04:02:16,525E,PHÁT HIỆN VI PHẠM VIDEO,Xe máy - 52-5E,"Video: demo_video.mp4, Frame: 345, Độ rõ: Rõ"
2026-02-07 04:02:16,59R2553,PHÁT HIỆN VI PHẠM VIDEO,Xe máy - 59R2-553,"Video: demo_video.mp4, Frame: 350, Độ rõ: Rõ"
2026-02-07 04:02:16,59RR27553,PHÁT HIỆN VI PHẠM VIDEO,Xe máy - 59RR2-7553,"Video: demo_video.mp4, Frame: 355, Độ rõ: Rõ"
2026-02-07 04:02:16,59253,PHÁT HIỆN VI PHẠM VIDEO,Xe máy - 592-53,"Video: demo_video.mp4, Frame: 360, Độ rõ: Rõ"
2026-02-07 04:02:16,5TR273,PHÁT HIỆN VI PHẠM VIDEO,Xe máy - 5TR2-73,"Video: demo_video.mp4, Frame: 365, Độ rõ: Rõ"
2026-02-07 04:02:16,9124253,PHÁT HIỆN VI PHẠM VIDEO,Xe máy - 912-4253,"Video: demo_video.mp4, Frame: 370, Độ rõ: Rõ"
2026-02-07 04:02:16,52425,PHÁT HIỆN VI PHẠM VIDEO,Xe máy - 52-425 - Vi phạm: Đè vạch dừng,"Video: demo_video.mp4, Frame: 375, Độ rõ: Rõ"
2026-02-07 04:02:16,524253,PHÁT HIỆN VI PHẠM VIDEO,Xe máy - 52-4253 - Vi phạm: Đè vạch dừng,"Video: demo_video.mp4, Frame: 380, Độ rõ: Rõ"
2026-02-07 04:02:16,3242353,PHÁT HIỆN VI PHẠM VIDEO,Xe máy - 32-42353 - Vi phạm: Đè vạch dừng,"Video: demo_video.mp4, Frame: 385, Độ rõ: Rõ"
2026-02-07 04:02:16,242553,PHÁT HIỆN VI PHẠM VIDEO,Xe máy - 2-42553 - Vi phạm: Đè vạch dừng,"Video: demo_video.mp4, Frame: 390, Độ rõ: Rõ"
2026-02-07 04:02:16,527T31650,PHÁT HIỆN VI PHẠM VIDEO,Xe máy - 527T3-1650,"Video: demo_video.mp4, Frame: 415, Độ rõ: Rõ"
2026-02-07 04:02:16,59T321650,PHÁT HIỆN VI PHẠM VIDEO,Xe máy - 59T3-21650,"Video: demo_video.mp4, Frame: 420, Độ rõ: Rõ"
2026-02-07 04:02:16,592T321650,PHÁT HIỆN VI PHẠM VIDEO,Xe máy - 592T3-21650,"Video: demo_video.mp4, Frame: 425, Độ rõ: Rõ"
2026-02-07 04:02:16,59T21630,PHÁT HIỆN VI PHẠM VIDEO,Xe máy - 59T-21630 - Vi phạm: Đè vạch dừng,"Video: demo_video.mp4, Frame: 440, Độ rõ: Rõ"
2026-02-07 04:02:16,59321650,PHÁT HIỆN VI PHẠM VIDEO,Xe máy - 593-21650 - Vi phạm: Đè vạch dừng,"Video: demo_video.mp4, Frame: 445, Độ rõ: Rõ"
2026-02-07 04:02:16,5D106,PHÁT HIỆN VI PHẠM VIDEO,Xe máy - 5D-106,"Video: demo_video.mp4, Frame: 465, Độ rõ: Rõ"
2026-02-07 04:02:16,39T321650,PHÁT HIỆN VI PHẠM VIDEO,Xe máy - 39T3-21650 - Vi phạm: Đè vạch dừng,"Video: demo_video.mp4, Frame: 465, Độ rõ: Rõ"
2026-02-07 04:02:16,50E106E,PHÁT HIỆN VI PHẠM VIDEO,Xe máy - 50E-106E,"Video: demo_video.mp4, Frame: 470, Độ rõ: Rõ"
2026-02-07 04:02:16,59T3260,PHÁT HIỆN VI PHẠM VIDEO,Xe máy - 59T3-260,"Video: demo_video.mp4, Frame: 470, Độ rõ: Rõ"
2026-02-07 04:02:16,5DE10630,PHÁT HIỆN VI PHẠM VIDEO,Xe máy - 5DE-10630,"Video: demo_video.mp4, Frame: 475, Độ rõ: Rõ"
2026-02-07 04:02:16,39V321650,PHÁT HIỆN VI PHẠM VIDEO,Xe máy - 39V3-21650 - Vi phạm: Đè vạch dừng,"Video: demo_video.mp4, Frame: 475, Độ rõ: Rõ"
2026-02-07 04:02:16,5E10630,PHÁT HIỆN VI PHẠM VIDEO,Xe máy - 5E-10630,"Video: demo_video.mp4, Frame: 485, Độ rõ: Rõ"
2026-02-07 04:02:16,50E10630,PHÁT HIỆN VI PHẠM VIDEO,Xe máy - 50E-10630,"Video: demo_video.mp4, Frame: 490, Độ rõ: Rõ"
2026-02-07 04:02:16,59321630,PHÁT HIỆN VI PHẠM VIDEO,Xe máy - 593-21630 - Vi phạm: Đè vạch dừng,"Video: demo_video.mp4, Frame: 490, Độ rõ: Rõ"
2026-02-07 04:02:16,6DE10623D,PHÁT HIỆN VI PHẠM VIDEO,Xe máy - 6DE-10623D,"Video: demo_video.mp4, Frame: 500, Độ rõ: Rõ"
2026-02-07 04:02:16,47A81773,PHÁT HIỆN VI PHẠM VIDEO,Xe máy - 47A-81773,"Video: demo_video.mp4, Frame: 500, Độ rõ: Rõ"
2026-02-07 04:02:16,Y960218E0,PHÁT HIỆN VI PHẠM VIDEO,Xe máy - Y960-218E0 - Vi phạm: Đè vạch dừng,"Video: demo_video.mp4, Frame: 500, Độ rõ: Rõ"
2026-02-07 04:02:16,5010630,PHÁT HIỆN VI PHẠM VIDEO,Xe máy - 50-10630,"Video: demo_video.mp4, Frame: 505, Độ rõ: Rõ"
2026-02-07 04:02:16,59321760,PHÁT HIỆN VI PHẠM VIDEO,Xe máy - 593-21760 - Vi phạm: Đè vạch dừng,"Video: demo_video.mp4, Frame: 505, Độ rõ: Rõ"
2026-02-08 11:09:32,1X1408503,PHÁT HIỆN VI PHẠM,Xe máy - 1X14-08503 - Vi phạm: Đè vạch dừng,Video: demo_video.mp4 - Frame 5
2026-02-08 11:09:32,81108503,PHÁT HIỆN VI PHẠM,Xe máy - 811-08503 - Vi phạm: Đè vạch dừng,Video: demo_video.mp4 - Frame 10
2026-02-08 11:09:35,59706868,PHÁT HIỆN VI PHẠM,Xe máy - 597-06868 - Vi phạm: Đè vạch dừng,Video: demo_video.mp4 - Frame 35
2026-02-08 11:09:35,97B0688,PHÁT HIỆN VI PHẠM,Xe máy - 97B-0688 - Vi phạm: Đè vạch dừng,Video: demo_video.mp4 - Frame 40
2026-02-08 11:09:36,91B58,PHÁT HIỆN VI PHẠM,Xe máy - 91B-58 - Vi phạm: Đè vạch dừng,Video: demo_video.mp4 - Frame 50
2026-02-08 11:09:37,8,PHÁT HIỆN VI PHẠM,Xe máy - -8 - Vi phạm: Đè vạch dừng,Video: demo_video.mp4 - Frame 50
2026-02-08 11:09:44,61H159850,PHÁT HIỆN VI PHẠM,Xe máy - 61H1-59850 - Vi phạm: Đè vạch dừng,Video: demo_video.mp4 - Frame 135
2026-02-08 11:09:45,59214,PHÁT HIỆN VI PHẠM,Xe máy - 59-214 - Vi phạm: Đè vạch dừng,Video: demo_video.mp4 - Frame 150
2026-02-08 11:09:46,6918214,PHÁT HIỆN VI PHẠM,Xe máy - 69-18214 - Vi phạm: Đè vạch dừng,Video: demo_video.mp4 - Frame 155
2026-02-08 11:09:46,61R159850,PHÁT HIỆN VI PHẠM,Xe máy - 61R1-59850 - Vi phạm: Đè vạch dừng,Video: demo_video.mp4 - Frame 155
2026-02-08 11:09:46,59R18214,PHÁT HIỆN VI PHẠM,Xe máy - 59R-18214 - Vi phạm: Đè vạch dừng,Video: demo_video.mp4 - Frame 160
2026-02-08 11:09:47,59RA18214,PHÁT HIỆN VI PHẠM,Xe máy - 59RA-18214 - Vi phạm: Đè vạch dừng,Video: demo_video.mp4 - Frame 165
2026-02-08 11:09:47,69RA18214,PHÁT HIỆN VI PHẠM,Xe máy - 69RA-18214 - Vi phạm: Đè vạch dừng,Video: demo_video.mp4 - Frame 170
2026-02-08 11:09:49,5R18214,PHÁT HIỆN VI PHẠM,Xe máy - 5R-18214 - Vi phạm: Đè vạch dừng,Video: demo_video.mp4 - Frame 180
2026-02-08 11:09:49,R59850,PHÁT HIỆN VI PHẠM,Xe máy - R-59850 - Vi phạm: Đè vạch dừng,Video: demo_video.mp4 - Frame 180
2026-02-08 11:09:49,69R1821,PHÁT HIỆN VI PHẠM,Xe máy - 69R-1821 - Vi phạm: Đè vạch dừng,Video: demo_video.mp4 - Frame 185
2026-02-08 11:09:49,1Z15980,PHÁT HIỆN VI PHẠM,Xe máy - 1Z1-5980 - Vi phạm: Đè vạch dừng,Video: demo_video.mp4 - Frame 185
2026-02-08 11:09:50,59R121,PHÁT HIỆN VI PHẠM,Xe máy - 59R-121 - Vi phạm: Đè vạch dừng,Video: demo_video.mp4 - Frame 190
2026-02-08 11:09:50,59A18214,PHÁT HIỆN VI PHẠM,Xe máy - 59A-18214 - Vi phạm: Đè vạch dừng,Video: demo_video.mp4 - Frame 195
2026-02-08 11:09:51,59R1821,PHÁT HIỆN VI PHẠM,Xe máy - 59R-1821 - Vi phạm: Đè vạch dừng,Video: demo_video.mp4 - Frame 200
2026-02-08 11:09:51,5917214,PHÁT HIỆN VI PHẠM,Xe máy - 59-17214 - Vi phạm: Đè vạch dừng,Video: demo_video.mp4 - Frame 205
2026-02-08 11:09:52,59R8214,PHÁT HIỆN VI PHẠM,Xe máy - 59R-8214 - Vi phạm: Đè vạch dừng,Video: demo_video.mp4 - Frame 210
2026-02-08 11:09:52,5982,PHÁT HIỆN VI PHẠM,Xe máy - 59-82 - Vi phạm: Đè vạch dừng,Video: demo_video.mp4 - Frame 215
2026-02-08 11:09:53,5005,PHÁT HIỆN VI PHẠM,Xe máy - 500-5 - Vi phạm: Đè vạch dừng,Video: demo_video.mp4 - Frame 220
2026-02-08 11:09:54,Z8721,PHÁT HIỆN VI PHẠM,Xe máy - Z-8721 (Mờ),Video: demo_video.mp4 - Frame 230
2026-02-08 11:09:54,814,PHÁT HIỆN VI PHẠM,Xe máy - 8-14 - Vi phạm: Đè vạch dừng,Video: demo_video.mp4 - Frame 235
2026-02-08 11:09:58,59807,PHÁT HIỆN VI PHẠM,Xe máy - 59-807 - Vi phạm: Đè vạch dừng,Video: demo_video.mp4 - Frame 285
2026-02-08 11:09:58,59178D079,PHÁT HIỆN VI PHẠM,Xe máy - 591-78D079 - Vi phạm: Đè vạch dừng,Video: demo_video.mp4 - Frame 290
2026-02-08 11:09:59,519178079,PHÁT HIỆN VI PHẠM,Xe máy - 5191-78079 - Vi phạm: Đè vạch dừng,Video: demo_video.mp4 - Frame 295
2026-02-08 11:09:59,59P1178079,PHÁT HIỆN VI PHẠM,Xe máy - 59P11-78079 - Vi phạm: Đè vạch dừng,Video: demo_video.mp4 - Frame 300
2026-02-08 11:10:00,591178079,PHÁT HIỆN VI PHẠM,Xe máy - 5911-78079 - Vi phạm: Đè vạch dừng,Video: demo_video.mp4 - Frame 305
2026-02-08 11:10:02,59178079,PHÁT HIỆN VI PHẠM,Xe máy - 591-78079 - Vi phạm: Đè vạch dừng,Video: demo_video.mp4 - Frame 330
2026-02-08 11:10:03,178B2,PHÁT HIỆN VI PHẠM,Xe máy - 1-78B2 - Vi phạm: Đè vạch dừng,Video: demo_video.mp4 - Frame 340
2026-02-08 11:10:06,52425,PHÁT HIỆN VI PHẠM,Xe máy - 52-425 - Vi phạm: Đè vạch dừng,Video: demo_video.mp4 - Frame 375
2026-02-08 11:10:07,524253,PHÁT HIỆN VI PHẠM,Xe máy - 52-4253 - Vi phạm: Đè vạch dừng,Video: demo_video.mp4 - Frame 380
2026-02-08 11:10:07,3242353,PHÁT HIỆN VI PHẠM,Xe máy - 32-42353 - Vi phạm: Đè vạch dừng,Video: demo_video.mp4 - Frame 385
2026-02-08 11:10:07,242553,PHÁT HIỆN VI PHẠM,Xe máy - 2-42553 - Vi phạm: Đè vạch dừng,Video: demo_video.mp4 - Frame 390
2026-02-08 11:10:12,59T21630,PHÁT HIỆN VI PHẠM,Xe máy - 59T-21630 - Vi phạm: Đè vạch dừng,Video: demo_video.mp4 - Frame 440
2026-02-08 11:10:12,59321650,PHÁT HIỆN VI PHẠM,Xe máy - 593-21650 - Vi phạm: Đè vạch dừng,Video: demo_video.mp4 - Frame 445
2026-02-08 11:10:14,39T321650,PHÁT HIỆN VI PHẠM,Xe máy - 39T3-21650 - Vi phạm: Đè vạch dừng,Video: demo_video.mp4 - Frame 465
2026-02-08 11:10:15,39V321650,PHÁT HIỆN VI PHẠM,Xe máy - 39V3-21650 - Vi phạm: Đè vạch dừng,Video: demo_video.mp4 - Frame 475
2026-02-08 11:10:16,59321630,PHÁT HIỆN VI PHẠM,Xe máy - 593-21630 - Vi phạm: Đè vạch dừng,Video: demo_video.mp4 - Frame 490
2026-02-08 11:10:17,Y960218E0,PHÁT HIỆN VI PHẠM,Xe máy - Y960-218E0 - Vi phạm: Đè vạch dừng,Video: demo_video.mp4 - Frame 500
2026-02-08 11:10:18,59321760,PHÁT HIỆN VI PHẠM,Xe máy - 593-21760 - Vi phạm: Đè vạch dừng,Video: demo_video.mp4 - Frame 505
2026-02-08 11:10:18,597B05868,PHÁT HIỆN VI PHẠM VIDEO,Xe máy - 597B-05868,"Video: demo_video.mp4, Frame: 5, Độ rõ: Rõ"
2026-02-08 11:10:18,1X1408503,PHÁT HIỆN VI PHẠM VIDEO,Xe máy - 1X14-08503 - Vi phạm: Đè vạch dừng,"Video: demo_video.mp4, Frame: 5, Độ rõ: Rõ"
2026-02-08 11:10:18,47A61773,PHÁT HIỆN VI PHẠM VIDEO,Xe máy - 47A-61773,"Video: demo_video.mp4, Frame: 5, Độ rõ: Rõ"
2026-02-08 11:10:18,910861,PHÁT HIỆN VI PHẠM VIDEO,Xe máy - 9-10861,"Video: demo_video.mp4, Frame: 5, Độ rõ: Rõ"
2026-02-08 11:10:18,81108503,PHÁT HIỆN VI PHẠM VIDEO,Xe máy - 811-08503 - Vi phạm: Đè vạch dừng,"Video: demo_video.mp4, Frame: 10, Độ rõ: Rõ"
2026-02-08 11:10:18,59B05868,PHÁT HIỆN VI PHẠM VIDEO,Xe máy - 59B-05868,"Video: demo_video.mp4, Frame: 15, Độ rõ: Rõ"
2026-02-08 11:10:18,59B0568,PHÁT HIỆN VI PHẠM VIDEO,Xe máy - 59B-0568,"Video: demo_video.mp4, Frame: 20, Độ rõ: Rõ"
2026-02-08 11:10:18,97B06868,PHÁT HIỆN VI PHẠM VIDEO,Xe máy - 97B-06868,"Video: demo_video.mp4, Frame: 25, Độ rõ: Rõ"
2026-02-08 11:10:18,51861,PHÁT HIỆN VI PHẠM VIDEO,Xe máy - 5-1861,"Video: demo_video.mp4, Frame: 25, Độ rõ: Rõ"
2026-02-08 11:10:18,597B06868,PHÁT HIỆN VI PHẠM VIDEO,Xe máy - 597B-06868,"Video: demo_video.mp4, Frame: 30, Độ rõ: Rõ"
2026-02-08 11:10:18,59706868,PHÁT HIỆN VI PHẠM VIDEO,Xe máy - 597-06868 - Vi phạm: Đè vạch dừng,"Video: demo_video.mp4, Frame: 35, Độ rõ: Rõ"
2026-02-08 11:10:18,97B0688,PHÁT HIỆN VI PHẠM VIDEO,Xe máy - 97B-0688 - Vi phạm: Đè vạch dừng,"Video: demo_video.mp4, Frame: 40, Độ rõ: Rõ"
2026-02-08 11:10:18,59B06868,PHÁT HIỆN VI PHẠM VIDEO,Xe máy - 59B-06868,"Video: demo_video.mp4, Frame: 45, Độ rõ: Rõ"
2026-02-08 11:10:18,70A26872,PHÁT HIỆN VI PHẠM VIDEO,Xe máy - 70A-26872,"Video: demo_video.mp4, Frame: 45, Độ rõ: Rõ"
2026-02-08 11:10:18,59410861,PHÁT HIỆN VI PHẠM VIDEO,Xe máy - 594-10861 (Mờ),"Video: demo_video.mp4, Frame: 45, Độ rõ: Mờ"
2026-02-08 11:10:18,91B58,PHÁT HIỆN VI PHẠM VIDEO,Xe máy - 91B-58 - Vi phạm: Đè vạch dừng,"Video: demo_video.mp4, Frame: 50, Độ rõ: Rõ"
2026-02-08 11:10:18,7D126872,PHÁT HIỆN VI PHẠM VIDEO,Xe máy - 7D1-26872,"Video: demo_video.mp4, Frame: 50, Độ rõ: Rõ"
2026-02-08 11:10:18,8,PHÁT HIỆN VI PHẠM VIDEO,Xe máy - -8 - Vi phạm: Đè vạch dừng,"Video: demo_video.mp4, Frame: 50, Độ rõ: Rõ"
2026-02-08 11:10:18,991081,PHÁT HIỆN VI PHẠM VIDEO,Xe máy - 99-1081,"Video: demo_video.mp4, Frame: 55, Độ rõ: Rõ"
2026-02-08 11:10:18,7DA26872,PHÁT HIỆN VI PHẠM VIDEO,Xe máy - 7DA-26872,"Video: demo_video.mp4, Frame: 55, Độ rõ: Rõ"
2026-02-08 11:10:18,X910861,PHÁT HIỆN VI PHẠM VIDEO,Xe máy - X9-10861,"Video: demo_video.mp4, Frame: 60, Độ rõ: Rõ"
2026-02-08 11:10:18,5910558,PHÁT HIỆN VI PHẠM VIDEO,Xe máy - 591-0558,"Video: demo_video.mp4, Frame: 65, Độ rõ: Rõ"
2026-02-08 11:10:18,5910861,PHÁT HIỆN VI PHẠM VIDEO,Xe máy - 59-10861,"Video: demo_video.mp4, Frame: 70, Độ rõ: Rõ"
2026-02-08 11:10:18,91110861,PHÁT HIỆN VI PHẠM VIDEO,Xe máy - 911-10861,"Video: demo_video.mp4, Frame: 75, Độ rõ: Rõ"
2026-02-08 11:10:18,59110861,PHÁT HIỆN VI PHẠM VIDEO,Xe máy - 591-10861,"Video: demo_video.mp4, Frame: 105, Độ rõ: Rõ"
2026-02-08 11:10:18,972,PHÁT HIỆN VI PHẠM VIDEO,Xe máy - 9-72 (Mờ),"Video: demo_video.mp4, Frame: 120, Độ rõ: Mờ"
2026-02-08 11:10:18,59R12,PHÁT HIỆN VI PHẠM VIDEO,Xe máy - 59R-12 (Mờ),"Video: demo_video.mp4, Frame: 125, Độ rõ: Mờ"
2026-02-08 11:10:18,F9824,PHÁT HIỆN VI PHẠM VIDEO,Xe máy - F9-824 (Mờ),"Video: demo_video.mp4, Frame: 130, Độ rõ: Mờ"
2026-02-08 11:10:18,9R1212,PHÁT HIỆN VI PHẠM VIDEO,Xe máy - 9R-1212 (Mờ),"Video: demo_video.mp4, Frame: 135, Độ rõ: Mờ"
2026-02-08 11:10:18,61H159850,PHÁT HIỆN VI PHẠM VIDEO,Xe máy - 61H1-59850 - Vi phạm: Đè vạch dừng,"Video: demo_video.mp4, Frame: 135, Độ rõ: Rõ"
2026-02-08 11:10:18,5R78214,PHÁT HIỆN VI PHẠM VIDEO,Xe máy - 5R-78214,"Video: demo_video.mp4, Frame: 140, Độ rõ: Rõ"
2026-02-08 11:10:18,59Y1161,PHÁT HIỆN VI PHẠM VIDEO,Xe máy - 59Y1-161,"Video: demo_video.mp4, Frame: 140, Độ rõ: Rõ"
2026-02-08 11:10:18,59R7821,PHÁT HIỆN VI PHẠM VIDEO,Xe máy - 59R-7821,"Video: demo_video.mp4, Frame: 145, Độ rõ: Rõ"
2026-02-08 11:10:18,59214,PHÁT HIỆN VI PHẠM VIDEO,Xe máy - 59-214 - Vi phạm: Đè vạch dừng,"Video: demo_video.mp4, Frame: 150, Độ rõ: Rõ"
2026-02-08 11:10:18,6918214,PHÁT HIỆN VI PHẠM VIDEO,Xe máy - 69-18214 - Vi phạm: Đè vạch dừng,"Video: demo_video.mp4, Frame: 155, Độ rõ: Rõ"
2026-02-08 11:10:18,61R159850,PHÁT HIỆN VI PHẠM VIDEO,Xe máy - 61R1-59850 - Vi phạm: Đè vạch dừng,"Video: demo_video.mp4, Frame: 155, Độ rõ: Rõ"
2026-02-08 11:10:18,59R18214,PHÁT HIỆN VI PHẠM VIDEO,Xe máy - 59R-18214 - Vi phạm: Đè vạch dừng,"Video: demo_video.mp4, Frame: 160, Độ rõ: Rõ"
2026-02-08 11:10:18,59RA18214,PHÁT HIỆN VI PHẠM VIDEO,Xe máy - 59RA-18214 - Vi phạm: Đè vạch dừng,"Video: demo_video.mp4, Frame: 165, Độ rõ: Rõ"
2026-02-08 11:10:18,69RA18214,PHÁT HIỆN VI PHẠM VIDEO,Xe máy - 69RA-18214 - Vi phạm: Đè vạch dừng,"Video: demo_video.mp4, Frame: 170, Độ rõ: Rõ"
2026-02-08 11:10:18,5R18214,PHÁT HIỆN VI PHẠM VIDEO,Xe máy - 5R-18214 - Vi phạm: Đè vạch dừng,"Video: demo_video.mp4, Frame: 180, Độ rõ: Rõ"
2026-02-08 11:10:18,R59850,PHÁT HIỆN VI PHẠM VIDEO,Xe máy - R-59850 - Vi phạm: Đè vạch dừng,"Video: demo_video.mp4, Frame: 180, Độ rõ: Rõ"
2026-02-08 11:10:18,69R1821,PHÁT HIỆN VI PHẠM VIDEO,Xe máy - 69R-1821 - Vi phạm: Đè vạch dừng,"Video: demo_video.mp4, Frame: 185, Độ rõ: Rõ"
2026-02-08 11:10:18,1Z15980,PHÁT HIỆN VI PHẠM VIDEO,Xe máy - 1Z1-5980 - Vi phạm: Đè vạch dừng,"Video: demo_video.mp4, Frame: 185, Độ rõ: Rõ"
2026-02-08 11:10:18,59R121,PHÁT HIỆN VI PHẠM VIDEO,Xe máy - 59R-121 - Vi phạm: Đè vạch dừng,"Video: demo_video.mp4, Frame: 190, Độ rõ: Rõ"
2026-02-08 11:10:18,59A18214,PHÁT HIỆN VI PHẠM VIDEO,Xe máy - 59A-18214 - Vi phạm: Đè vạch dừng,"Video: demo_video.mp4, Frame: 195, Độ rõ: Rõ"
2026-02-08 11:10:18,59R1821,PHÁT HIỆN VI PHẠM VIDEO,Xe máy - 59R-1821 - Vi phạm: Đè vạch dừng,"Video: demo_video.mp4, Frame: 200, Độ rõ: Rõ"
2026-02-08 11:10:18,5917214,PHÁT HIỆN VI PHẠM VIDEO,Xe máy - 59-17214 - Vi phạm: Đè vạch dừng,"Video: demo_video.mp4, Frame: 205, Độ rõ: Rõ"
2026-02-08 11:10:18,59R8214,PHÁT HIỆN VI PHẠM VIDEO,Xe máy - 59R-8214 - Vi phạm: Đè vạch dừng,"Video: demo_video.mp4, Frame: 210, Độ rõ: Rõ"
2026-02-08 11:10:18,8120,PHÁT HIỆN VI PHẠM VIDEO,Xe máy - 81-20,"Video: demo_video.mp4, Frame: 215, Độ rõ: Rõ"
2026-02-08 11:10:18,5982,PHÁT HIỆN VI PHẠM VIDEO,Xe máy - 59-82 - Vi phạm: Đè vạch dừng,"Video: demo_video.mp4, Frame: 215, Độ rõ: Rõ"
2026-02-08 11:10:18,5005,PHÁT HIỆN VI PHẠM VIDEO,Xe máy - 500-5 - Vi phạm: Đè vạch dừng,"Video: demo_video.mp4, Frame: 220, Độ rõ: Rõ"
2026-02-08 11:10:18,Z8721,PHÁT HIỆN VI PHẠM VIDEO,Xe máy - Z-8721 (Mờ),"Video: demo_video.mp4, Frame: 230, Độ rõ: Mờ"
2026-02-08 11:10:18,814,PHÁT HIỆN VI PHẠM VIDEO,Xe máy - 8-14 - Vi phạm: Đè vạch dừng,"Video: demo_video.mp4, Frame: 235, Độ rõ: Rõ"
2026-02-08 11:10:18,5,PHÁT HIỆN VI PHẠM VIDEO,Xe máy - -5,"Video: demo_video.mp4, Frame: 245, Độ rõ: Rõ"
2026-02-08 11:10:18,70A26822,PHÁT HIỆN VI PHẠM VIDEO,Xe máy - 70A-26822,"Video: demo_video.mp4, Frame: 260, Độ rõ: Rõ"
2026-02-08 11:10:18,591079,PHÁT HIỆN VI PHẠM VIDEO,Xe máy - 591-079,"Video: demo_video.mp4, Frame: 260, Độ rõ: Rõ"
2026-02-08 11:10:18,5R9Y778079,PHÁT HIỆN VI PHẠM VIDEO,Xe máy - 5R9Y7-78079,"Video: demo_video.mp4, Frame: 265, Độ rõ: Rõ"
2026-02-08 11:10:18,59807,PHÁT HIỆN VI PHẠM VIDEO,Xe máy - 59-807 - Vi phạm: Đè vạch dừng,"Video: demo_video.mp4, Frame: 285, Độ rõ: Rõ"
2026-02-08 11:10:18,59178D079,PHÁT HIỆN VI PHẠM VIDEO,Xe máy - 591-78D079 - Vi phạm: Đè vạch dừng,"Video: demo_video.mp4, Frame: 290, Độ rõ: Rõ"
2026-02-08 11:10:18,519178079,PHÁT HIỆN VI PHẠM VIDEO,Xe máy - 5191-78079 - Vi phạm: Đè vạch dừng,"Video: demo_video.mp4, Frame: 295, Độ rõ: Rõ"
2026-02-08 11:10:18,59P1178079,PHÁT HIỆN VI PHẠM VIDEO,Xe máy - 59P11-78079 - Vi phạm: Đè vạch dừng,"Video: demo_video.mp4, Frame: 300, Độ rõ: Rõ"
2026-02-08 11:10:18,591178079,PHÁT HIỆN VI PHẠM VIDEO,Xe máy - 5911-78079 - Vi phạm: Đè vạch dừng,"Video: demo_video.mp4, Frame: 305, Độ rõ: Rõ"
2026-02-08 11:10:18,59178079,PHÁT HIỆN VI PHẠM VIDEO,Xe máy - 591-78079 - Vi phạm: Đè vạch dừng,"Video: demo_video.mp4, Frame: 330, Độ rõ: Rõ"
2026-02-08 11:10:18,178B2,PHÁT HIỆN VI PHẠM VIDEO,Xe máy - 1-78B2 - Vi phạm: Đè vạch dừng,"Video: demo_video.mp4, Frame: 340, Độ rõ: Rõ"
2026-02-08 11:10:18,757,PHÁT HIỆN VI PHẠM VIDEO,Xe máy - 7-57,"Video: demo_video.mp4, Frame: 340, Độ rõ: Rõ"
2026-02-08 11:10:18,525E,PHÁT HIỆN VI PHẠM VIDEO,Xe máy - 52-5E,"Video: demo_video.mp4, Frame: 345, Độ rõ: Rõ"
2026-02-08 11:10:18,59R2553,PHÁT HIỆN VI PHẠM VIDEO,Xe máy - 59R2-553,"Video: demo_video.mp4, Frame: 350, Độ rõ: Rõ"
2026-02-08 11:10:18,59RR27553,PHÁT HIỆN VI PHẠM VIDEO,Xe máy - 59RR2-7553,"Video: demo_video.mp4, Frame: 355, Độ rõ: Rõ"
2026-02-08 11:10:18,59253,PHÁT HIỆN VI PHẠM VIDEO,Xe máy - 592-53,"Video: demo_video.mp4, Frame: 360, Độ rõ: Rõ"
2026-02-08 11:10:18,5TR273,PHÁT HIỆN VI PHẠM VIDEO,Xe máy - 5TR2-73,"Video: demo_video.mp4, Frame: 365, Độ rõ: Rõ"
2026-02-08 11:10:18,9124253,PHÁT HIỆN VI PHẠM VIDEO,Xe máy - 912-4253,"Video: demo_video.mp4, Frame: 370, Độ rõ: Rõ"
2026-02-08 11:10:18,52425,PHÁT HIỆN VI PHẠM VIDEO,Xe máy - 52-425 - Vi phạm: Đè vạch dừng,"Video: demo_video.mp4, Frame: 375, Độ rõ: Rõ"
2026-02-08 11:10:18,524253,PHÁT HIỆN VI PHẠM VIDEO,Xe máy - 52-4253 - Vi phạm: Đè vạch dừng,"Video: demo_video.mp4, Frame: 380, Độ rõ: Rõ"
2026-02-08 11:10:18,3242353,PHÁT HIỆN VI PHẠM VIDEO,Xe máy - 32-42353 - Vi phạm: Đè vạch dừng,"Video: demo_video.mp4, Frame: 385, Độ rõ: Rõ"
2026-02-08 11:10:18,242553,PHÁT HIỆN VI PHẠM VIDEO,Xe máy - 2-42553 - Vi phạm: Đè vạch dừng,"Video: demo_video.mp4, Frame: 390, Độ rõ: Rõ"
2026-02-08 11:10:18,527T31650,PHÁT HIỆN VI PHẠM VIDEO,Xe máy - 527T3-1650,"Video: demo_video.mp4, Frame: 415, Độ rõ: Rõ"
2026-02-08 11:10:18,59T321650,PHÁT HIỆN VI PHẠM VIDEO,Xe máy - 59T3-21650,"Video: demo_video.mp4, Frame: 420, Độ rõ: Rõ"
2026-02-08 11:10:18,592T321650,PHÁT HIỆN VI PHẠM VIDEO,Xe máy - 592T3-21650,"Video: demo_video.mp4, Frame: 425, Độ rõ: Rõ"
2026-02-08 11:10:18,59T21630,PHÁT HIỆN VI PHẠM VIDEO,Xe máy - 59T-21630 - Vi phạm: Đè vạch dừng,"Video: demo_video.mp4, Frame: 440, Độ rõ: Rõ"
2026-02-08 11:10:18,59321650,PHÁT HIỆN VI PHẠM VIDEO,Xe máy - 593-21650 - Vi phạm: Đè vạch dừng,"Video: demo_video.mp4, Frame: 445, Độ rõ: Rõ"
2026-02-08 11:10:18,5D106,PHÁT HIỆN VI PHẠM VIDEO,Xe máy - 5D-106,"Video: demo_video.mp4, Frame: 465, Độ rõ: Rõ"
2026-02-08 11:10:18,39T321650,PHÁT HIỆN VI PHẠM VIDEO,Xe máy - 39T3-21650 - Vi phạm: Đè vạch dừng,"Video: demo_video.mp4, Frame: 465, Độ rõ: Rõ"
2026-02-08 11:10:18,50E106E,PHÁT HIỆN VI PHẠM VIDEO,Xe máy - 50E-106E,"Video: demo_video.mp4, Frame: 470, Độ rõ: Rõ"
2026-02-08 11:10:18,59T3260,PHÁT HIỆN VI PHẠM VIDEO,Xe máy - 59T3-260,"Video: demo_video.mp4, Frame: 470, Độ rõ: Rõ"
2026-02-08 11:10:18,5DE10630,PHÁT HIỆN VI PHẠM VIDEO,Xe máy - 5DE-10630,"Video: demo_video.mp4, Frame: 475, Độ rõ: Rõ"
2026-02-08 11:10:18,39V321650,PHÁT HIỆN VI PHẠM VIDEO,Xe máy - 39V3-21650 - Vi phạm: Đè vạch dừng,"Video: demo_video.mp4, Frame: 475, Độ rõ: Rõ"
2026-02-08 11:10:18,5E10630,PHÁT HIỆN VI PHẠM VIDEO,Xe máy - 5E-10630,"Video: demo_video.mp4, Frame: 485, Độ rõ: Rõ"
2026-02-08 11:10:18,50E10630,PHÁT HIỆN VI PHẠM VIDEO,Xe máy - 50E-10630,"Video: demo_video.mp4, Frame: 490, Độ rõ: Rõ"
2026-02-08 11:10:18,59321630,PHÁT HIỆN VI PHẠM VIDEO,Xe máy - 593-21630 - Vi phạm: Đè vạch dừng,"Video: demo_video.mp4, Frame: 490, Độ rõ: Rõ"
2026-02-08 11:10:18,6DE10623D,PHÁT HIỆN VI PHẠM VIDEO,Xe máy - 6DE-10623D,"Video: demo_video.mp4, Frame: 500, Độ rõ: Rõ"
2026-02-08 11:10:18,47A81773,PHÁT HIỆN VI PHẠM VIDEO,Xe máy - 47A-81773,"Video: demo_video.mp4, Frame: 500, Độ rõ: Rõ"
2026-02-08 11:10:18,Y960218E0,PHÁT HIỆN VI PHẠM VIDEO,Xe máy - Y960-218E0 - Vi phạm: Đè vạch dừng,"Video: demo_video.mp4, Frame: 500, Độ rõ: Rõ"
2026-02-08 11:10:18,5010630,PHÁT HIỆN VI PHẠM VIDEO,Xe máy - 50-10630,"Video: demo_video.mp4, Frame: 505, Độ rõ: Rõ"
2026-02-08 11:10:18,59321760,PHÁT HIỆN VI PHẠM VIDEO,Xe máy - 593-21760 - Vi phạm: Đè vạch dừng,"Video: demo_video.mp4, Frame: 505, Độ rõ: Rõ"
2026-02-08 11:10:48,1X1408503,PHÁT HIỆN VI PHẠM,Xe máy - 1X14-08503 - Vi phạm: Đè vạch dừng,Video: demo_video.mp4 - Frame 5
2026-02-08 11:10:48,81108503,PHÁT HIỆN VI PHẠM,Xe máy - 811-08503 - Vi phạm: Đè vạch dừng,Video: demo_video.mp4 - Frame 10
2026-02-08 11:10:51,59706868,PHÁT HIỆN VI PHẠM,Xe máy - 597-06868 - Vi phạm: Đè vạch dừng,Video: demo_video.mp4 - Frame 35
2026-02-08 11:10:52,97B0688,PHÁT HIỆN VI PHẠM,Xe máy - 97B-0688 - Vi phạm: Đè vạch dừng,Video: demo_video.mp4 - Frame 40
2026-02-08 11:10:53,91B58,PHÁT HIỆN VI PHẠM,Xe máy - 91B-58 - Vi phạm: Đè vạch dừng,Video: demo_video.mp4 - Frame 50
2026-02-08 11:10:53,8,PHÁT HIỆN VI PHẠM,Xe máy - -8 - Vi phạm: Đè vạch dừng,Video: demo_video.mp4 - Frame 50
2026-02-08 11:11:00,61H159850,PHÁT HIỆN VI PHẠM,Xe máy - 61H1-59850 - Vi phạm: Đè vạch dừng,Video: demo_video.mp4 - Frame 135
2026-02-08 11:11:01,59214,PHÁT HIỆN VI PHẠM,Xe máy - 59-214 - Vi phạm: Đè vạch dừng,Video: demo_video.mp4 - Frame 150
2026-02-08 11:11:02,6918214,PHÁT HIỆN VI PHẠM,Xe máy - 69-18214 - Vi phạm: Đè vạch dừng,Video: demo_video.mp4 - Frame 155
2026-02-08 11:11:02,61R159850,PHÁT HIỆN VI PHẠM,Xe máy - 61R1-59850 - Vi phạm: Đè vạch dừng,Video: demo_video.mp4 - Frame 155
2026-02-08 11:11:03,59R18214,PHÁT HIỆN VI PHẠM,Xe máy - 59R-18214 - Vi phạm: Đè vạch dừng,Video: demo_video.mp4 - Frame 160
2026-02-08 11:11:03,59RA18214,PHÁT HIỆN VI PHẠM,Xe máy - 59RA-18214 - Vi phạm: Đè vạch dừng,Video: demo_video.mp4 - Frame 165
2026-02-08 11:11:03,69RA18214,PHÁT HIỆN VI PHẠM,Xe máy - 69RA-18214 - Vi phạm: Đè vạch dừng,Video: demo_video.mp4 - Frame 170
2026-02-08 11:11:05,5R18214,PHÁT HIỆN VI PHẠM,Xe máy - 5R-18214 - Vi phạm: Đè vạch dừng,Video: demo_video.mp4 - Frame 180
2026-02-08 11:11:05,R59850,PHÁT HIỆN VI PHẠM,Xe máy - R-59850 - Vi phạm: Đè vạch dừng,Video: demo_video.mp4 - Frame 180
2026-02-08 11:11:05,69R1821,PHÁT HIỆN VI PHẠM,Xe máy - 69R-1821 - Vi phạm: Đè vạch dừng,Video: demo_video.mp4 - Frame 185
2026-02-08 11:11:05,1Z15980,PHÁT HIỆN VI PHẠM,Xe máy - 1Z1-5980 - Vi phạm: Đè vạch dừng,Video: demo_video.mp4 - Frame 185
2026-02-08 11:11:06,59R121,PHÁT HIỆN VI PHẠM,Xe máy - 59R-121 - Vi phạm: Đè vạch dừng,Video: demo_video.mp4 - Frame 190
2026-02-08 11:11:06,59A18214,PHÁT HIỆN VI PHẠM,Xe máy - 59A-18214 - Vi phạm: Đè vạch dừng,Video: demo_video.mp4 - Frame 195
2026-02-08 11:11:07,59R1821,PHÁT HIỆN VI PHẠM,Xe máy - 59R-1821 - Vi phạm: Đè vạch dừng,Video: demo_video.mp4 - Frame 200
2026-02-08 11:11:07,5917214,PHÁT HIỆN VI PHẠM,Xe máy - 59-17214 - Vi phạm: Đè vạch dừng,Video: demo_video.mp4 - Frame 205
2026-02-08 11:11:08,59R8214,PHÁT HIỆN VI PHẠM,Xe máy - 59R-8214 - Vi phạm: Đè vạch dừng,Video: demo_video.mp4 - Frame 210
2026-02-08 11:11:08,5982,PHÁT HIỆN VI PHẠM,Xe máy - 59-82 - Vi phạm: Đè vạch dừng,Video: demo_video.mp4 - Frame 215
2026-02-08 11:11:08,5005,PHÁT HIỆN VI PHẠM,Xe máy - 500-5 - Vi phạm: Đè vạch dừng,Video: demo_video.mp4 - Frame 220
2026-02-08 11:11:09,Z8721,PHÁT HIỆN VI PHẠM,Xe máy - Z-8721 (Mờ),Video: demo_video.mp4 - Frame 230
2026-02-08 11:11:10,814,PHÁT HIỆN VI PHẠM,Xe máy - 8-14 - Vi phạm: Đè vạch dừng,Video: demo_video.mp4 - Frame 235
2026-02-08 11:11:13,59807,PHÁT HIỆN VI PHẠM,Xe máy - 59-807 - Vi phạm: Đè vạch dừng,Video: demo_video.mp4 - Frame 285
2026-02-08 11:11:14,59178D079,PHÁT HIỆN VI PHẠM,Xe máy - 591-78D079 - Vi phạm: Đè vạch dừng,Video: demo_video.mp4 - Frame 290
2026-02-08 11:11:14,519178079,PHÁT HIỆN VI PHẠM,Xe máy - 5191-78079 - Vi phạm: Đè vạch dừng,Video: demo_video.mp4 - Frame 295
2026-02-08 11:11:15,59P1178079,PHÁT HIỆN VI PHẠM,Xe máy - 59P11-78079 - Vi phạm: Đè vạch dừng,Video: demo_video.mp4 - Frame 300
2026-02-08 11:11:15,591178079,PHÁT HIỆN VI PHẠM,Xe máy - 5911-78079 - Vi phạm: Đè vạch dừng,Video: demo_video.mp4 - Frame 305
2026-02-08 11:11:17,59178079,PHÁT HIỆN VI PHẠM,Xe máy - 591-78079 - Vi phạm: Đè vạch dừng,Video: demo_video.mp4 - Frame 330
2026-02-08 11:11:18,178B2,PHÁT HIỆN VI PHẠM,Xe máy - 1-78B2 - Vi phạm: Đè vạch dừng,Video: demo_video.mp4 - Frame 340
2026-02-08 11:11:21,52425,PHÁT HIỆN VI PHẠM,Xe máy - 52-425 - Vi phạm: Đè vạch dừng,Video: demo_video.mp4 - Frame 375
2026-02-08 11:11:21,524253,PHÁT HIỆN VI PHẠM,Xe máy - 52-4253 - Vi phạm: Đè vạch dừng,Video: demo_video.mp4 - Frame 380
2026-02-08 11:11:22,3242353,PHÁT HIỆN VI PHẠM,Xe máy - 32-42353 - Vi phạm: Đè vạch dừng,Video: demo_video.mp4 - Frame 385
2026-02-08 11:11:22,242553,PHÁT HIỆN VI PHẠM,Xe máy - 2-42553 - Vi phạm: Đè vạch dừng,Video: demo_video.mp4 - Frame 390
2026-02-08 11:11:27,59T21630,PHÁT HIỆN VI PHẠM,Xe máy - 59T-21630 - Vi phạm: Đè vạch dừng,Video: demo_video.mp4 - Frame 440
2026-02-08 11:11:27,59321650,PHÁT HIỆN VI PHẠM,Xe máy - 593-21650 - Vi phạm: Đè vạch dừng,Video: demo_video.mp4 - Frame 445
2026-02-08 11:11:29,39T321650,PHÁT HIỆN VI PHẠM,Xe máy - 39T3-21650 - Vi phạm: Đè vạch dừng,Video: demo_video.mp4 - Frame 465
2026-02-08 11:11:30,39V321650,PHÁT HIỆN VI PHẠM,Xe máy - 39V3-21650 - Vi phạm: Đè vạch dừng,Video: demo_video.mp4 - Frame 475
2026-02-08 11:11:32,59321630,PHÁT HIỆN VI PHẠM,Xe máy - 593-21630 - Vi phạm: Đè vạch dừng,Video: demo_video.mp4 - Frame 490
2026-02-08 11:11:33,Y960218E0,PHÁT HIỆN VI PHẠM,Xe máy - Y960-218E0 - Vi phạm: Đè vạch dừng,Video: demo_video.mp4 - Frame 500
2026-02-08 11:11:33,59321760,PHÁT HIỆN VI PHẠM,Xe máy - 593-21760 - Vi phạm: Đè vạch dừng,Video: demo_video.mp4 - Frame 505
2026-02-08 11:11:33,597B05868,PHÁT HIỆN VI PHẠM VIDEO,Xe máy - 597B-05868,"Video: demo_video.mp4, Frame: 5, Độ rõ: Rõ"
2026-02-08 11:11:33,1X1408503,PHÁT HIỆN VI PHẠM VIDEO,Xe máy - 1X14-08503 - Vi phạm: Đè vạch dừng,"Video: demo_video.mp4, Frame: 5, Độ rõ: Rõ"
2026-02-08 11:11:33,47A61773,PHÁT HIỆN VI PHẠM VIDEO,Xe máy - 47A-61773,"Video: demo_video.mp4, Frame: 5, Độ rõ: Rõ"
2026-02-08 11:11:33,910861,PHÁT HIỆN VI PHẠM VIDEO,Xe máy - 9-10861,"Video: demo_video.mp4, Frame: 5, Độ rõ: Rõ"
2026-02-08 11:11:33,81108503,PHÁT HIỆN VI PHẠM VIDEO,Xe máy - 811-08503 - Vi phạm: Đè vạch dừng,"Video: demo_video.mp4, Frame: 10, Độ rõ: Rõ"
2026-02-08 11:11:33,59B05868,PHÁT HIỆN VI PHẠM VIDEO,Xe máy - 59B-05868,"Video: demo_video.mp4, Frame: 15, Độ rõ: Rõ"
2026-02-08 11:11:33,59B0568,PHÁT HIỆN VI PHẠM VIDEO,Xe máy - 59B-0568,"Video: demo_video.mp4, Frame: 20, Độ rõ: Rõ"
2026-02-08 11:11:33,97B06868,PHÁT HIỆN VI PHẠM VIDEO,Xe máy - 97B-06868,"Video: demo_video.mp4, Frame: 25, Độ rõ: Rõ"
2026-02-08 11:11:33,51861,PHÁT HIỆN VI PHẠM VIDEO,Xe máy - 5-1861,"Video: demo_video.mp4, Frame: 25, Độ rõ: Rõ"
2026-02-08 11:11:33,597B06868,PHÁT HIỆN VI PHẠM VIDEO,Xe máy - 597B-06868,"Video: demo_video.mp4, Frame: 30, Độ rõ: Rõ"
2026-02-08 11:11:33,59706868,PHÁT HIỆN VI PHẠM VIDEO,Xe máy - 597-06868 - Vi phạm: Đè vạch dừng,"Video: demo_video.mp4, Frame: 35, Độ rõ: Rõ"
2026-02-08 11:11:33,97B0688,PHÁT HIỆN VI PHẠM VIDEO,Xe máy - 97B-0688 - Vi phạm: Đè vạch dừng,"Video: demo_video.mp4, Frame: 40, Độ rõ: Rõ"
2026-02-08 11:11:33,59B06868,PHÁT HIỆN VI PHẠM VIDEO,Xe máy - 59B-06868,"Video: demo_video.mp4, Frame: 45, Độ rõ: Rõ"
2026-02-08 11:11:33,70A26872,PHÁT HIỆN VI PHẠM VIDEO,Xe máy - 70A-26872,"Video: demo_video.mp4, Frame: 45, Độ rõ: Rõ"
2026-02-08 11:11:33,59410861,PHÁT HIỆN VI PHẠM VIDEO,Xe máy - 594-10861 (Mờ),"Video: demo_video.mp4, Frame: 45, Độ rõ: Mờ"
2026-02-08 11:11:33,91B58,PHÁT HIỆN VI PHẠM VIDEO,Xe máy - 91B-58 - Vi phạm: Đè vạch dừng,"Video: demo_video.mp4, Frame: 50, Độ rõ: Rõ"
2026-02-08 11:11:33,7D126872,PHÁT HIỆN VI PHẠM VIDEO,Xe máy - 7D1-26872,"Video: demo_video.mp4, Frame: 50, Độ rõ: Rõ"
2026-02-08 11:11:33,8,PHÁT HIỆN VI PHẠM VIDEO,Xe máy - -8 - Vi phạm: Đè vạch dừng,"Video: demo_video.mp4, Frame: 50, Độ rõ: Rõ"
2026-02-08 11:11:33,991081,PHÁT HIỆN VI PHẠM VIDEO,Xe máy - 99-1081,"Video: demo_video.mp4, Frame: 55, Độ rõ: Rõ"
2026-02-08 11:11:34,7DA26872,PHÁT HIỆN VI PHẠM VIDEO,Xe máy - 7DA-26872,"Video: demo_video.mp4, Frame: 55, Độ rõ: Rõ"
2026-02-08 11:11:34,X910861,PHÁT HIỆN VI PHẠM VIDEO,Xe máy - X9-10861,"Video: demo_video.mp4, Frame: 60, Độ rõ: Rõ"
2026-02-08 11:11:34,5910558,PHÁT HIỆN VI PHẠM VIDEO,Xe máy - 591-0558,"Video: demo_video.mp4, Frame: 65, Độ rõ: Rõ"
2026-02-08 11:11:34,5910861,PHÁT HIỆN VI PHẠM VIDEO,Xe máy - 59-10861,"Video: demo_video.mp4, Frame: 70, Độ rõ: Rõ"
2026-02-08 11:11:34,91110861,PHÁT HIỆN VI PHẠM VIDEO,Xe máy - 911-10861,"Video: demo_video.mp4, Frame: 75, Độ rõ: Rõ"
2026-02-08 11:11:34,59110861,PHÁT HIỆN VI PHẠM VIDEO,Xe máy - 591-10861,"Video: demo_video.mp4, Frame: 105, Độ rõ: Rõ"
2026-02-08 11:11:34,972,PHÁT HIỆN VI PHẠM VIDEO,Xe máy - 9-72 (Mờ),"Video: demo_video.mp4, Frame: 120, Độ rõ: Mờ"
2026-02-08 11:11:34,59R12,PHÁT HIỆN VI PHẠM VIDEO,Xe máy - 59R-12 (Mờ),"Video: demo_video.mp4, Frame: 125, Độ rõ: Mờ"
2026-02-08 11:11:34,F9824,PHÁT HIỆN VI PHẠM VIDEO,Xe máy - F9-824 (Mờ),"Video: demo_video.mp4, Frame: 130, Độ rõ: Mờ"
2026-02-08 11:11:34,9R1212,PHÁT HIỆN VI PHẠM VIDEO,Xe máy - 9R-1212 (Mờ),"Video: demo_video.mp4, Frame: 135, Độ rõ: Mờ"
2026-02-08 11:11:34,61H159850,PHÁT HIỆN VI PHẠM VIDEO,Xe máy - 61H1-59850 - Vi phạm: Đè vạch dừng,"Video: demo_video.mp4, Frame: 135, Độ rõ: Rõ"
2026-02-08 11:11:34,5R78214,PHÁT HIỆN VI PHẠM VIDEO,Xe máy - 5R-78214,"Video: demo_video.mp4, Frame: 140, Độ rõ: Rõ"
2026-02-08 11:11:34,59Y1161,PHÁT HIỆN VI PHẠM VIDEO,Xe máy - 59Y1-161,"Video: demo_video.mp4, Frame: 140, Độ rõ: Rõ"
2026-02-08 11:11:34,59R7821,PHÁT HIỆN VI PHẠM VIDEO,Xe máy - 59R-7821,"Video: demo_video.mp4, Frame: 145, Độ rõ: Rõ"
2026-02-08 11:11:34,59214,PHÁT HIỆN VI PHẠM VIDEO,Xe máy - 59-214 - Vi phạm: Đè vạch dừng,"Video: demo_video.mp4, Frame: 150, Độ rõ: Rõ"
2026-02-08 11:11:34,6918214,PHÁT HIỆN VI PHẠM VIDEO,Xe máy - 69-18214 - Vi phạm: Đè vạch dừng,"Video: demo_video.mp4, Frame: 155, Độ rõ: Rõ"
2026-02-08 11:11:34,61R159850,PHÁT HIỆN VI PHẠM VIDEO,Xe máy - 61R1-59850 - Vi phạm: Đè vạch dừng,"Video: demo_video.mp4, Frame: 155, Độ rõ: Rõ"
2026-02-08 11:11:34,59R18214,PHÁT HIỆN VI PHẠM VIDEO,Xe máy - 59R-18214 - Vi phạm: Đè vạch dừng,"Video: demo_video.mp4, Frame: 160, Độ rõ: Rõ"
2026-02-08 11:11:34,59RA18214,PHÁT HIỆN VI PHẠM VIDEO,Xe máy - 59RA-18214 - Vi phạm: Đè vạch dừng,"Video: demo_video.mp4, Frame: 165, Độ rõ: Rõ"
2026-02-08 11:11:34,69RA18214,PHÁT HIỆN VI PHẠM VIDEO,Xe máy - 69RA-18214 - Vi phạm: Đè vạch dừng,"Video: demo_video.mp4, Frame: 170, Độ rõ: Rõ"
2026-02-08 11:11:34,5R18214,PHÁT HIỆN VI PHẠM VIDEO,Xe máy - 5R-18214 - Vi phạm: Đè vạch dừng,"Video: demo_video.mp4, Frame: 180, Độ rõ: Rõ"
2026-02-08 11:11:34,R59850,PHÁT HIỆN VI PHẠM VIDEO,Xe máy - R-59850 - Vi phạm: Đè vạch dừng,"Video: demo_video.mp4, Frame: 180, Độ rõ: Rõ"
2026-02-08 11:11:34,69R1821,PHÁT HIỆN VI PHẠM VIDEO,Xe máy - 69R-1821 - Vi phạm: Đè vạch dừng,"Video: demo_video.mp4, Frame: 185, Độ rõ: Rõ"
2026-02-08 11:11:34,1Z15980,PHÁT HIỆN VI PHẠM VIDEO,Xe máy - 1Z1-5980 - Vi phạm: Đè vạch dừng,"Video: demo_video.mp4, Frame: 185, Độ rõ: Rõ"
2026-02-08 11:11:34,59R121,PHÁT HIỆN VI PHẠM VIDEO,Xe máy - 59R-121 - Vi phạm: Đè vạch dừng,"Video: demo_video.mp4, Frame: 190, Độ rõ: Rõ"
2026-02-08 11:11:34,59A18214,PHÁT HIỆN VI PHẠM VIDEO,Xe máy - 59A-18214 - Vi phạm: Đè vạch dừng,"Video: demo_video.mp4, Frame: 195, Độ rõ: Rõ"
2026-02-08 11:11:34,59R1821,PHÁT HIỆN VI PHẠM VIDEO,Xe máy - 59R-1821 - Vi phạm: Đè vạch dừng,"Video: demo_video.mp4, Frame: 200, Độ rõ: Rõ"
2026-02-08 11:11:34,5917214,PHÁT HIỆN VI PHẠM VIDEO,Xe máy - 59-17214 - Vi phạm: Đè vạch dừng,"Video: demo_video.mp4, Frame: 205, Độ rõ: Rõ"
2026-02-08 11:11:34,59R8214,PHÁT HIỆN VI PHẠM VIDEO,Xe máy - 59R-8214 - Vi phạm: Đè vạch dừng,"Video: demo_video.mp4, Frame: 210, Độ rõ: Rõ"
2026-02-08 11:11:34,8120,PHÁT HIỆN VI PHẠM VIDEO,Xe máy - 81-20,"Video: demo_video.mp4, Frame: 215, Độ rõ: Rõ"
2026-02-08 11:11:34,5982,PHÁT HIỆN VI PHẠM VIDEO,Xe máy - 59-82 - Vi phạm: Đè vạch dừng,"Video: demo_video.mp4, Frame: 215, Độ rõ: Rõ"
2026-02-08 11:11:34,5005,PHÁT HIỆN VI PHẠM VIDEO,Xe máy - 500-5 - Vi phạm: Đè vạch dừng,"Video: demo_video.mp4, Frame: 220, Độ rõ: Rõ"
2026-02-08 11:11:34,Z8721,PHÁT HIỆN VI PHẠM VIDEO,Xe máy - Z-8721 (Mờ),"Video: demo_video.mp4, Frame: 230, Độ rõ: Mờ"
2026-02-08 11:11:34,814,PHÁT HIỆN VI PHẠM VIDEO,Xe máy - 8-14 - Vi phạm: Đè vạch dừng,"Video: demo_video.mp4, Frame: 235, Độ rõ: Rõ"
2026-02-08 11:11:34,5,PHÁT HIỆN VI PHẠM VIDEO,Xe máy - -5,"Video: demo_video.mp4, Frame: 245, Độ rõ: Rõ"
2026-02-08 11:11:34,70A26822,PHÁT HIỆN VI PHẠM VIDEO,Xe máy - 70A-26822,"Video: demo_video.mp4, Frame: 260, Độ rõ: Rõ"
2026-02-08 11:11:34,591079,PHÁT HIỆN VI PHẠM VIDEO,Xe máy - 591-079,"Video: demo_video.mp4, Frame: 260, Độ rõ: Rõ"
2026-02-08 11:11:34,5R9Y778079,PHÁT HIỆN VI PHẠM VIDEO,Xe máy - 5R9Y7-78079,"Video: demo_video.mp4, Frame: 265, Độ rõ: Rõ"
2026-02-08 11:11:34,59807,PHÁT HIỆN VI PHẠM VIDEO,Xe máy - 59-807 - Vi phạm: Đè vạch dừng,"Video: demo_video.mp4, Frame: 285, Độ rõ: Rõ"
2026-02-08 11:11:34,59178D079,PHÁT HIỆN VI PHẠM VIDEO,Xe máy - 591-78D079 - Vi phạm: Đè vạch dừng,"Video: demo_video.mp4, Frame: 290, Độ rõ: Rõ"
2026-02-08 11:11:34,519178079,PHÁT HIỆN VI PHẠM VIDEO,Xe máy - 5191-78079 - Vi phạm: Đè vạch dừng,"Video: demo_video.mp4, Frame: 295, Độ rõ: Rõ"
2026-02-08 11:11:34,59P1178079,PHÁT HIỆN VI PHẠM VIDEO,Xe máy - 59P11-78079 - Vi phạm: Đè vạch dừng,"Video: demo_video.mp4, Frame: 300, Độ rõ: Rõ"
2026-02-08 11:11:34,591178079,PHÁT HIỆN VI PHẠM VIDEO,Xe máy - 5911-78079 - Vi phạm: Đè vạch dừng,"Video: demo_video.mp4, Frame: 305, Độ rõ: Rõ"
2026-02-08 11:11:34,59178079,PHÁT HIỆN VI PHẠM VIDEO,Xe máy - 591-78079 - Vi phạm: Đè vạch dừng,"Video: demo_video.mp4, Frame: 330, Độ rõ: Rõ"
2026-02-08 11:11:34,178B2,PHÁT HIỆN VI PHẠM VIDEO,Xe máy - 1-78B2 - Vi phạm: Đè vạch dừng,"Video: demo_video.mp4, Frame: 340, Độ rõ: Rõ"
2026-02-08 11:11:34,757,PHÁT HIỆN VI PHẠM VIDEO,Xe máy - 7-57,"Video: demo_video.mp4, Frame: 340, Độ rõ: Rõ"
2026-02-08 11:11:34,525E,PHÁT HIỆN VI PHẠM VIDEO,Xe máy - 52-5E,"Video: demo_video.mp4, Frame: 345, Độ rõ: Rõ"
2026-02-08 11:11:34,59R2553,PHÁT HIỆN VI PHẠM VIDEO,Xe máy - 59R2-553,"Video: demo_video.mp4, Frame: 350, Độ rõ: Rõ"
2026-02-08 11:11:34,59RR27553,PHÁT HIỆN VI PHẠM VIDEO,Xe máy - 59RR2-7553,"Video: demo_video.mp4, Frame: 355, Độ rõ: Rõ"
2026-02-08 11:11:34,59253,PHÁT HIỆN VI PHẠM VIDEO,Xe máy - 592-53,"Video: demo_video.mp4, Frame: 360, Độ rõ: Rõ"
2026-02-08 11:11:34,5TR273,PHÁT HIỆN VI PHẠM VIDEO,Xe máy - 5TR2-73,"Video: demo_video.mp4, Frame: 365, Độ rõ: Rõ"
2026-02-08 11:11:34,9124253,PHÁT HIỆN VI PHẠM VIDEO,Xe máy - 912-4253,"Video: demo_video.mp4, Frame: 370, Độ rõ: Rõ"
2026-02-08 11:11:34,52425,PHÁT HIỆN VI PHẠM VIDEO,Xe máy - 52-425 - Vi phạm: Đè vạch dừng,"Video: demo_video.mp4, Frame: 375, Độ rõ: Rõ"
2026-02-08 11:11:34,524253,PHÁT HIỆN VI PHẠM VIDEO,Xe máy - 52-4253 - Vi phạm: Đè vạch dừng,"Video: demo_video.mp4, Frame: 380, Độ rõ: Rõ"
2026-02-08 11:11:34,3242353,PHÁT HIỆN VI PHẠM VIDEO,Xe máy - 32-42353 - Vi phạm: Đè vạch dừng,"Video: demo_video.mp4, Frame: 385, Độ rõ: Rõ"
2026-02-08 11:11:34,242553,PHÁT HIỆN VI PHẠM VIDEO,Xe máy - 2-42553 - Vi phạm: Đè vạch dừng,"Video: demo_video.mp4, Frame: 390, Độ rõ: Rõ"
2026-02-08 11:11:34,527T31650,PHÁT HIỆN VI PHẠM VIDEO,Xe máy - 527T3-1650,"Video: demo_video.mp4, Frame: 415, Độ rõ: Rõ"
2026-02-08 11:11:34,59T321650,PHÁT HIỆN VI PHẠM VIDEO,Xe máy - 59T3-21650,"Video: demo_video.mp4, Frame: 420, Độ rõ: Rõ"
2026-02-08 11:11:34,592T321650,PHÁT HIỆN VI PHẠM VIDEO,Xe máy - 592T3-21650,"Video: demo_video.mp4, Frame: 425, Độ rõ: Rõ"
2026-02-08 11:11:34,59T21630,PHÁT HIỆN VI PHẠM VIDEO,Xe máy - 59T-21630 - Vi phạm: Đè vạch dừng,"Video: demo_video.mp4, Frame: 440, Độ rõ: Rõ"
2026-02-08 11:11:34,59321650,PHÁT HIỆN VI PHẠM VIDEO,Xe máy - 593-21650 - Vi phạm: Đè vạch dừng,"Video: demo_video.mp4, Frame: 445, Độ rõ: Rõ"
2026-02-08 11:11:34,5D106,PHÁT HIỆN VI PHẠM VIDEO,Xe máy - 5D-106,"Video: demo_video.mp4, Frame: 465, Độ rõ: Rõ"
2026-02-08 11:11:34,39T321650,PHÁT HIỆN VI PHẠM VIDEO,Xe máy - 39T3-21650 - Vi phạm: Đè vạch dừng,"Video: demo_video.mp4, Frame: 465, Độ rõ: Rõ"
2026-02-08 11:11:34,50E106E,PHÁT HIỆN VI PHẠM VIDEO,Xe máy - 50E-106E,"Video: demo_video.mp4, Frame: 470, Độ rõ: Rõ"
2026-02-08 11:11:34,59T3260,PHÁT HIỆN VI PHẠM VIDEO,Xe máy - 59T3-260,"Video: demo_video.mp4, Frame: 470, Độ rõ: Rõ"
2026-02-08 11:11:34,5DE10630,PHÁT HIỆN VI PHẠM VIDEO,Xe máy - 5DE-10630,"Video: demo_video.mp4, Frame: 475, Độ rõ: Rõ"
2026-02-08 11:11:34,39V321650,PHÁT HIỆN VI PHẠM VIDEO,Xe máy - 39V3-21650 - Vi phạm: Đè vạch dừng,"Video: demo_video.mp4, Frame: 475, Độ rõ: Rõ"
2026-02-08 11:11:34,5E10630,PHÁT HIỆN VI PHẠM VIDEO,Xe máy - 5E-10630,"Video: demo_video.mp4, Frame: 485, Độ rõ: Rõ"
2026-02-08 11:11:34,50E10630,PHÁT HIỆN VI PHẠM VIDEO,Xe máy - 50E-10630,"Video: demo_video.mp4, Frame: 490, Độ rõ: Rõ"
2026-02-08 11:11:34,59321630,PHÁT HIỆN VI PHẠM VIDEO,Xe máy - 593-21630 - Vi phạm: Đè vạch dừng,"Video: demo_video.mp4, Frame: 490, Độ rõ: Rõ"
2026-02-08 11:11:34,6DE10623D,PHÁT HIỆN VI PHẠM VIDEO,Xe máy - 6DE-10623D,"Video: demo_video.mp4, Frame: 500, Độ rõ: Rõ"
2026-02-08 11:11:34,47A81773,PHÁT HIỆN VI PHẠM VIDEO,Xe máy - 47A-81773,"Video: demo_video.mp4, Frame: 500, Độ rõ: Rõ"
2026-02-08 11:11:34,Y960218E0,PHÁT HIỆN VI PHẠM VIDEO,Xe máy - Y960-218E0 - Vi phạm: Đè vạch dừng,"Video: demo_video.mp4, Frame: 500, Độ rõ: Rõ"
2026-02-08 11:11:34,5010630,PHÁT HIỆN VI PHẠM VIDEO,Xe máy - 50-10630,"Video: demo_video.mp4, Frame: 505, Độ rõ: Rõ"
2026-02-08 11:11:34,59321760,PHÁT HIỆN VI PHẠM VIDEO,Xe máy - 593-21760 - Vi phạm: Đè vạch dừng,"Video: demo_video.mp4, Frame: 505, Độ rõ: Rõ"
2026-02-08 12:30:26,1X1408503,PHÁT HIỆN VI PHẠM,Xe máy - 1X14-08503 - Vi phạm: Đè vạch dừng,Video: demo_video.mp4 - Frame 5
2026-02-08 12:30:26,81108503,PHÁT HIỆN VI PHẠM,Xe máy - 811-08503 - Vi phạm: Đè vạch dừng,Video: demo_video.mp4 - Frame 10
2026-02-08 12:30:29,59706868,PHÁT HIỆN VI PHẠM,Xe máy - 597-06868 - Vi phạm: Đè vạch dừng,Video: demo_video.mp4 - Frame 35
2026-02-08 12:30:30,97B0688,PHÁT HIỆN VI PHẠM,Xe máy - 97B-0688 - Vi phạm: Đè vạch dừng,Video: demo_video.mp4 - Frame 40
2026-02-08 12:30:31,91B58,PHÁT HIỆN VI PHẠM,Xe máy - 91B-58 - Vi phạm: Đè vạch dừng,Video: demo_video.mp4 - Frame 50
2026-02-08 12:30:31,8,PHÁT HIỆN VI PHẠM,Xe máy - -8 - Vi phạm: Đè vạch dừng,Video: demo_video.mp4 - Frame 50
2026-02-08 12:30:38,61H159850,PHÁT HIỆN VI PHẠM,Xe máy - 61H1-59850 - Vi phạm: Đè vạch dừng,Video: demo_video.mp4 - Frame 135
2026-02-08 12:30:39,59214,PHÁT HIỆN VI PHẠM,Xe máy - 59-214 - Vi phạm: Đè vạch dừng,Video: demo_video.mp4 - Frame 150
2026-02-08 12:30:40,6918214,PHÁT HIỆN VI PHẠM,Xe máy - 69-18214 - Vi phạm: Đè vạch dừng,Video: demo_video.mp4 - Frame 155
2026-02-08 12:30:40,61R159850,PHÁT HIỆN VI PHẠM,Xe máy - 61R1-59850 - Vi phạm: Đè vạch dừng,Video: demo_video.mp4 - Frame 155
2026-02-08 12:30:40,59R18214,PHÁT HIỆN VI PHẠM,Xe máy - 59R-18214 - Vi phạm: Đè vạch dừng,Video: demo_video.mp4 - Frame 160
2026-02-08 12:30:41,59RA18214,PHÁT HIỆN VI PHẠM,Xe máy - 59RA-18214 - Vi phạm: Đè vạch dừng,Video: demo_video.mp4 - Frame 165
2026-02-08 12:30:41,69RA18214,PHÁT HIỆN VI PHẠM,Xe máy - 69RA-18214 - Vi phạm: Đè vạch dừng,Video: demo_video.mp4 - Frame 170
2026-02-08 12:30:42,5R18214,PHÁT HIỆN VI PHẠM,Xe máy - 5R-18214 - Vi phạm: Đè vạch dừng,Video: demo_video.mp4 - Frame 180
2026-02-08 12:30:43,R59850,PHÁT HIỆN VI PHẠM,Xe máy - R-59850 - Vi phạm: Đè vạch dừng,Video: demo_video.mp4 - Frame 180
2026-02-08 12:30:43,69R1821,PHÁT HIỆN VI PHẠM,Xe máy - 69R-1821 - Vi phạm: Đè vạch dừng,Video: demo_video.mp4 - Frame 185
2026-02-08 12:30:43,1Z15980,PHÁT HIỆN VI PHẠM,Xe máy - 1Z1-5980 - Vi phạm: Đè vạch dừng,Video: demo_video.mp4 - Frame 185
2026-02-08 12:30:43,59R121,PHÁT HIỆN VI PHẠM,Xe máy - 59R-121 - Vi phạm: Đè vạch dừng,Video: demo_video.mp4 - Frame 190
2026-02-08 12:30:44,59A18214,PHÁT HIỆN VI PHẠM,Xe máy - 59A-18214 - Vi phạm: Đè vạch dừng,Video: demo_video.mp4 - Frame 195
2026-02-08 12:30:44,59R1821,PHÁT HIỆN VI PHẠM,Xe máy - 59R-1821 - Vi phạm: Đè vạch dừng,Video: demo_video.mp4 - Frame 200
2026-02-08 12:30:45,5917214,PHÁT HIỆN VI PHẠM,Xe máy - 59-17214 - Vi phạm: Đè vạch dừng,Video: demo_video.mp4 - Frame 205
2026-02-08 12:30:45,59R8214,PHÁT HIỆN VI PHẠM,Xe máy - 59R-8214 - Vi phạm: Đè vạch dừng,Video: demo_video.mp4 - Frame 210
2026-02-08 12:30:46,5982,PHÁT HIỆN VI PHẠM,Xe máy - 59-82 - Vi phạm: Đè vạch dừng,Video: demo_video.mp4 - Frame 215
2026-02-08 12:30:46,5005,PHÁT HIỆN VI PHẠM,Xe máy - 500-5 - Vi phạm: Đè vạch dừng,Video: demo_video.mp4 - Frame 220
2026-02-08 12:30:47,Z8721,PHÁT HIỆN VI PHẠM,Xe máy - Z-8721 (Mờ),Video: demo_video.mp4 - Frame 230
2026-02-08 12:30:48,814,PHÁT HIỆN VI PHẠM,Xe máy - 8-14 - Vi phạm: Đè vạch dừng,Video: demo_video.mp4 - Frame 235
2026-02-08 12:30:51,59807,PHÁT HIỆN VI PHẠM,Xe máy - 59-807 - Vi phạm: Đè vạch dừng,Video: demo_video.mp4 - Frame 285
2026-02-08 12:30:52,59178D079,PHÁT HIỆN VI PHẠM,Xe máy - 591-78D079 - Vi phạm: Đè vạch dừng,Video: demo_video.mp4 - Frame 290
2026-02-08 12:30:52,519178079,PHÁT HIỆN VI PHẠM,Xe máy - 5191-78079 - Vi phạm: Đè vạch dừng,Video: demo_video.mp4 - Frame 295
2026-02-08 12:30:53,59P1178079,PHÁT HIỆN VI PHẠM,Xe máy - 59P11-78079 - Vi phạm: Đè vạch dừng,Video: demo_video.mp4 - Frame 300
2026-02-08 12:30:53,591178079,PHÁT HIỆN VI PHẠM,Xe máy - 5911-78079 - Vi phạm: Đè vạch dừng,Video: demo_video.mp4 - Frame 305
2026-02-08 12:30:55,59178079,PHÁT HIỆN VI PHẠM,Xe máy - 591-78079 - Vi phạm: Đè vạch dừng,Video: demo_video.mp4 - Frame 330
2026-02-08 12:30:56,178B2,PHÁT HIỆN VI PHẠM,Xe máy - 1-78B2 - Vi phạm: Đè vạch dừng,Video: demo_video.mp4 - Frame 340
2026-02-08 12:30:59,52425,PHÁT HIỆN VI PHẠM,Xe máy - 52-425 - Vi phạm: Đè vạch dừng,Video: demo_video.mp4 - Frame 375
2026-02-08 12:31:00,524253,PHÁT HIỆN VI PHẠM,Xe máy - 52-4253 - Vi phạm: Đè vạch dừng,Video: demo_video.mp4 - Frame 380
2026-02-08 12:31:00,3242353,PHÁT HIỆN VI PHẠM,Xe máy - 32-42353 - Vi phạm: Đè vạch dừng,Video: demo_video.mp4 - Frame 385
2026-02-08 12:31:01,242553,PHÁT HIỆN VI PHẠM,Xe máy - 2-42553 - Vi phạm: Đè vạch dừng,Video: demo_video.mp4 - Frame 390
2026-02-08 12:31:04,59T21630,PHÁT HIỆN VI PHẠM,Xe máy - 59T-21630 - Vi phạm: Đè vạch dừng,Video: demo_video.mp4 - Frame 440
2026-02-08 12:31:05,59321650,PHÁT HIỆN VI PHẠM,Xe máy - 593-21650 - Vi phạm: Đè vạch dừng,Video: demo_video.mp4 - Frame 445
2026-02-08 12:31:07,39T321650,PHÁT HIỆN VI PHẠM,Xe máy - 39T3-21650 - Vi phạm: Đè vạch dừng,Video: demo_video.mp4 - Frame 465
2026-02-08 12:31:08,39V321650,PHÁT HIỆN VI PHẠM,Xe máy - 39V3-21650 - Vi phạm: Đè vạch dừng,Video: demo_video.mp4 - Frame 475
2026-02-08 12:31:09,59321630,PHÁT HIỆN VI PHẠM,Xe máy - 593-21630 - Vi phạm: Đè vạch dừng,Video: demo_video.mp4 - Frame 490
2026-02-08 12:31:10,Y960218E0,PHÁT HIỆN VI PHẠM,Xe máy - Y960-218E0 - Vi phạm: Đè vạch dừng,Video: demo_video.mp4 - Frame 500
2026-02-08 12:31:11,59321760,PHÁT HIỆN VI PHẠM,Xe máy - 593-21760 - Vi phạm: Đè vạch dừng,Video: demo_video.mp4 - Frame 505
2026-02-08 12:31:11,597B05868,PHÁT HIỆN VI PHẠM VIDEO,Xe máy - 597B-05868,"Video: demo_video.mp4, Frame: 5, Độ rõ: Rõ"
2026-02-08 12:31:11,1X1408503,PHÁT HIỆN VI PHẠM VIDEO,Xe máy - 1X14-08503 - Vi phạm: Đè vạch dừng,"Video: demo_video.mp4, Frame: 5, Độ rõ: Rõ"
2026-02-08 12:31:11,47A61773,PHÁT HIỆN VI PHẠM VIDEO,Xe máy - 47A-61773,"Video: demo_video.mp4, Frame: 5, Độ rõ: Rõ"
2026-02-08 12:31:11,910861,PHÁT HIỆN VI PHẠM VIDEO,Xe máy - 9-10861,"Video: demo_video.mp4, Frame: 5, Độ rõ: Rõ"
2026-02-08 12:31:11,81108503,PHÁT HIỆN VI PHẠM VIDEO,Xe máy - 811-08503 - Vi phạm: Đè vạch dừng,"Video: demo_video.mp4, Frame: 10, Độ rõ: Rõ"
2026-02-08 12:31:11,59B05868,PHÁT HIỆN VI PHẠM VIDEO,Xe máy - 59B-05868,"Video: demo_video.mp4, Frame: 15, Độ rõ: Rõ"
2026-02-08 12:31:11,59B0568,PHÁT HIỆN VI PHẠM VIDEO,Xe máy - 59B-0568,"Video: demo_video.mp4, Frame: 20, Độ rõ: Rõ"
2026-02-08 12:31:11,97B06868,PHÁT HIỆN VI PHẠM VIDEO,Xe máy - 97B-06868,"Video: demo_video.mp4, Frame: 25, Độ rõ: Rõ"
2026-02-08 12:31:11,51861,PHÁT HIỆN VI PHẠM VIDEO,Xe máy - 5-1861,"Video: demo_video.mp4, Frame: 25, Độ rõ: Rõ"
2026-02-08 12:31:11,597B06868,PHÁT HIỆN VI PHẠM VIDEO,Xe máy - 597B-06868,"Video: demo_video.mp4, Frame: 30, Độ rõ: Rõ"
2026-02-08 12:31:11,59706868,PHÁT HIỆN VI PHẠM VIDEO,Xe máy - 597-06868 - Vi phạm: Đè vạch dừng,"Video: demo_video.mp4, Frame: 35, Độ rõ: Rõ"
2026-02-08 12:31:11,97B0688,PHÁT HIỆN VI PHẠM VIDEO,Xe máy - 97B-0688 - Vi phạm: Đè vạch dừng,"Video: demo_video.mp4, Frame: 40, Độ rõ: Rõ"
2026-02-08 12:31:11,59B06868,PHÁT HIỆN VI PHẠM VIDEO,Xe máy - 59B-06868,"Video: demo_video.mp4, Frame: 45, Độ rõ: Rõ"
2026-02-08 12:31:11,70A26872,PHÁT HIỆN VI PHẠM VIDEO,Xe máy - 70A-26872,"Video: demo_video.mp4, Frame: 45, Độ rõ: Rõ"
2026-02-08 12:31:11,59410861,PHÁT HIỆN VI PHẠM VIDEO,Xe máy - 594-10861 (Mờ),"Video: demo_video.mp4, Frame: 45, Độ rõ: Mờ"
2026-02-08 12:31:11,91B58,PHÁT HIỆN VI PHẠM VIDEO,Xe máy - 91B-58 - Vi phạm: Đè vạch dừng,"Video: demo_video.mp4, Frame: 50, Độ rõ: Rõ"
2026-02-08 12:31:11,7D126872,PHÁT HIỆN VI PHẠM VIDEO,Xe máy - 7D1-26872,"Video: demo_video.mp4, Frame: 50, Độ rõ: Rõ"
2026-02-08 12:31:11,8,PHÁT HIỆN VI PHẠM VIDEO,Xe máy - -8 - Vi phạm: Đè vạch dừng,"Video: demo_video.mp4, Frame: 50, Độ rõ: Rõ"
2026-02-08 12:31:11,991081,PHÁT HIỆN VI PHẠM VIDEO,Xe máy - 99-1081,"Video: demo_video.mp4, Frame: 55, Độ rõ: Rõ"
2026-02-08 12:31:11,7DA26872,PHÁT HIỆN VI PHẠM VIDEO,Xe máy - 7DA-26872,"Video: demo_video.mp4, Frame: 55, Độ rõ: Rõ"
2026-02-08 12:31:11,X910861,PHÁT HIỆN VI PHẠM VIDEO,Xe máy - X9-10861,"Video: demo_video.mp4, Frame: 60, Độ rõ: Rõ"
2026-02-08 12:31:11,5910558,PHÁT HIỆN VI PHẠM VIDEO,Xe máy - 591-0558,"Video: demo_video.mp4, Frame: 65, Độ rõ: Rõ"
2026-02-08 12:31:11,5910861,PHÁT HIỆN VI PHẠM VIDEO,Xe máy - 59-10861,"Video: demo_video.mp4, Frame: 70, Độ rõ: Rõ"
2026-02-08 12:31:11,91110861,PHÁT HIỆN VI PHẠM VIDEO,Xe máy - 911-10861,"Video: demo_video.mp4, Frame: 75, Độ rõ: Rõ"
2026-02-08 12:31:11,59110861,PHÁT HIỆN VI PHẠM VIDEO,Xe máy - 591-10861,"Video: demo_video.mp4, Frame: 105, Độ rõ: Rõ"
2026-02-08 12:31:11,972,PHÁT HIỆN VI PHẠM VIDEO,Xe máy - 9-72 (Mờ),"Video: demo_video.mp4, Frame: 120, Độ rõ: Mờ"
2026-02-08 12:31:11,59R12,PHÁT HIỆN VI PHẠM VIDEO,Xe máy - 59R-12 (Mờ),"Video: demo_video.mp4, Frame: 125, Độ rõ: Mờ"
2026-02-08 12:31:11,F9824,PHÁT HIỆN VI PHẠM VIDEO,Xe máy - F9-824 (Mờ),"Video: demo_video.mp4, Frame: 130, Độ rõ: Mờ"
2026-02-08 12:31:11,9R1212,PHÁT HIỆN VI PHẠM VIDEO,Xe máy - 9R-1212 (Mờ),"Video: demo_video.mp4, Frame: 135, Độ rõ: Mờ"
2026-02-08 12:31:11,61H159850,PHÁT HIỆN VI PHẠM VIDEO,Xe máy - 61H1-59850 - Vi phạm: Đè vạch dừng,"Video: demo_video.mp4, Frame: 135, Độ rõ: Rõ"
2026-02-08 12:31:11,5R78214,PHÁT HIỆN VI PHẠM VIDEO,Xe máy - 5R-78214,"Video: demo_video.mp4, Frame: 140, Độ rõ: Rõ"
2026-02-08 12:31:11,59Y1161,PHÁT HIỆN VI PHẠM VIDEO,Xe máy - 59Y1-161,"Video: demo_video.mp4, Frame: 140, Độ rõ: Rõ"
2026-02-08 12:31:11,59R7821,PHÁT HIỆN VI PHẠM VIDEO,Xe máy - 59R-7821,"Video: demo_video.mp4, Frame: 145, Độ rõ: Rõ"
2026-02-08 12:31:11,59214,PHÁT HIỆN VI PHẠM VIDEO,Xe máy - 59-214 - Vi phạm: Đè vạch dừng,"Video: demo_video.mp4, Frame: 150, Độ rõ: Rõ"
2026-02-08 12:31:11,6918214,PHÁT HIỆN VI PHẠM VIDEO,Xe máy - 69-18214 - Vi phạm: Đè vạch dừng,"Video: demo_video.mp4, Frame: 155, Độ rõ: Rõ"
2026-02-08 12:31:11,61R159850,PHÁT HIỆN VI PHẠM VIDEO,Xe máy - 61R1-59850 - Vi phạm: Đè vạch dừng,"Video: demo_video.mp4, Frame: 155, Độ rõ: Rõ"
2026-02-08 12:31:11,59R18214,PHÁT HIỆN VI PHẠM VIDEO,Xe máy - 59R-18214 - Vi phạm: Đè vạch dừng,"Video: demo_video.mp4, Frame: 160, Độ rõ: Rõ"
2026-02-08 12:31:11,59RA18214,PHÁT HIỆN VI PHẠM VIDEO,Xe máy - 59RA-18214 - Vi phạm: Đè vạch dừng,"Video: demo_video.mp4, Frame: 165, Độ rõ: Rõ"
2026-02-08 12:31:11,69RA18214,PHÁT HIỆN VI PHẠM VIDEO,Xe máy - 69RA-18214 - Vi phạm: Đè vạch dừng,"Video: demo_video.mp4, Frame: 170, Độ rõ: Rõ"
2026-02-08 12:31:11,5R18214,PHÁT HIỆN VI PHẠM VIDEO,Xe máy - 5R-18214 - Vi phạm: Đè vạch dừng,"Video: demo_video.mp4, Frame: 180, Độ rõ: Rõ"
2026-02-08 12:31:11,R59850,PHÁT HIỆN VI PHẠM VIDEO,Xe máy - R-59850 - Vi phạm: Đè vạch dừng,"Video: demo_video.mp4, Frame: 180, Độ rõ: Rõ"
2026-02-08 12:31:11,69R1821,PHÁT HIỆN VI PHẠM VIDEO,Xe máy - 69R-1821 - Vi phạm: Đè vạch dừng,"Video: demo_video.mp4, Frame: 185, Độ rõ: Rõ"
2026-02-08 12:31:11,1Z15980,PHÁT HIỆN VI PHẠM VIDEO,Xe máy - 1Z1-5980 - Vi phạm: Đè vạch dừng,"Video: demo_video.mp4, Frame: 185, Độ rõ: Rõ"
2026-02-08 12:31:11,59R121,PHÁT HIỆN VI PHẠM VIDEO,Xe máy - 59R-121 - Vi phạm: Đè vạch dừng,"Video: demo_video.mp4, Frame: 190, Độ rõ: Rõ"
2026-02-08 12:31:11,59A18214,PHÁT HIỆN VI PHẠM VIDEO,Xe máy - 59A-18214 - Vi phạm: Đè vạch dừng,"Video: demo_video.mp4, Frame: 195, Độ rõ: Rõ"
2026-02-08 12:31:11,59R1821,PHÁT HIỆN VI PHẠM VIDEO,Xe máy - 59R-1821 - Vi phạm: Đè vạch dừng,"Video: demo_video.mp4, Frame: 200, Độ rõ: Rõ"
2026-02-08 12:31:11,5917214,PHÁT HIỆN VI PHẠM VIDEO,Xe máy - 59-17214 - Vi phạm: Đè vạch dừng,"Video: demo_video.mp4, Frame: 205, Độ rõ: Rõ"
2026-02-08 12:31:11,59R8214,PHÁT HIỆN VI PHẠM VIDEO,Xe máy - 59R-8214 - Vi phạm: Đè vạch dừng,"Video: demo_video.mp4, Frame: 210, Độ rõ: Rõ"
2026-02-08 12:31:11,8120,PHÁT HIỆN VI PHẠM VIDEO,Xe máy - 81-20,"Video: demo_video.mp4, Frame: 215, Độ rõ: Rõ"
2026-02-08 12:31:11,5982,PHÁT HIỆN VI PHẠM VIDEO,Xe máy - 59-82 - Vi phạm: Đè vạch dừng,"Video: demo_video.mp4, Frame: 215, Độ rõ: Rõ"
2026-02-08 12:31:11,5005,PHÁT HIỆN VI PHẠM VIDEO,Xe máy - 500-5 - Vi phạm: Đè vạch dừng,"Video: demo_video.mp4, Frame: 220, Độ rõ: Rõ"
2026-02-08 12:31:11,Z8721,PHÁT HIỆN VI PHẠM VIDEO,Xe máy - Z-8721 (Mờ),"Video: demo_video.mp4, Frame: 230, Độ rõ: Mờ"
2026-02-08 12:31:11,814,PHÁT HIỆN VI PHẠM VIDEO,Xe máy - 8-14 - Vi phạm: Đè vạch dừng,"Video: demo_video.mp4, Frame: 235, Độ rõ: Rõ"
2026-02-08 12:31:11,5,PHÁT HIỆN VI PHẠM VIDEO,Xe máy - -5,"Video: demo_video.mp4, Frame: 245, Độ rõ: Rõ"
2026-02-08 12:31:11,70A26822,PHÁT HIỆN VI PHẠM VIDEO,Xe máy - 70A-26822,"Video: demo_video.mp4, Frame: 260, Độ rõ: Rõ"
2026-02-08 12:31:11,591079,PHÁT HIỆN VI PHẠM VIDEO,Xe máy - 591-079,"Video: demo_video.mp4, Frame: 260, Độ rõ: Rõ"
2026-02-08 12:31:11,5R9Y778079,PHÁT HIỆN VI PHẠM VIDEO,Xe máy - 5R9Y7-78079,"Video: demo_video.mp4, Frame: 265, Độ rõ: Rõ"
2026-02-08 12:31:11,59807,PHÁT HIỆN VI PHẠM VIDEO,Xe máy - 59-807 - Vi phạm: Đè vạch dừng,"Video: demo_video.mp4, Frame: 285, Độ rõ: Rõ"
2026-02-08 12:31:11,59178D079,PHÁT HIỆN VI PHẠM VIDEO,Xe máy - 591-78D079 - Vi phạm: Đè vạch dừng,"Video: demo_video.mp4, Frame: 290, Độ rõ: Rõ"
2026-02-08 12:31:11,519178079,PHÁT HIỆN VI PHẠM VIDEO,Xe máy - 5191-78079 - Vi phạm: Đè vạch dừng,"Video: demo_video.mp4, Frame: 295, Độ rõ: Rõ"
2026-02-08 12:31:11,59P1178079,PHÁT HIỆN VI PHẠM VIDEO,Xe máy - 59P11-78079 - Vi phạm: Đè vạch dừng,"Video: demo_video.mp4, Frame: 300, Độ rõ: Rõ"
2026-02-08 12:31:11,591178079,PHÁT HIỆN VI PHẠM VIDEO,Xe máy - 5911-78079 - Vi phạm: Đè vạch dừng,"Video: demo_video.mp4, Frame: 305, Độ rõ: Rõ"
2026-02-08 12:31:11,59178079,PHÁT HIỆN VI PHẠM VIDEO,Xe máy - 591-78079 - Vi phạm: Đè vạch dừng,"Video: demo_video.mp4, Frame: 330, Độ rõ: Rõ"
2026-02-08 12:31:11,178B2,PHÁT HIỆN VI PHẠM VIDEO,Xe máy - 1-78B2 - Vi phạm: Đè vạch dừng,"Video: demo_video.mp4, Frame: 340, Độ rõ: Rõ"
2026-02-08 12:31:11,757,PHÁT HIỆN VI PHẠM VIDEO,Xe máy - 7-57,"Video: demo_video.mp4, Frame: 340, Độ rõ: Rõ"
2026-02-08 12:31:11,525E,PHÁT HIỆN VI PHẠM VIDEO,Xe máy - 52-5E,"Video: demo_video.mp4, Frame: 345, Độ rõ: Rõ"
2026-02-08 12:31:11,59R2553,PHÁT HIỆN VI PHẠM VIDEO,Xe máy - 59R2-553,"Video: demo_video.mp4, Frame: 350, Độ rõ: Rõ"
2026-02-08 12:31:11,59RR27553,PHÁT HIỆN VI PHẠM VIDEO,Xe máy - 59RR2-7553,"Video: demo_video.mp4, Frame: 355, Độ rõ: Rõ"
2026-02-08 12:31:11,59253,PHÁT HIỆN VI PHẠM VIDEO,Xe máy - 592-53,"Video: demo_video.mp4, Frame: 360, Độ rõ: Rõ"
2026-02-08 12:31:11,5TR273,PHÁT HIỆN VI PHẠM VIDEO,Xe máy - 5TR2-73,"Video: demo_video.mp4, Frame: 365, Độ rõ: Rõ"
2026-02-08 12:31:11,9124253,PHÁT HIỆN VI PHẠM VIDEO,Xe máy - 912-4253,"Video: demo_video.mp4, Frame: 370, Độ rõ: Rõ"
2026-02-08 12:31:11,52425,PHÁT HIỆN VI PHẠM VIDEO,Xe máy - 52-425 - Vi phạm: Đè vạch dừng,"Video: demo_video.mp4, Frame: 375, Độ rõ: Rõ"
2026-02-08 12:31:11,524253,PHÁT HIỆN VI PHẠM VIDEO,Xe máy - 52-4253 - Vi phạm: Đè vạch dừng,"Video: demo_video.mp4, Frame: 380, Độ rõ: Rõ"
2026-02-08 12:31:11,3242353,PHÁT HIỆN VI PHẠM VIDEO,Xe máy - 32-42353 - Vi phạm: Đè vạch dừng,"Video: demo_video.mp4, Frame: 385, Độ rõ: Rõ"
2026-02-08 12:31:11,242553,PHÁT HIỆN VI PHẠM VIDEO,Xe máy - 2-42553 - Vi phạm: Đè vạch dừng,"Video: demo_video.mp4, Frame: 390, Độ rõ: Rõ"
2026-02-08 12:31:11,527T31650,PHÁT HIỆN VI PHẠM VIDEO,Xe máy - 527T3-1650,"Video: demo_video.mp4, Frame: 415, Độ rõ: Rõ"
2026-02-08 12:31:11,59T321650,PHÁT HIỆN VI PHẠM VIDEO,Xe máy - 59T3-21650,"Video: demo_video.mp4, Frame: 420, Độ rõ: Rõ"
2026-02-08 12:31:11,592T321650,PHÁT HIỆN VI PHẠM VIDEO,Xe máy - 592T3-21650,"Video: demo_video.mp4, Frame: 425, Độ rõ: Rõ"
2026-02-08 12:31:11,59T21630,PHÁT HIỆN VI PHẠM VIDEO,Xe máy - 59T-21630 - Vi phạm: Đè vạch dừng,"Video: demo_video.mp4, Frame: 440, Độ rõ: Rõ"
2026-02-08 12:31:11,59321650,PHÁT HIỆN VI PHẠM VIDEO,Xe máy - 593-21650 - Vi phạm: Đè vạch dừng,"Video: demo_video.mp4, Frame: 445, Độ rõ: Rõ"
2026-02-08 12:31:11,5D106,PHÁT HIỆN VI PHẠM VIDEO,Xe máy - 5D-106,"Video: demo_video.mp4, Frame: 465, Độ rõ: Rõ"
2026-02-08 12:31:11,39T321650,PHÁT HIỆN VI PHẠM VIDEO,Xe máy - 39T3-21650 - Vi phạm: Đè vạch dừng,"Video: demo_video.mp4, Frame: 465, Độ rõ: Rõ"
2026-02-08 12:31:11,50E106E,PHÁT HIỆN VI PHẠM VIDEO,Xe máy - 50E-106E,"Video: demo_video.mp4, Frame: 470, Độ rõ: Rõ"
2026-02-08 12:31:11,59T3260,PHÁT HIỆN VI PHẠM VIDEO,Xe máy - 59T3-260,"Video: demo_video.mp4, Frame: 470, Độ rõ: Rõ"
2026-02-08 12:31:11,5DE10630,PHÁT HIỆN VI PHẠM VIDEO,Xe máy - 5DE-10630,"Video: demo_video.mp4, Frame: 475, Độ rõ: Rõ"
2026-02-08 12:31:11,39V321650,PHÁT HIỆN VI PHẠM VIDEO,Xe máy - 39V3-21650 - Vi phạm: Đè vạch dừng,"Video: demo_video.mp4, Frame: 475, Độ rõ: Rõ"
2026-02-08 12:31:11,5E10630,PHÁT HIỆN VI PHẠM VIDEO,Xe máy - 5E-10630,"Video: demo_video.mp4, Frame: 485, Độ rõ: Rõ"
2026-02-08 12:31:11,50E10630,PHÁT HIỆN VI PHẠM VIDEO,Xe máy - 50E-10630,"Video: demo_video.mp4, Frame: 490, Độ rõ: Rõ"
2026-02-08 12:31:11,59321630,PHÁT HIỆN VI PHẠM VIDEO,Xe máy - 593-21630 - Vi phạm: Đè vạch dừng,"Video: demo_video.mp4, Frame: 490, Độ rõ: Rõ"
2026-02-08 12:31:11,6DE10623D,PHÁT HIỆN VI PHẠM VIDEO,Xe máy - 6DE-10623D,"Video: demo_video.mp4, Frame: 500, Độ rõ: Rõ"
2026-02-08 12:31:11,47A81773,PHÁT HIỆN VI PHẠM VIDEO,Xe máy - 47A-81773,"Video: demo_video.mp4, Frame: 500, Độ rõ: Rõ"
2026-02-08 12:31:11,Y960218E0,PHÁT HIỆN VI PHẠM VIDEO,Xe máy - Y960-218E0 - Vi phạm: Đè vạch dừng,"Video: demo_video.mp4, Frame: 500, Độ rõ: Rõ"
2026-02-08 12:31:11,5010630,PHÁT HIỆN VI PHẠM VIDEO,Xe máy - 50-10630,"Video: demo_video.mp4, Frame: 505, Độ rõ: Rõ"
2026-02-08 12:31:11,59321760,PHÁT HIỆN VI PHẠM VIDEO,Xe máy - 593-21760 - Vi phạm: Đè vạch dừng,"Video: demo_video.mp4, Frame: 505, Độ rõ: Rõ"
2026-02-08 12:39:33,1X1408503,PHÁT HIỆN VI PHẠM,Xe máy - 1X14-08503 - Vi phạm: Đè vạch dừng,Video: demo_video.mp4 - Frame 5
2026-02-08 12:39:34,81108503,PHÁT HIỆN VI PHẠM,Xe máy - 811-08503 - Vi phạm: Đè vạch dừng,Video: demo_video.mp4 - Frame 10
2026-02-08 12:39:36,59706868,PHÁT HIỆN VI PHẠM,Xe máy - 597-06868 - Vi phạm: Đè vạch dừng,Video: demo_video.mp4 - Frame 35
2026-02-08 12:39:37,97B0688,PHÁT HIỆN VI PHẠM,Xe máy - 97B-0688 - Vi phạm: Đè vạch dừng,Video: demo_video.mp4 - Frame 40
2026-02-08 12:39:38,91B58,PHÁT HIỆN VI PHẠM,Xe máy - 91B-58 - Vi phạm: Đè vạch dừng,Video: demo_video.mp4 - Frame 50
2026-02-08 12:39:38,8,PHÁT HIỆN VI PHẠM,Xe máy - -8 - Vi phạm: Đè vạch dừng,Video: demo_video.mp4 - Frame 50
2026-02-08 12:39:45,61H159850,PHÁT HIỆN VI PHẠM,Xe máy - 61H1-59850 - Vi phạm: Đè vạch dừng,Video: demo_video.mp4 - Frame 135
2026-02-08 12:39:47,59214,PHÁT HIỆN VI PHẠM,Xe máy - 59-214 - Vi phạm: Đè vạch dừng,Video: demo_video.mp4 - Frame 150
2026-02-08 12:39:47,6918214,PHÁT HIỆN VI PHẠM,Xe máy - 69-18214 - Vi phạm: Đè vạch dừng,Video: demo_video.mp4 - Frame 155
2026-02-08 12:39:47,61R159850,PHÁT HIỆN VI PHẠM,Xe máy - 61R1-59850 - Vi phạm: Đè vạch dừng,Video: demo_video.mp4 - Frame 155
2026-02-08 12:39:48,59R18214,PHÁT HIỆN VI PHẠM,Xe máy - 59R-18214 - Vi phạm: Đè vạch dừng,Video: demo_video.mp4 - Frame 160
2026-02-08 12:39:48,59RA18214,PHÁT HIỆN VI PHẠM,Xe máy - 59RA-18214 - Vi phạm: Đè vạch dừng,Video: demo_video.mp4 - Frame 165
2026-02-08 12:39:49,69RA18214,PHÁT HIỆN VI PHẠM,Xe máy - 69RA-18214 - Vi phạm: Đè vạch dừng,Video: demo_video.mp4 - Frame 170
2026-02-08 12:39:50,5R18214,PHÁT HIỆN VI PHẠM,Xe máy - 5R-18214 - Vi phạm: Đè vạch dừng,Video: demo_video.mp4 - Frame 180
2026-02-08 12:39:50,R59850,PHÁT HIỆN VI PHẠM,Xe máy - R-59850 - Vi phạm: Đè vạch dừng,Video: demo_video.mp4 - Frame 180
2026-02-08 12:39:50,69R1821,PHÁT HIỆN VI PHẠM,Xe máy - 69R-1821 - Vi phạm: Đè vạch dừng,Video: demo_video.mp4 - Frame 185
2026-02-08 12:39:51,1Z15980,PHÁT HIỆN VI PHẠM,Xe máy - 1Z1-5980 - Vi phạm: Đè vạch dừng,Video: demo_video.mp4 - Frame 185
2026-02-08 12:39:51,59R121,PHÁT HIỆN VI PHẠM,Xe máy - 59R-121 - Vi phạm: Đè vạch dừng,Video: demo_video.mp4 - Frame 190
2026-02-08 12:39:51,59A18214,PHÁT HIỆN VI PHẠM,Xe máy - 59A-18214 - Vi phạm: Đè vạch dừng,Video: demo_video.mp4 - Frame 195
2026-02-08 12:39:52,59R1821,PHÁT HIỆN VI PHẠM,Xe máy - 59R-1821 - Vi phạm: Đè vạch dừng,Video: demo_video.mp4 - Frame 200
2026-02-08 12:39:52,5917214,PHÁT HIỆN VI PHẠM,Xe máy - 59-17214 - Vi phạm: Đè vạch dừng,Video: demo_video.mp4 - Frame 205
2026-02-08 12:39:53,59R8214,PHÁT HIỆN VI PHẠM,Xe máy - 59R-8214 - Vi phạm: Đè vạch dừng,Video: demo_video.mp4 - Frame 210
2026-02-08 12:39:53,5982,PHÁT HIỆN VI PHẠM,Xe máy - 59-82 - Vi phạm: Đè vạch dừng,Video: demo_video.mp4 - Frame 215
2026-02-08 12:39:54,5005,PHÁT HIỆN VI PHẠM,Xe máy - 500-5 - Vi phạm: Đè vạch dừng,Video: demo_video.mp4 - Frame 220
2026-02-08 12:39:54,Z8721,PHÁT HIỆN VI PHẠM,Xe máy - Z-8721 (Mờ),Video: demo_video.mp4 - Frame 230
2026-02-08 12:39:55,814,PHÁT HIỆN VI PHẠM,Xe máy - 8-14 - Vi phạm: Đè vạch dừng,Video: demo_video.mp4 - Frame 235
2026-02-08 12:39:59,59807,PHÁT HIỆN VI PHẠM,Xe máy - 59-807 - Vi phạm: Đè vạch dừng,Video: demo_video.mp4 - Frame 285
2026-02-08 12:40:00,59178D079,PHÁT HIỆN VI PHẠM,Xe máy - 591-78D079 - Vi phạm: Đè vạch dừng,Video: demo_video.mp4 - Frame 290
2026-02-08 12:40:00,519178079,PHÁT HIỆN VI PHẠM,Xe máy - 5191-78079 - Vi phạm: Đè vạch dừng,Video: demo_video.mp4 - Frame 295
2026-02-08 12:40:00,59P1178079,PHÁT HIỆN VI PHẠM,Xe máy - 59P11-78079 - Vi phạm: Đè vạch dừng,Video: demo_video.mp4 - Frame 300
2026-02-08 12:40:01,591178079,PHÁT HIỆN VI PHẠM,Xe máy - 5911-78079 - Vi phạm: Đè vạch dừng,Video: demo_video.mp4 - Frame 305
2026-02-08 12:40:03,59178079,PHÁT HIỆN VI PHẠM,Xe máy - 591-78079 - Vi phạm: Đè vạch dừng,Video: demo_video.mp4 - Frame 330
2026-02-08 12:40:04,178B2,PHÁT HIỆN VI PHẠM,Xe máy - 1-78B2 - Vi phạm: Đè vạch dừng,Video: demo_video.mp4 - Frame 340
2026-02-08 12:40:07,52425,PHÁT HIỆN VI PHẠM,Xe máy - 52-425 - Vi phạm: Đè vạch dừng,Video: demo_video.mp4 - Frame 375
2026-02-08 12:40:08,524253,PHÁT HIỆN VI PHẠM,Xe máy - 52-4253 - Vi phạm: Đè vạch dừng,Video: demo_video.mp4 - Frame 380
2026-02-08 12:40:08,3242353,PHÁT HIỆN VI PHẠM,Xe máy - 32-42353 - Vi phạm: Đè vạch dừng,Video: demo_video.mp4 - Frame 385
2026-02-08 12:40:08,242553,PHÁT HIỆN VI PHẠM,Xe máy - 2-42553 - Vi phạm: Đè vạch dừng,Video: demo_video.mp4 - Frame 390
2026-02-08 12:40:12,59T21630,PHÁT HIỆN VI PHẠM,Xe máy - 59T-21630 - Vi phạm: Đè vạch dừng,Video: demo_video.mp4 - Frame 440
2026-02-08 12:40:13,59321650,PHÁT HIỆN VI PHẠM,Xe máy - 593-21650 - Vi phạm: Đè vạch dừng,Video: demo_video.mp4 - Frame 445
2026-02-08 12:40:15,39T321650,PHÁT HIỆN VI PHẠM,Xe máy - 39T3-21650 - Vi phạm: Đè vạch dừng,Video: demo_video.mp4 - Frame 465
2026-02-08 12:40:16,39V321650,PHÁT HIỆN VI PHẠM,Xe máy - 39V3-21650 - Vi phạm: Đè vạch dừng,Video: demo_video.mp4 - Frame 475
2026-02-08 12:40:17,59321630,PHÁT HIỆN VI PHẠM,Xe máy - 593-21630 - Vi phạm: Đè vạch dừng,Video: demo_video.mp4 - Frame 490
2026-02-08 12:40:18,Y960218E0,PHÁT HIỆN VI PHẠM,Xe máy - Y960-218E0 - Vi phạm: Đè vạch dừng,Video: demo_video.mp4 - Frame 500
2026-02-08 12:40:19,59321760,PHÁT HIỆN VI PHẠM,Xe máy - 593-21760 - Vi phạm: Đè vạch dừng,Video: demo_video.mp4 - Frame 505
2026-02-08 12:40:19,597B05868,PHÁT HIỆN VI PHẠM VIDEO,Xe máy - 597B-05868,"Video: demo_video.mp4, Frame: 5, Độ rõ: Rõ"
2026-02-08 12:40:19,1X1408503,PHÁT HIỆN VI PHẠM VIDEO,Xe máy - 1X14-08503 - Vi phạm: Đè vạch dừng,"Video: demo_video.mp4, Frame: 5, Độ rõ: Rõ"
2026-02-08 12:40:19,47A61773,PHÁT HIỆN VI PHẠM VIDEO,Xe máy - 47A-61773,"Video: demo_video.mp4, Frame: 5, Độ rõ: Rõ"
2026-02-08 12:40:19,910861,PHÁT HIỆN VI PHẠM VIDEO,Xe máy - 9-10861,"Video: demo_video.mp4, Frame: 5, Độ rõ: Rõ"
2026-02-08 12:40:19,81108503,PHÁT HIỆN VI PHẠM VIDEO,Xe máy - 811-08503 - Vi phạm: Đè vạch dừng,"Video: demo_video.mp4, Frame: 10, Độ rõ: Rõ"
2026-02-08 12:40:19,59B05868,PHÁT HIỆN VI PHẠM VIDEO,Xe máy - 59B-05868,"Video: demo_video.mp4, Frame: 15, Độ rõ: Rõ"
2026-02-08 12:40:19,59B0568,PHÁT HIỆN VI PHẠM VIDEO,Xe máy - 59B-0568,"Video: demo_video.mp4, Frame: 20, Độ rõ: Rõ"
2026-02-08 12:40:19,97B06868,PHÁT HIỆN VI PHẠM VIDEO,Xe máy - 97B-06868,"Video: demo_video.mp4, Frame: 25, Độ rõ: Rõ"
2026-02-08 12:40:19,51861,PHÁT HIỆN VI PHẠM VIDEO,Xe máy - 5-1861,"Video: demo_video.mp4, Frame: 25, Độ rõ: Rõ"
2026-02-08 12:40:19,597B06868,PHÁT HIỆN VI PHẠM VIDEO,Xe máy - 597B-06868,"Video: demo_video.mp4, Frame: 30, Độ rõ: Rõ"
2026-02-08 12:40:19,59706868,PHÁT HIỆN VI PHẠM VIDEO,Xe máy - 597-06868 - Vi phạm: Đè vạch dừng,"Video: demo_video.mp4, Frame: 35, Độ rõ: Rõ"
2026-02-08 12:40:19,97B0688,PHÁT HIỆN VI PHẠM VIDEO,Xe máy - 97B-0688 - Vi phạm: Đè vạch dừng,"Video: demo_video.mp4, Frame: 40, Độ rõ: Rõ"
2026-02-08 12:40:19,59B06868,PHÁT HIỆN VI PHẠM VIDEO,Xe máy - 59B-06868,"Video: demo_video.mp4, Frame: 45, Độ rõ: Rõ"
2026-02-08 12:40:19,70A26872,PHÁT HIỆN VI PHẠM VIDEO,Xe máy - 70A-26872,"Video: demo_video.mp4, Frame: 45, Độ rõ: Rõ"
2026-02-08 12:40:19,59410861,PHÁT HIỆN VI PHẠM VIDEO,Xe máy - 594-10861 (Mờ),"Video: demo_video.mp4, Frame: 45, Độ rõ: Mờ"
2026-02-08 12:40:19,91B58,PHÁT HIỆN VI PHẠM VIDEO,Xe máy - 91B-58 - Vi phạm: Đè vạch dừng,"Video: demo_video.mp4, Frame: 50, Độ rõ: Rõ"
2026-02-08 12:40:19,7D126872,PHÁT HIỆN VI PHẠM VIDEO,Xe máy - 7D1-26872,"Video: demo_video.mp4, Frame: 50, Độ rõ: Rõ"
2026-02-08 12:40:19,8,PHÁT HIỆN VI PHẠM VIDEO,Xe máy - -8 - Vi phạm: Đè vạch dừng,"Video: demo_video.mp4, Frame: 50, Độ rõ: Rõ"
2026-02-08 12:40:19,991081,PHÁT HIỆN VI PHẠM VIDEO,Xe máy - 99-1081,"Video: demo_video.mp4, Frame: 55, Độ rõ: Rõ"
2026-02-08 12:40:19,7DA26872,PHÁT HIỆN VI PHẠM VIDEO,Xe máy - 7DA-26872,"Video: demo_video.mp4, Frame: 55, Độ rõ: Rõ"
2026-02-08 12:40:19,X910861,PHÁT HIỆN VI PHẠM VIDEO,Xe máy - X9-10861,"Video: demo_video.mp4, Frame: 60, Độ rõ: Rõ"
2026-02-08 12:40:19,5910558,PHÁT HIỆN VI PHẠM VIDEO,Xe máy - 591-0558,"Video: demo_video.mp4, Frame: 65, Độ rõ: Rõ"
2026-02-08 12:40:19,5910861,PHÁT HIỆN VI PHẠM VIDEO,Xe máy - 59-10861,"Video: demo_video.mp4, Frame: 70, Độ rõ: Rõ"
2026-02-08 12:40:19,91110861,PHÁT HIỆN VI PHẠM VIDEO,Xe máy - 911-10861,"Video: demo_video.mp4, Frame: 75, Độ rõ: Rõ"
2026-02-08 12:40:19,59110861,PHÁT HIỆN VI PHẠM VIDEO,Xe máy - 591-10861,"Video: demo_video.mp4, Frame: 105, Độ rõ: Rõ"
2026-02-08 12:40:19,972,PHÁT HIỆN VI PHẠM VIDEO,Xe máy - 9-72 (Mờ),"Video: demo_video.mp4, Frame: 120, Độ rõ: Mờ"
2026-02-08 12:40:19,59R12,PHÁT HIỆN VI PHẠM VIDEO,Xe máy - 59R-12 (Mờ),"Video: demo_video.mp4, Frame: 125, Độ rõ: Mờ"
2026-02-08 12:40:19,F9824,PHÁT HIỆN VI PHẠM VIDEO,Xe máy - F9-824 (Mờ),"Video: demo_video.mp4, Frame: 130, Độ rõ: Mờ"
2026-02-08 12:40:19,9R1212,PHÁT HIỆN VI PHẠM VIDEO,Xe máy - 9R-1212 (Mờ),"Video: demo_video.mp4, Frame: 135, Độ rõ: Mờ"
2026-02-08 12:40:19,61H159850,PHÁT HIỆN VI PHẠM VIDEO,Xe máy - 61H1-59850 - Vi phạm: Đè vạch dừng,"Video: demo_video.mp4, Frame: 135, Độ rõ: Rõ"
2026-02-08 12:40:19,5R78214,PHÁT HIỆN VI PHẠM VIDEO,Xe máy - 5R-78214,"Video: demo_video.mp4, Frame: 140, Độ rõ: Rõ"
2026-02-08 12:40:19,59Y1161,PHÁT HIỆN VI PHẠM VIDEO,Xe máy - 59Y1-161,"Video: demo_video.mp4, Frame: 140, Độ rõ: Rõ"
2026-02-08 12:40:19,59R7821,PHÁT HIỆN VI PHẠM VIDEO,Xe máy - 59R-7821,"Video: demo_video.mp4, Frame: 145, Độ rõ: Rõ"
2026-02-08 12:40:19,59214,PHÁT HIỆN VI PHẠM VIDEO,Xe máy - 59-214 - Vi phạm: Đè vạch dừng,"Video: demo_video.mp4, Frame: 150, Độ rõ: Rõ"
2026-02-08 12:40:19,6918214,PHÁT HIỆN VI PHẠM VIDEO,Xe máy - 69-18214 - Vi phạm: Đè vạch dừng,"Video: demo_video.mp4, Frame: 155, Độ rõ: Rõ"
2026-02-08 12:40:19,61R159850,PHÁT HIỆN VI PHẠM VIDEO,Xe máy - 61R1-59850 - Vi phạm: Đè vạch dừng,"Video: demo_video.mp4, Frame: 155, Độ rõ: Rõ"
2026-02-08 12:40:19,59R18214,PHÁT HIỆN VI PHẠM VIDEO,Xe máy - 59R-18214 - Vi phạm: Đè vạch dừng,"Video: demo_video.mp4, Frame: 160, Độ rõ: Rõ"
2026-02-08 12:40:19,59RA18214,PHÁT HIỆN VI PHẠM VIDEO,Xe máy - 59RA-18214 - Vi phạm: Đè vạch dừng,"Video: demo_video.mp4, Frame: 165, Độ rõ: Rõ"
2026-02-08 12:40:19,69RA18214,PHÁT HIỆN VI PHẠM VIDEO,Xe máy - 69RA-18214 - Vi phạm: Đè vạch dừng,"Video: demo_video.mp4, Frame: 170, Độ rõ: Rõ"
2026-02-08 12:40:19,5R18214,PHÁT HIỆN VI PHẠM VIDEO,Xe máy - 5R-18214 - Vi phạm: Đè vạch dừng,"Video: demo_video.mp4, Frame: 180, Độ rõ: Rõ"
2026-02-08 12:40:19,R59850,PHÁT HIỆN VI PHẠM VIDEO,Xe máy - R-59850 - Vi phạm: Đè vạch dừng,"Video: demo_video.mp4, Frame: 180, Độ rõ: Rõ"
2026-02-08 12:40:19,69R1821,PHÁT HIỆN VI PHẠM VIDEO,Xe máy - 69R-1821 - Vi phạm: Đè vạch dừng,"Video: demo_video.mp4, Frame: 185, Độ rõ: Rõ"
2026-02-08 12:40:19,1Z15980,PHÁT HIỆN VI PHẠM VIDEO,Xe máy - 1Z1-5980 - Vi phạm: Đè vạch dừng,"Video: demo_video.mp4, Frame: 185, Độ rõ: Rõ"
2026-02-08 12:40:19,59R121,PHÁT HIỆN VI PHẠM VIDEO,Xe máy - 59R-121 - Vi phạm: Đè vạch dừng,"Video: demo_video.mp4, Frame: 190, Độ rõ: Rõ"
2026-02-08 12:40:19,59A18214,PHÁT HIỆN VI PHẠM VIDEO,Xe máy - 59A-18214 - Vi phạm: Đè vạch dừng,"Video: demo_video.mp4, Frame: 195, Độ rõ: Rõ"
2026-02-08 12:40:19,59R1821,PHÁT HIỆN VI PHẠM VIDEO,Xe máy - 59R-1821 - Vi phạm: Đè vạch dừng,"Video: demo_video.mp4, Frame: 200, Độ rõ: Rõ"
2026-02-08 12:40:19,5917214,PHÁT HIỆN VI PHẠM VIDEO,Xe máy - 59-17214 - Vi phạm: Đè vạch dừng,"Video: demo_video.mp4, Frame: 205, Độ rõ: Rõ"
2026-02-08 12:40:19,59R8214,PHÁT HIỆN VI PHẠM VIDEO,Xe máy - 59R-8214 - Vi phạm: Đè vạch dừng,"Video: demo_video.mp4, Frame: 210, Độ rõ: Rõ"
2026-02-08 12:40:19,8120,PHÁT HIỆN VI PHẠM VIDEO,Xe máy - 81-20,"Video: demo_video.mp4, Frame: 215, Độ rõ: Rõ"
2026-02-08 12:40:19,5982,PHÁT HIỆN VI PHẠM VIDEO,Xe máy - 59-82 - Vi phạm: Đè vạch dừng,"Video: demo_video.mp4, Frame: 215, Độ rõ: Rõ"
2026-02-08 12:40:19,5005,PHÁT HIỆN VI PHẠM VIDEO,Xe máy - 500-5 - Vi phạm: Đè vạch dừng,"Video: demo_video.mp4, Frame: 220, Độ rõ: Rõ"
2026-02-08 12:40:19,Z8721,PHÁT HIỆN VI PHẠM VIDEO,Xe máy - Z-8721 (Mờ),"Video: demo_video.mp4, Frame: 230, Độ rõ: Mờ"
2026-02-08 12:40:19,814,PHÁT HIỆN VI PHẠM VIDEO,Xe máy - 8-14 - Vi phạm: Đè vạch dừng,"Video: demo_video.mp4, Frame: 235, Độ rõ: Rõ"
2026-02-08 12:40:19,5,PHÁT HIỆN VI PHẠM VIDEO,Xe máy - -5,"Video: demo_video.mp4, Frame: 245, Độ rõ: Rõ"
2026-02-08 12:40:19,70A26822,PHÁT HIỆN VI PHẠM VIDEO,Xe máy - 70A-26822,"Video: demo_video.mp4, Frame: 260, Độ rõ: Rõ"
2026-02-08 12:40:19,591079,PHÁT HIỆN VI PHẠM VIDEO,Xe máy - 591-079,"Video: demo_video.mp4, Frame: 260, Độ rõ: Rõ"
2026-02-08 12:40:19,5R9Y778079,PHÁT HIỆN VI PHẠM VIDEO,Xe máy - 5R9Y7-78079,"Video: demo_video.mp4, Frame: 265, Độ rõ: Rõ"
2026-02-08 12:40:19,59807,PHÁT HIỆN VI PHẠM VIDEO,Xe máy - 59-807 - Vi phạm: Đè vạch dừng,"Video: demo_video.mp4, Frame: 285, Độ rõ: Rõ"
2026-02-08 12:40:19,59178D079,PHÁT HIỆN VI PHẠM VIDEO,Xe máy - 591-78D079 - Vi phạm: Đè vạch dừng,"Video: demo_video.mp4, Frame: 290, Độ rõ: Rõ"
2026-02-08 12:40:19,519178079,PHÁT HIỆN VI PHẠM VIDEO,Xe máy - 5191-78079 - Vi phạm: Đè vạch dừng,"Video: demo_video.mp4, Frame: 295, Độ rõ: Rõ"
2026-02-08 12:40:19,59P1178079,PHÁT HIỆN VI PHẠM VIDEO,Xe máy - 59P11-78079 - Vi phạm: Đè vạch dừng,"Video: demo_video.mp4, Frame: 300, Độ rõ: Rõ"
2026-02-08 12:40:19,591178079,PHÁT HIỆN VI PHẠM VIDEO,Xe máy - 5911-78079 - Vi phạm: Đè vạch dừng,"Video: demo_video.mp4, Frame: 305, Độ rõ: Rõ"
2026-02-08 12:40:19,59178079,PHÁT HIỆN VI PHẠM VIDEO,Xe máy - 591-78079 - Vi phạm: Đè vạch dừng,"Video: demo_video.mp4, Frame: 330, Độ rõ: Rõ"
2026-02-08 12:40:19,178B2,PHÁT HIỆN VI PHẠM VIDEO,Xe máy - 1-78B2 - Vi phạm: Đè vạch dừng,"Video: demo_video.mp4, Frame: 340, Độ rõ: Rõ"
2026-02-08 12:40:19,757,PHÁT HIỆN VI PHẠM VIDEO,Xe máy - 7-57,"Video: demo_video.mp4, Frame: 340, Độ rõ: Rõ"
2026-02-08 12:40:19,525E,PHÁT HIỆN VI PHẠM VIDEO,Xe máy - 52-5E,"Video: demo_video.mp4, Frame: 345, Độ rõ: Rõ"
2026-02-08 12:40:19,59R2553,PHÁT HIỆN VI PHẠM VIDEO,Xe máy - 59R2-553,"Video: demo_video.mp4, Frame: 350, Độ rõ: Rõ"
2026-02-08 12:40:19,59RR27553,PHÁT HIỆN VI PHẠM VIDEO,Xe máy - 59RR2-7553,"Video: demo_video.mp4, Frame: 355, Độ rõ: Rõ"
2026-02-08 12:40:19,59253,PHÁT HIỆN VI PHẠM VIDEO,Xe máy - 592-53,"Video: demo_video.mp4, Frame: 360, Độ rõ: Rõ"
2026-02-08 12:40:19,5TR273,PHÁT HIỆN VI PHẠM VIDEO,Xe máy - 5TR2-73,"Video: demo_video.mp4, Frame: 365, Độ rõ: Rõ"
2026-02-08 12:40:19,9124253,PHÁT HIỆN VI PHẠM VIDEO,Xe máy - 912-4253,"Video: demo_video.mp4, Frame: 370, Độ rõ: Rõ"
2026-02-08 12:40:19,52425,PHÁT HIỆN VI PHẠM VIDEO,Xe máy - 52-425 - Vi phạm: Đè vạch dừng,"Video: demo_video.mp4, Frame: 375, Độ rõ: Rõ"
2026-02-08 12:40:19,524253,PHÁT HIỆN VI PHẠM VIDEO,Xe máy - 52-4253 - Vi phạm: Đè vạch dừng,"Video: demo_video.mp4, Frame: 380, Độ rõ: Rõ"
2026-02-08 12:40:19,3242353,PHÁT HIỆN VI PHẠM VIDEO,Xe máy - 32-42353 - Vi phạm: Đè vạch dừng,"Video: demo_video.mp4, Frame: 385, Độ rõ: Rõ"
2026-02-08 12:40:19,242553,PHÁT HIỆN VI PHẠM VIDEO,Xe máy - 2-42553 - Vi phạm: Đè vạch dừng,"Video: demo_video.mp4, Frame: 390, Độ rõ: Rõ"
2026-02-08 12:40:19,527T31650,PHÁT HIỆN VI PHẠM VIDEO,Xe máy - 527T3-1650,"Video: demo_video.mp4, Frame: 415, Độ rõ: Rõ"
2026-02-08 12:40:19,59T321650,PHÁT HIỆN VI PHẠM VIDEO,Xe máy - 59T3-21650,"Video: demo_video.mp4, Frame: 420, Độ rõ: Rõ"
2026-02-08 12:40:19,592T321650,PHÁT HIỆN VI PHẠM VIDEO,Xe máy - 592T3-21650,"Video: demo_video.mp4, Frame: 425, Độ rõ: Rõ"
2026-02-08 12:40:19,59T21630,PHÁT HIỆN VI PHẠM VIDEO,Xe máy - 59T-21630 - Vi phạm: Đè vạch dừng,"Video: demo_video.mp4, Frame: 440, Độ rõ: Rõ"
2026-02-08 12:40:19,59321650,PHÁT HIỆN VI PHẠM VIDEO,Xe máy - 593-21650 - Vi phạm: Đè vạch dừng,"Video: demo_video.mp4, Frame: 445, Độ rõ: Rõ"
2026-02-08 12:40:19,5D106,PHÁT HIỆN VI PHẠM VIDEO,Xe máy - 5D-106,"Video: demo_video.mp4, Frame: 465, Độ rõ: Rõ"
2026-02-08 12:40:19,39T321650,PHÁT HIỆN VI PHẠM VIDEO,Xe máy - 39T3-21650 - Vi phạm: Đè vạch dừng,"Video: demo_video.mp4, Frame: 465, Độ rõ: Rõ"
2026-02-08 12:40:19,50E106E,PHÁT HIỆN VI PHẠM VIDEO,Xe máy - 50E-106E,"Video: demo_video.mp4, Frame: 470, Độ rõ: Rõ"
2026-02-08 12:40:19,59T3260,PHÁT HIỆN VI PHẠM VIDEO,Xe máy - 59T3-260,"Video: demo_video.mp4, Frame: 470, Độ rõ: Rõ"
2026-02-08 12:40:19,5DE10630,PHÁT HIỆN VI PHẠM VIDEO,Xe máy - 5DE-10630,"Video: demo_video.mp4, Frame: 475, Độ rõ: Rõ"
2026-02-08 12:40:19,39V321650,PHÁT HIỆN VI PHẠM VIDEO,Xe máy - 39V3-21650 - Vi phạm: Đè vạch dừng,"Video: demo_video.mp4, Frame: 475, Độ rõ: Rõ"
2026-02-08 12:40:19,5E10630,PHÁT HIỆN VI PHẠM VIDEO,Xe máy - 5E-10630,"Video: demo_video.mp4, Frame: 485, Độ rõ: Rõ"
2026-02-08 12:40:19,50E10630,PHÁT HIỆN VI PHẠM VIDEO,Xe máy - 50E-10630,"Video: demo_video.mp4, Frame: 490, Độ rõ: Rõ"
2026-02-08 12:40:19,59321630,PHÁT HIỆN VI PHẠM VIDEO,Xe máy - 593-21630 - Vi phạm: Đè vạch dừng,"Video: demo_video.mp4, Frame: 490, Độ rõ: Rõ"
2026-02-08 12:40:19,6DE10623D,PHÁT HIỆN VI PHẠM VIDEO,Xe máy - 6DE-10623D,"Video: demo_video.mp4, Frame: 500, Độ rõ: Rõ"
2026-02-08 12:40:19,47A81773,PHÁT HIỆN VI PHẠM VIDEO,Xe máy - 47A-81773,"Video: demo_video.mp4, Frame: 500, Độ rõ: Rõ"
2026-02-08 12:40:19,Y960218E0,PHÁT HIỆN VI PHẠM VIDEO,Xe máy - Y960-218E0 - Vi phạm: Đè vạch dừng,"Video: demo_video.mp4, Frame: 500, Độ rõ: Rõ"
2026-02-08 12:40:19,5010630,PHÁT HIỆN VI PHẠM VIDEO,Xe máy - 50-10630,"Video: demo_video.mp4, Frame: 505, Độ rõ: Rõ"
2026-02-08 12:40:19,59321760,PHÁT HIỆN VI PHẠM VIDEO,Xe máy - 593-21760 - Vi phạm: Đè vạch dừng,"Video: demo_video.mp4, Frame: 505, Độ rõ: Rõ"
2026-02-08 12:41:57,1X1408503,PHÁT HIỆN VI PHẠM,Xe máy - 1X14-08503 - Vi phạm: Đè vạch dừng,Video: demo_video.mp4 - Frame 5
2026-02-08 12:41:57,81108503,PHÁT HIỆN VI PHẠM,Xe máy - 811-08503 - Vi phạm: Đè vạch dừng,Video: demo_video.mp4 - Frame 10
2026-02-08 12:42:00,59706868,PHÁT HIỆN VI PHẠM,Xe máy - 597-06868 - Vi phạm: Đè vạch dừng,Video: demo_video.mp4 - Frame 35
2026-02-08 12:42:00,97B0688,PHÁT HIỆN VI PHẠM,Xe máy - 97B-0688 - Vi phạm: Đè vạch dừng,Video: demo_video.mp4 - Frame 40
2026-02-08 12:42:01,91B58,PHÁT HIỆN VI PHẠM,Xe máy - 91B-58 - Vi phạm: Đè vạch dừng,Video: demo_video.mp4 - Frame 50
2026-02-08 12:42:02,8,PHÁT HIỆN VI PHẠM,Xe máy - -8 - Vi phạm: Đè vạch dừng,Video: demo_video.mp4 - Frame 50
2026-02-08 12:42:09,61H159850,PHÁT HIỆN VI PHẠM,Xe máy - 61H1-59850 - Vi phạm: Đè vạch dừng,Video: demo_video.mp4 - Frame 135
2026-02-08 12:42:10,59214,PHÁT HIỆN VI PHẠM,Xe máy - 59-214 - Vi phạm: Đè vạch dừng,Video: demo_video.mp4 - Frame 150
2026-02-08 12:42:11,6918214,PHÁT HIỆN VI PHẠM,Xe máy - 69-18214 - Vi phạm: Đè vạch dừng,Video: demo_video.mp4 - Frame 155
2026-02-08 12:42:11,61R159850,PHÁT HIỆN VI PHẠM,Xe máy - 61R1-59850 - Vi phạm: Đè vạch dừng,Video: demo_video.mp4 - Frame 155
2026-02-08 12:42:11,59R18214,PHÁT HIỆN VI PHẠM,Xe máy - 59R-18214 - Vi phạm: Đè vạch dừng,Video: demo_video.mp4 - Frame 160
2026-02-08 12:42:12,59RA18214,PHÁT HIỆN VI PHẠM,Xe máy - 59RA-18214 - Vi phạm: Đè vạch dừng,Video: demo_video.mp4 - Frame 165
2026-02-08 12:42:12,69RA18214,PHÁT HIỆN VI PHẠM,Xe máy - 69RA-18214 - Vi phạm: Đè vạch dừng,Video: demo_video.mp4 - Frame 170
2026-02-08 12:42:13,5R18214,PHÁT HIỆN VI PHẠM,Xe máy - 5R-18214 - Vi phạm: Đè vạch dừng,Video: demo_video.mp4 - Frame 180
2026-02-08 12:42:13,R59850,PHÁT HIỆN VI PHẠM,Xe máy - R-59850 - Vi phạm: Đè vạch dừng,Video: demo_video.mp4 - Frame 180
2026-02-08 12:42:14,69R1821,PHÁT HIỆN VI PHẠM,Xe máy - 69R-1821 - Vi phạm: Đè vạch dừng,Video: demo_video.mp4 - Frame 185
2026-02-08 12:42:14,1Z15980,PHÁT HIỆN VI PHẠM,Xe máy - 1Z1-5980 - Vi phạm: Đè vạch dừng,Video: demo_video.mp4 - Frame 185
2026-02-08 12:42:14,59R121,PHÁT HIỆN VI PHẠM,Xe máy - 59R-121 - Vi phạm: Đè vạch dừng,Video: demo_video.mp4 - Frame 190
2026-02-08 12:42:15,59A18214,PHÁT HIỆN VI PHẠM,Xe máy - 59A-18214 - Vi phạm: Đè vạch dừng,Video: demo_video.mp4 - Frame 195
2026-02-08 12:42:15,59R1821,PHÁT HIỆN VI PHẠM,Xe máy - 59R-1821 - Vi phạm: Đè vạch dừng,Video: demo_video.mp4 - Frame 200
2026-02-08 12:42:16,5917214,PHÁT HIỆN VI PHẠM,Xe máy - 59-17214 - Vi phạm: Đè vạch dừng,Video: demo_video.mp4 - Frame 205
2026-02-08 12:42:16,59R8214,PHÁT HIỆN VI PHẠM,Xe máy - 59R-8214 - Vi phạm: Đè vạch dừng,Video: demo_video.mp4 - Frame 210
2026-02-08 12:42:17,5982,PHÁT HIỆN VI PHẠM,Xe máy - 59-82 - Vi phạm: Đè vạch dừng,Video: demo_video.mp4 - Frame 215
2026-02-08 12:42:17,5005,PHÁT HIỆN VI PHẠM,Xe máy - 500-5 - Vi phạm: Đè vạch dừng,Video: demo_video.mp4 - Frame 220
2026-02-08 12:42:18,Z8721,PHÁT HIỆN VI PHẠM,Xe máy - Z-8721 (Mờ),Video: demo_video.mp4 - Frame 230
2026-02-08 12:42:18,814,PHÁT HIỆN VI PHẠM,Xe máy - 8-14 - Vi phạm: Đè vạch dừng,Video: demo_video.mp4 - Frame 235
2026-02-08 12:42:23,59807,PHÁT HIỆN VI PHẠM,Xe máy - 59-807 - Vi phạm: Đè vạch dừng,Video: demo_video.mp4 - Frame 285
2026-02-08 12:42:23,59178D079,PHÁT HIỆN VI PHẠM,Xe máy - 591-78D079 - Vi phạm: Đè vạch dừng,Video: demo_video.mp4 - Frame 290
2026-02-08 12:42:24,519178079,PHÁT HIỆN VI PHẠM,Xe máy - 5191-78079 - Vi phạm: Đè vạch dừng,Video: demo_video.mp4 - Frame 295
2026-02-08 12:42:24,59P1178079,PHÁT HIỆN VI PHẠM,Xe máy - 59P11-78079 - Vi phạm: Đè vạch dừng,Video: demo_video.mp4 - Frame 300
2026-02-08 12:42:24,591178079,PHÁT HIỆN VI PHẠM,Xe máy - 5911-78079 - Vi phạm: Đè vạch dừng,Video: demo_video.mp4 - Frame 305
2026-02-08 12:42:26,59178079,PHÁT HIỆN VI PHẠM,Xe máy - 591-78079 - Vi phạm: Đè vạch dừng,Video: demo_video.mp4 - Frame 330
2026-02-08 12:42:27,178B2,PHÁT HIỆN VI PHẠM,Xe máy - 1-78B2 - Vi phạm: Đè vạch dừng,Video: demo_video.mp4 - Frame 340
2026-02-08 12:42:31,52425,PHÁT HIỆN VI PHẠM,Xe máy - 52-425 - Vi phạm: Đè vạch dừng,Video: demo_video.mp4 - Frame 375
2026-02-08 12:42:31,524253,PHÁT HIỆN VI PHẠM,Xe máy - 52-4253 - Vi phạm: Đè vạch dừng,Video: demo_video.mp4 - Frame 380
2026-02-08 12:42:32,3242353,PHÁT HIỆN VI PHẠM,Xe máy - 32-42353 - Vi phạm: Đè vạch dừng,Video: demo_video.mp4 - Frame 385
2026-02-08 12:42:32,242553,PHÁT HIỆN VI PHẠM,Xe máy - 2-42553 - Vi phạm: Đè vạch dừng,Video: demo_video.mp4 - Frame 390
2026-02-08 12:42:37,59T21630,PHÁT HIỆN VI PHẠM,Xe máy - 59T-21630 - Vi phạm: Đè vạch dừng,Video: demo_video.mp4 - Frame 440
2026-02-08 12:42:37,59321650,PHÁT HIỆN VI PHẠM,Xe máy - 593-21650 - Vi phạm: Đè vạch dừng,Video: demo_video.mp4 - Frame 445
2026-02-08 12:42:39,39T321650,PHÁT HIỆN VI PHẠM,Xe máy - 39T3-21650 - Vi phạm: Đè vạch dừng,Video: demo_video.mp4 - Frame 465
2026-02-08 12:42:40,39V321650,PHÁT HIỆN VI PHẠM,Xe máy - 39V3-21650 - Vi phạm: Đè vạch dừng,Video: demo_video.mp4 - Frame 475
2026-02-08 12:42:42,59321630,PHÁT HIỆN VI PHẠM,Xe máy - 593-21630 - Vi phạm: Đè vạch dừng,Video: demo_video.mp4 - Frame 490
2026-02-08 12:42:43,Y960218E0,PHÁT HIỆN VI PHẠM,Xe máy - Y960-218E0 - Vi phạm: Đè vạch dừng,Video: demo_video.mp4 - Frame 500
2026-02-08 12:42:44,59321760,PHÁT HIỆN VI PHẠM,Xe máy - 593-21760 - Vi phạm: Đè vạch dừng,Video: demo_video.mp4 - Frame 505
2026-02-08 12:42:44,597B05868,PHÁT HIỆN VI PHẠM VIDEO,Xe máy - 597B-05868,"Video: demo_video.mp4, Frame: 5, Độ rõ: Rõ"
2026-02-08 12:42:44,1X1408503,PHÁT HIỆN VI PHẠM VIDEO,Xe máy - 1X14-08503 - Vi phạm: Đè vạch dừng,"Video: demo_video.mp4, Frame: 5, Độ rõ: Rõ"
2026-02-08 12:42:44,47A61773,PHÁT HIỆN VI PHẠM VIDEO,Xe máy - 47A-61773,"Video: demo_video.mp4, Frame: 5, Độ rõ: Rõ"
2026-02-08 12:42:44,910861,PHÁT HIỆN VI PHẠM VIDEO,Xe máy - 9-10861,"Video: demo_video.mp4, Frame: 5, Độ rõ: Rõ"
2026-02-08 12:42:44,81108503,PHÁT HIỆN VI PHẠM VIDEO,Xe máy - 811-08503 - Vi phạm: Đè vạch dừng,"Video: demo_video.mp4, Frame: 10, Độ rõ: Rõ"
2026-02-08 12:42:44,59B05868,PHÁT HIỆN VI PHẠM VIDEO,Xe máy - 59B-05868,"Video: demo_video.mp4, Frame: 15, Độ rõ: Rõ"
2026-02-08 12:42:44,59B0568,PHÁT HIỆN VI PHẠM VIDEO,Xe máy - 59B-0568,"Video: demo_video.mp4, Frame: 20, Độ rõ: Rõ"
2026-02-08 12:42:44,97B06868,PHÁT HIỆN VI PHẠM VIDEO,Xe máy - 97B-06868,"Video: demo_video.mp4, Frame: 25, Độ rõ: Rõ"
2026-02-08 12:42:44,51861,PHÁT HIỆN VI PHẠM VIDEO,Xe máy - 5-1861,"Video: demo_video.mp4, Frame: 25, Độ rõ: Rõ"
2026-02-08 12:42:44,597B06868,PHÁT HIỆN VI PHẠM VIDEO,Xe máy - 597B-06868,"Video: demo_video.mp4, Frame: 30, Độ rõ: Rõ"
2026-02-08 12:42:44,59706868,PHÁT HIỆN VI PHẠM VIDEO,Xe máy - 597-06868 - Vi phạm: Đè vạch dừng,"Video: demo_video.mp4, Frame: 35, Độ rõ: Rõ"
2026-02-08 12:42:44,97B0688,PHÁT HIỆN VI PHẠM VIDEO,Xe máy - 97B-0688 - Vi phạm: Đè vạch dừng,"Video: demo_video.mp4, Frame: 40, Độ rõ: Rõ"
2026-02-08 12:42:44,59B06868,PHÁT HIỆN VI PHẠM VIDEO,Xe máy - 59B-06868,"Video: demo_video.mp4, Frame: 45, Độ rõ: Rõ"
2026-02-08 12:42:44,70A26872,PHÁT HIỆN VI PHẠM VIDEO,Xe máy - 70A-26872,"Video: demo_video.mp4, Frame: 45, Độ rõ: Rõ"
2026-02-08 12:42:44,59410861,PHÁT HIỆN VI PHẠM VIDEO,Xe máy - 594-10861 (Mờ),"Video: demo_video.mp4, Frame: 45, Độ rõ: Mờ"
2026-02-08 12:42:44,91B58,PHÁT HIỆN VI PHẠM VIDEO,Xe máy - 91B-58 - Vi phạm: Đè vạch dừng,"Video: demo_video.mp4, Frame: 50, Độ rõ: Rõ"
2026-02-08 12:42:44,7D126872,PHÁT HIỆN VI PHẠM VIDEO,Xe máy - 7D1-26872,"Video: demo_video.mp4, Frame: 50, Độ rõ: Rõ"
2026-02-08 12:42:44,8,PHÁT HIỆN VI PHẠM VIDEO,Xe máy - -8 - Vi phạm: Đè vạch dừng,"Video: demo_video.mp4, Frame: 50, Độ rõ: Rõ"
2026-02-08 12:42:44,991081,PHÁT HIỆN VI PHẠM VIDEO,Xe máy - 99-1081,"Video: demo_video.mp4, Frame: 55, Độ rõ: Rõ"
2026-02-08 12:42:44,7DA26872,PHÁT HIỆN VI PHẠM VIDEO,Xe máy - 7DA-26872,"Video: demo_video.mp4, Frame: 55, Độ rõ: Rõ"
2026-02-08 12:42:44,X910861,PHÁT HIỆN VI PHẠM VIDEO,Xe máy - X9-10861,"Video: demo_video.mp4, Frame: 60, Độ rõ: Rõ"
2026-02-08 12:42:44,5910558,PHÁT HIỆN VI PHẠM VIDEO,Xe máy - 591-0558,"Video: demo_video.mp4, Frame: 65, Độ rõ: Rõ"
2026-02-08 12:42:44,5910861,PHÁT HIỆN VI PHẠM VIDEO,Xe máy - 59-10861,"Video: demo_video.mp4, Frame: 70, Độ rõ: Rõ"
2026-02-08 12:42:44,91110861,PHÁT HIỆN VI PHẠM VIDEO,Xe máy - 911-10861,"Video: demo_video.mp4, Frame: 75, Độ rõ: Rõ"
2026-02-08 12:42:44,59110861,PHÁT HIỆN VI PHẠM VIDEO,Xe máy - 591-10861,"Video: demo_video.mp4, Frame: 105, Độ rõ: Rõ"
2026-02-08 12:42:44,972,PHÁT HIỆN VI PHẠM VIDEO,Xe máy - 9-72 (Mờ),"Video: demo_video.mp4, Frame: 120, Độ rõ: Mờ"
2026-02-08 12:42:44,59R12,PHÁT HIỆN VI PHẠM VIDEO,Xe máy - 59R-12 (Mờ),"Video: demo_video.mp4, Frame: 125, Độ rõ: Mờ"
2026-02-08 12:42:44,F9824,PHÁT HIỆN VI PHẠM VIDEO,Xe máy - F9-824 (Mờ),"Video: demo_video.mp4, Frame: 130, Độ rõ: Mờ"
2026-02-08 12:42:44,9R1212,PHÁT HIỆN VI PHẠM VIDEO,Xe máy - 9R-1212 (Mờ),"Video: demo_video.mp4, Frame: 135, Độ rõ: Mờ"
2026-02-08 12:42:44,61H159850,PHÁT HIỆN VI PHẠM VIDEO,Xe máy - 61H1-59850 - Vi phạm: Đè vạch dừng,"Video: demo_video.mp4, Frame: 135, Độ rõ: Rõ"
2026-02-08 12:42:44,5R78214,PHÁT HIỆN VI PHẠM VIDEO,Xe máy - 5R-78214,"Video: demo_video.mp4, Frame: 140, Độ rõ: Rõ"
2026-02-08 12:42:44,59Y1161,PHÁT HIỆN VI PHẠM VIDEO,Xe máy - 59Y1-161,"Video: demo_video.mp4, Frame: 140, Độ rõ: Rõ"
2026-02-08 12:42:44,59R7821,PHÁT HIỆN VI PHẠM VIDEO,Xe máy - 59R-7821,"Video: demo_video.mp4, Frame: 145, Độ rõ: Rõ"
2026-02-08 12:42:44,59214,PHÁT HIỆN VI PHẠM VIDEO,Xe máy - 59-214 - Vi phạm: Đè vạch dừng,"Video: demo_video.mp4, Frame: 150, Độ rõ: Rõ"
2026-02-08 12:42:44,6918214,PHÁT HIỆN VI PHẠM VIDEO,Xe máy - 69-18214 - Vi phạm: Đè vạch dừng,"Video: demo_video.mp4, Frame: 155, Độ rõ: Rõ"
2026-02-08 12:42:44,61R159850,PHÁT HIỆN VI PHẠM VIDEO,Xe máy - 61R1-59850 - Vi phạm: Đè vạch dừng,"Video: demo_video.mp4, Frame: 155, Độ rõ: Rõ"
2026-02-08 12:42:44,59R18214,PHÁT HIỆN VI PHẠM VIDEO,Xe máy - 59R-18214 - Vi phạm: Đè vạch dừng,"Video: demo_video.mp4, Frame: 160, Độ rõ: Rõ"
2026-02-08 12:42:44,59RA18214,PHÁT HIỆN VI PHẠM VIDEO,Xe máy - 59RA-18214 - Vi phạm: Đè vạch dừng,"Video: demo_video.mp4, Frame: 165, Độ rõ: Rõ"
2026-02-08 12:42:44,69RA18214,PHÁT HIỆN VI PHẠM VIDEO,Xe máy - 69RA-18214 - Vi phạm: Đè vạch dừng,"Video: demo_video.mp4, Frame: 170, Độ rõ: Rõ"
2026-02-08 12:42:44,5R18214,PHÁT HIỆN VI PHẠM VIDEO,Xe máy - 5R-18214 - Vi phạm: Đè vạch dừng,"Video: demo_video.mp4, Frame: 180, Độ rõ: Rõ"
2026-02-08 12:42:44,R59850,PHÁT HIỆN VI PHẠM VIDEO,Xe máy - R-59850 - Vi phạm: Đè vạch dừng,"Video: demo_video.mp4, Frame: 180, Độ rõ: Rõ"
2026-02-08 12:42:44,69R1821,PHÁT HIỆN VI PHẠM VIDEO,Xe máy - 69R-1821 - Vi phạm: Đè vạch dừng,"Video: demo_video.mp4, Frame: 185, Độ rõ: Rõ"
2026-02-08 12:42:44,1Z15980,PHÁT HIỆN VI PHẠM VIDEO,Xe máy - 1Z1-5980 - Vi phạm: Đè vạch dừng,"Video: demo_video.mp4, Frame: 185, Độ rõ: Rõ"
2026-02-08 12:42:44,59R121,PHÁT HIỆN VI PHẠM VIDEO,Xe máy - 59R-121 - Vi phạm: Đè vạch dừng,"Video: demo_video.mp4, Frame: 190, Độ rõ: Rõ"
2026-02-08 12:42:44,59A18214,PHÁT HIỆN VI PHẠM VIDEO,Xe máy - 59A-18214 - Vi phạm: Đè vạch dừng,"Video: demo_video.mp4, Frame: 195, Độ rõ: Rõ"
2026-02-08 12:42:44,59R1821,PHÁT HIỆN VI PHẠM VIDEO,Xe máy - 59R-1821 - Vi phạm: Đè vạch dừng,"Video: demo_video.mp4, Frame: 200, Độ rõ: Rõ"
2026-02-08 12:42:44,5917214,PHÁT HIỆN VI PHẠM VIDEO,Xe máy - 59-17214 - Vi phạm: Đè vạch dừng,"Video: demo_video.mp4, Frame: 205, Độ rõ: Rõ"
2026-02-08 12:42:44,59R8214,PHÁT HIỆN VI PHẠM VIDEO,Xe máy - 59R-8214 - Vi phạm: Đè vạch dừng,"Video: demo_video.mp4, Frame: 210, Độ rõ: Rõ"
2026-02-08 12:42:44,8120,PHÁT HIỆN VI PHẠM VIDEO,Xe máy - 81-20,"Video: demo_video.mp4, Frame: 215, Độ rõ: Rõ"
2026-02-08 12:42:44,5982,PHÁT HIỆN VI PHẠM VIDEO,Xe máy - 59-82 - Vi phạm: Đè vạch dừng,"Video: demo_video.mp4, Frame: 215, Độ rõ: Rõ"
2026-02-08 12:42:44,5005,PHÁT HIỆN VI PHẠM VIDEO,Xe máy - 500-5 - Vi phạm: Đè vạch dừng,"Video: demo_video.mp4, Frame: 220, Độ rõ: Rõ"
2026-02-08 12:42:44,Z8721,PHÁT HIỆN VI PHẠM VIDEO,Xe máy - Z-8721 (Mờ),"Video: demo_video.mp4, Frame: 230, Độ rõ: Mờ"
2026-02-08 12:42:44,814,PHÁT HIỆN VI PHẠM VIDEO,Xe máy - 8-14 - Vi phạm: Đè vạch dừng,"Video: demo_video.mp4, Frame: 235, Độ rõ: Rõ"
2026-02-08 12:42:44,5,PHÁT HIỆN VI PHẠM VIDEO,Xe máy - -5,"Video: demo_video.mp4, Frame: 245, Độ rõ: Rõ"
2026-02-08 12:42:44,70A26822,PHÁT HIỆN VI PHẠM VIDEO,Xe máy - 70A-26822,"Video: demo_video.mp4, Frame: 260, Độ rõ: Rõ"
2026-02-08 12:42:44,591079,PHÁT HIỆN VI PHẠM VIDEO,Xe máy - 591-079,"Video: demo_video.mp4, Frame: 260, Độ rõ: Rõ"
2026-02-08 12:42:44,5R9Y778079,PHÁT HIỆN VI PHẠM VIDEO,Xe máy - 5R9Y7-78079,"Video: demo_video.mp4, Frame: 265, Độ rõ: Rõ"
2026-02-08 12:42:44,59807,PHÁT HIỆN VI PHẠM VIDEO,Xe máy - 59-807 - Vi phạm: Đè vạch dừng,"Video: demo_video.mp4, Frame: 285, Độ rõ: Rõ"
2026-02-08 12:42:44,59178D079,PHÁT HIỆN VI PHẠM VIDEO,Xe máy - 591-78D079 - Vi phạm: Đè vạch dừng,"Video: demo_video.mp4, Frame: 290, Độ rõ: Rõ"
2026-02-08 12:42:44,519178079,PHÁT HIỆN VI PHẠM VIDEO,Xe máy - 5191-78079 - Vi phạm: Đè vạch dừng,"Video: demo_video.mp4, Frame: 295, Độ rõ: Rõ"
2026-02-08 12:42:44,59P1178079,PHÁT HIỆN VI PHẠM VIDEO,Xe máy - 59P11-78079 - Vi phạm: Đè vạch dừng,"Video: demo_video.mp4, Frame: 300, Độ rõ: Rõ"
2026-02-08 12:42:44,591178079,PHÁT HIỆN VI PHẠM VIDEO,Xe máy - 5911-78079 - Vi phạm: Đè vạch dừng,"Video: demo_video.mp4, Frame: 305, Độ rõ: Rõ"
2026-02-08 12:42:44,59178079,PHÁT HIỆN VI PHẠM VIDEO,Xe máy - 591-78079 - Vi phạm: Đè vạch dừng,"Video: demo_video.mp4, Frame: 330, Độ rõ: Rõ"
2026-02-08 12:42:44,178B2,PHÁT HIỆN VI PHẠM VIDEO,Xe máy - 1-78B2 - Vi phạm: Đè vạch dừng,"Video: demo_video.mp4, Frame: 340, Độ rõ: Rõ"
2026-02-08 12:42:44,757,PHÁT HIỆN VI PHẠM VIDEO,Xe máy - 7-57,"Video: demo_video.mp4, Frame: 340, Độ rõ: Rõ"
2026-02-08 12:42:44,525E,PHÁT HIỆN VI PHẠM VIDEO,Xe máy - 52-5E,"Video: demo_video.mp4, Frame: 345, Độ rõ: Rõ"
2026-02-08 12:42:44,59R2553,PHÁT HIỆN VI PHẠM VIDEO,Xe máy - 59R2-553,"Video: demo_video.mp4, Frame: 350, Độ rõ: Rõ"
2026-02-08 12:42:44,59RR27553,PHÁT HIỆN VI PHẠM VIDEO,Xe máy - 59RR2-7553,"Video: demo_video.mp4, Frame: 355, Độ rõ: Rõ"
2026-02-08 12:42:44,59253,PHÁT HIỆN VI PHẠM VIDEO,Xe máy - 592-53,"Video: demo_video.mp4, Frame: 360, Độ rõ: Rõ"
2026-02-08 12:42:44,5TR273,PHÁT HIỆN VI PHẠM VIDEO,Xe máy - 5TR2-73,"Video: demo_video.mp4, Frame: 365, Độ rõ: Rõ"
2026-02-08 12:42:44,9124253,PHÁT HIỆN VI PHẠM VIDEO,Xe máy - 912-4253,"Video: demo_video.mp4, Frame: 370, Độ rõ: Rõ"
2026-02-08 12:42:44,52425,PHÁT HIỆN VI PHẠM VIDEO,Xe máy - 52-425 - Vi phạm: Đè vạch dừng,"Video: demo_video.mp4, Frame: 375, Độ rõ: Rõ"
2026-02-08 12:42:44,524253,PHÁT HIỆN VI PHẠM VIDEO,Xe máy - 52-4253 - Vi phạm: Đè vạch dừng,"Video: demo_video.mp4, Frame: 380, Độ rõ: Rõ"
2026-02-08 12:42:44,3242353,PHÁT HIỆN VI PHẠM VIDEO,Xe máy - 32-42353 - Vi phạm: Đè vạch dừng,"Video: demo_video.mp4, Frame: 385, Độ rõ: Rõ"
2026-02-08 12:42:44,242553,PHÁT HIỆN VI PHẠM VIDEO,Xe máy - 2-42553 - Vi phạm: Đè vạch dừng,"Video: demo_video.mp4, Frame: 390, Độ rõ: Rõ"
2026-02-08 12:42:44,527T31650,PHÁT HIỆN VI PHẠM VIDEO,Xe máy - 527T3-1650,"Video: demo_video.mp4, Frame: 415, Độ rõ: Rõ"
2026-02-08 12:42:44,59T321650,PHÁT HIỆN VI PHẠM VIDEO,Xe máy - 59T3-21650,"Video: demo_video.mp4, Frame: 420, Độ rõ: Rõ"
2026-02-08 12:42:44,592T321650,PHÁT HIỆN VI PHẠM VIDEO,Xe máy - 592T3-21650,"Video: demo_video.mp4, Frame: 425, Độ rõ: Rõ"
2026-02-08 12:42:44,59T21630,PHÁT HIỆN VI PHẠM VIDEO,Xe máy - 59T-21630 - Vi phạm: Đè vạch dừng,"Video: demo_video.mp4, Frame: 440, Độ rõ: Rõ"
2026-02-08 12:42:44,59321650,PHÁT HIỆN VI PHẠM VIDEO,Xe máy - 593-21650 - Vi phạm: Đè vạch dừng,"Video: demo_video.mp4, Frame: 445, Độ rõ: Rõ"
2026-02-08 12:42:44,5D106,PHÁT HIỆN VI PHẠM VIDEO,Xe máy - 5D-106,"Video: demo_video.mp4, Frame: 465, Độ rõ: Rõ"
2026-02-08 12:42:44,39T321650,PHÁT HIỆN VI PHẠM VIDEO,Xe máy - 39T3-21650 - Vi phạm: Đè vạch dừng,"Video: demo_video.mp4, Frame: 465, Độ rõ: Rõ"
2026-02-08 12:42:44,50E106E,PHÁT HIỆN VI PHẠM VIDEO,Xe máy - 50E-106E,"Video: demo_video.mp4, Frame: 470, Độ rõ: Rõ"
2026-02-08 12:42:44,59T3260,PHÁT HIỆN VI PHẠM VIDEO,Xe máy - 59T3-260,"Video: demo_video.mp4, Frame: 470, Độ rõ: Rõ"
2026-02-08 12:42:44,5DE10630,PHÁT HIỆN VI PHẠM VIDEO,Xe máy - 5DE-10630,"Video: demo_video.mp4, Frame: 475, Độ rõ: Rõ"
2026-02-08 12:42:44,39V321650,PHÁT HIỆN VI PHẠM VIDEO,Xe máy - 39V3-21650 - Vi phạm: Đè vạch dừng,"Video: demo_video.mp4, Frame: 475, Độ rõ: Rõ"
2026-02-08 12:42:44,5E10630,PHÁT HIỆN VI PHẠM VIDEO,Xe máy - 5E-10630,"Video: demo_video.mp4, Frame: 485, Độ rõ: Rõ"
2026-02-08 12:42:44,50E10630,PHÁT HIỆN VI PHẠM VIDEO,Xe máy - 50E-10630,"Video: demo_video.mp4, Frame: 490, Độ rõ: Rõ"
2026-02-08 12:42:44,59321630,PHÁT HIỆN VI PHẠM VIDEO,Xe máy - 593-21630 - Vi phạm: Đè vạch dừng,"Video: demo_video.mp4, Frame: 490, Độ rõ: Rõ"
2026-02-08 12:42:44,6DE10623D,PHÁT HIỆN VI PHẠM VIDEO,Xe máy - 6DE-10623D,"Video: demo_video.mp4, Frame: 500, Độ rõ: Rõ"
2026-02-08 12:42:44,47A81773,PHÁT HIỆN VI PHẠM VIDEO,Xe máy - 47A-81773,"Video: demo_video.mp4, Frame: 500, Độ rõ: Rõ"
2026-02-08 12:42:44,Y960218E0,PHÁT HIỆN VI PHẠM VIDEO,Xe máy - Y960-218E0 - Vi phạm: Đè vạch dừng,"Video: demo_video.mp4, Frame: 500, Độ rõ: Rõ"
2026-02-08 12:42:44,5010630,PHÁT HIỆN VI PHẠM VIDEO,Xe máy - 50-10630,"Video: demo_video.mp4, Frame: 505, Độ rõ: Rõ"
2026-02-08 12:42:44,59321760,PHÁT HIỆN VI PHẠM VIDEO,Xe máy - 593-21760 - Vi phạm: Đè vạch dừng,"Video: demo_video.mp4, Frame: 505, Độ rõ: Rõ"
2026-02-08 12:47:23,1X1408503,PHÁT HIỆN VI PHẠM,Xe máy - 1X14-08503 - Vi phạm: Đè vạch dừng,Video: demo_video.mp4 - Frame 5
2026-02-08 12:47:24,81108503,PHÁT HIỆN VI PHẠM,Xe máy - 811-08503 - Vi phạm: Đè vạch dừng,Video: demo_video.mp4 - Frame 10
2026-02-08 12:47:26,59706868,PHÁT HIỆN VI PHẠM,Xe máy - 597-06868 - Vi phạm: Đè vạch dừng,Video: demo_video.mp4 - Frame 35
2026-02-08 12:47:27,97B0688,PHÁT HIỆN VI PHẠM,Xe máy - 97B-0688 - Vi phạm: Đè vạch dừng,Video: demo_video.mp4 - Frame 40
2026-02-08 12:47:28,91B58,PHÁT HIỆN VI PHẠM,Xe máy - 91B-58 - Vi phạm: Đè vạch dừng,Video: demo_video.mp4 - Frame 50
2026-02-08 12:47:28,8,PHÁT HIỆN VI PHẠM,Xe máy - -8 - Vi phạm: Đè vạch dừng,Video: demo_video.mp4 - Frame 50
2026-02-08 12:47:35,61H159850,PHÁT HIỆN VI PHẠM,Xe máy - 61H1-59850 - Vi phạm: Đè vạch dừng,Video: demo_video.mp4 - Frame 135
2026-02-08 12:47:36,59214,PHÁT HIỆN VI PHẠM,Xe máy - 59-214 - Vi phạm: Đè vạch dừng,Video: demo_video.mp4 - Frame 150
2026-02-08 12:47:37,6918214,PHÁT HIỆN VI PHẠM,Xe máy - 69-18214 - Vi phạm: Đè vạch dừng,Video: demo_video.mp4 - Frame 155
2026-02-08 12:47:37,61R159850,PHÁT HIỆN VI PHẠM,Xe máy - 61R1-59850 - Vi phạm: Đè vạch dừng,Video: demo_video.mp4 - Frame 155
2026-02-08 12:47:37,59R18214,PHÁT HIỆN VI PHẠM,Xe máy - 59R-18214 - Vi phạm: Đè vạch dừng,Video: demo_video.mp4 - Frame 160
2026-02-08 12:47:38,59RA18214,PHÁT HIỆN VI PHẠM,Xe máy - 59RA-18214 - Vi phạm: Đè vạch dừng,Video: demo_video.mp4 - Frame 165
2026-02-08 12:47:38,69RA18214,PHÁT HIỆN VI PHẠM,Xe máy - 69RA-18214 - Vi phạm: Đè vạch dừng,Video: demo_video.mp4 - Frame 170
2026-02-08 12:47:39,5R18214,PHÁT HIỆN VI PHẠM,Xe máy - 5R-18214 - Vi phạm: Đè vạch dừng,Video: demo_video.mp4 - Frame 180
2026-02-08 12:47:40,R59850,PHÁT HIỆN VI PHẠM,Xe máy - R-59850 - Vi phạm: Đè vạch dừng,Video: demo_video.mp4 - Frame 180
2026-02-08 12:47:40,69R1821,PHÁT HIỆN VI PHẠM,Xe máy - 69R-1821 - Vi phạm: Đè vạch dừng,Video: demo_video.mp4 - Frame 185
2026-02-08 12:47:40,1Z15980,PHÁT HIỆN VI PHẠM,Xe máy - 1Z1-5980 - Vi phạm: Đè vạch dừng,Video: demo_video.mp4 - Frame 185
2026-02-08 12:47:41,59R121,PHÁT HIỆN VI PHẠM,Xe máy - 59R-121 - Vi phạm: Đè vạch dừng,Video: demo_video.mp4 - Frame 190
2026-02-08 12:47:41,59A18214,PHÁT HIỆN VI PHẠM,Xe máy - 59A-18214 - Vi phạm: Đè vạch dừng,Video: demo_video.mp4 - Frame 195
2026-02-08 12:47:41,59R1821,PHÁT HIỆN VI PHẠM,Xe máy - 59R-1821 - Vi phạm: Đè vạch dừng,Video: demo_video.mp4 - Frame 200
2026-02-08 12:47:42,5917214,PHÁT HIỆN VI PHẠM,Xe máy - 59-17214 - Vi phạm: Đè vạch dừng,Video: demo_video.mp4 - Frame 205
2026-02-08 12:47:42,59R8214,PHÁT HIỆN VI PHẠM,Xe máy - 59R-8214 - Vi phạm: Đè vạch dừng,Video: demo_video.mp4 - Frame 210
2026-02-08 12:47:43,5982,PHÁT HIỆN VI PHẠM,Xe máy - 59-82 - Vi phạm: Đè vạch dừng,Video: demo_video.mp4 - Frame 215
2026-02-08 12:47:43,5005,PHÁT HIỆN VI PHẠM,Xe máy - 500-5 - Vi phạm: Đè vạch dừng,Video: demo_video.mp4 - Frame 220
2026-02-08 12:47:44,Z8721,PHÁT HIỆN VI PHẠM,Xe máy - Z-8721 (Mờ),Video: demo_video.mp4 - Frame 230
2026-02-08 12:47:44,814,PHÁT HIỆN VI PHẠM,Xe máy - 8-14 - Vi phạm: Đè vạch dừng,Video: demo_video.mp4 - Frame 235
2026-02-08 12:47:48,59807,PHÁT HIỆN VI PHẠM,Xe máy - 59-807 - Vi phạm: Đè vạch dừng,Video: demo_video.mp4 - Frame 285
2026-02-08 12:47:49,59178D079,PHÁT HIỆN VI PHẠM,Xe máy - 591-78D079 - Vi phạm: Đè vạch dừng,Video: demo_video.mp4 - Frame 290
2026-02-08 12:47:49,519178079,PHÁT HIỆN VI PHẠM,Xe máy - 5191-78079 - Vi phạm: Đè vạch dừng,Video: demo_video.mp4 - Frame 295
2026-02-08 12:47:50,59P1178079,PHÁT HIỆN VI PHẠM,Xe máy - 59P11-78079 - Vi phạm: Đè vạch dừng,Video: demo_video.mp4 - Frame 300
2026-02-08 12:47:50,591178079,PHÁT HIỆN VI PHẠM,Xe máy - 5911-78079 - Vi phạm: Đè vạch dừng,Video: demo_video.mp4 - Frame 305
2026-02-08 12:47:52,59178079,PHÁT HIỆN VI PHẠM,Xe máy - 591-78079 - Vi phạm: Đè vạch dừng,Video: demo_video.mp4 - Frame 330
2026-02-08 12:47:53,178B2,PHÁT HIỆN VI PHẠM,Xe máy - 1-78B2 - Vi phạm: Đè vạch dừng,Video: demo_video.mp4 - Frame 340
2026-02-08 12:47:56,52425,PHÁT HIỆN VI PHẠM,Xe máy - 52-425 - Vi phạm: Đè vạch dừng,Video: demo_video.mp4 - Frame 375
2026-02-08 12:47:57,524253,PHÁT HIỆN VI PHẠM,Xe máy - 52-4253 - Vi phạm: Đè vạch dừng,Video: demo_video.mp4 - Frame 380
2026-02-08 12:47:57,3242353,PHÁT HIỆN VI PHẠM,Xe máy - 32-42353 - Vi phạm: Đè vạch dừng,Video: demo_video.mp4 - Frame 385
2026-02-08 12:47:57,242553,PHÁT HIỆN VI PHẠM,Xe máy - 2-42553 - Vi phạm: Đè vạch dừng,Video: demo_video.mp4 - Frame 390
2026-02-08 12:48:01,59T21630,PHÁT HIỆN VI PHẠM,Xe máy - 59T-21630 - Vi phạm: Đè vạch dừng,Video: demo_video.mp4 - Frame 440
2026-02-08 12:48:02,59321650,PHÁT HIỆN VI PHẠM,Xe máy - 593-21650 - Vi phạm: Đè vạch dừng,Video: demo_video.mp4 - Frame 445
2026-02-08 12:48:04,39T321650,PHÁT HIỆN VI PHẠM,Xe máy - 39T3-21650 - Vi phạm: Đè vạch dừng,Video: demo_video.mp4 - Frame 465
2026-02-08 12:48:05,39V321650,PHÁT HIỆN VI PHẠM,Xe máy - 39V3-21650 - Vi phạm: Đè vạch dừng,Video: demo_video.mp4 - Frame 475
2026-02-08 12:48:06,59321630,PHÁT HIỆN VI PHẠM,Xe máy - 593-21630 - Vi phạm: Đè vạch dừng,Video: demo_video.mp4 - Frame 490
2026-02-08 12:48:07,Y960218E0,PHÁT HIỆN VI PHẠM,Xe máy - Y960-218E0 - Vi phạm: Đè vạch dừng,Video: demo_video.mp4 - Frame 500
2026-02-08 12:48:08,59321760,PHÁT HIỆN VI PHẠM,Xe máy - 593-21760 - Vi phạm: Đè vạch dừng,Video: demo_video.mp4 - Frame 505
2026-02-08 12:48:08,597B05868,PHÁT HIỆN VI PHẠM VIDEO,Xe máy - 597B-05868,"Video: demo_video.mp4, Frame: 5, Độ rõ: Rõ"
2026-02-08 12:48:08,1X1408503,PHÁT HIỆN VI PHẠM VIDEO,Xe máy - 1X14-08503 - Vi phạm: Đè vạch dừng,"Video: demo_video.mp4, Frame: 5, Độ rõ: Rõ"
2026-02-08 12:48:08,47A61773,PHÁT HIỆN VI PHẠM VIDEO,Xe máy - 47A-61773,"Video: demo_video.mp4, Frame: 5, Độ rõ: Rõ"
2026-02-08 12:48:08,910861,PHÁT HIỆN VI PHẠM VIDEO,Xe máy - 9-10861,"Video: demo_video.mp4, Frame: 5, Độ rõ: Rõ"
2026-02-08 12:48:08,81108503,PHÁT HIỆN VI PHẠM VIDEO,Xe máy - 811-08503 - Vi phạm: Đè vạch dừng,"Video: demo_video.mp4, Frame: 10, Độ rõ: Rõ"
2026-02-08 12:48:08,59B05868,PHÁT HIỆN VI PHẠM VIDEO,Xe máy - 59B-05868,"Video: demo_video.mp4, Frame: 15, Độ rõ: Rõ"
2026-02-08 12:48:08,59B0568,PHÁT HIỆN VI PHẠM VIDEO,Xe máy - 59B-0568,"Video: demo_video.mp4, Frame: 20, Độ rõ: Rõ"
2026-02-08 12:48:08,97B06868,PHÁT HIỆN VI PHẠM VIDEO,Xe máy - 97B-06868,"Video: demo_video.mp4, Frame: 25, Độ rõ: Rõ"
2026-02-08 12:48:08,51861,PHÁT HIỆN VI PHẠM VIDEO,Xe máy - 5-1861,"Video: demo_video.mp4, Frame: 25, Độ rõ: Rõ"
2026-02-08 12:48:08,597B06868,PHÁT HIỆN VI PHẠM VIDEO,Xe máy - 597B-06868,"Video: demo_video.mp4, Frame: 30, Độ rõ: Rõ"
2026-02-08 12:48:08,59706868,PHÁT HIỆN VI PHẠM VIDEO,Xe máy - 597-06868 - Vi phạm: Đè vạch dừng,"Video: demo_video.mp4, Frame: 35, Độ rõ: Rõ"
2026-02-08 12:48:08,97B0688,PHÁT HIỆN VI PHẠM VIDEO,Xe máy - 97B-0688 - Vi phạm: Đè vạch dừng,"Video: demo_video.mp4, Frame: 40, Độ rõ: Rõ"
2026-02-08 12:48:08,59B06868,PHÁT HIỆN VI PHẠM VIDEO,Xe máy - 59B-06868,"Video: demo_video.mp4, Frame: 45, Độ rõ: Rõ"
2026-02-08 12:48:08,70A26872,PHÁT HIỆN VI PHẠM VIDEO,Xe máy - 70A-26872,"Video: demo_video.mp4, Frame: 45, Độ rõ: Rõ"
2026-02-08 12:48:08,59410861,PHÁT HIỆN VI PHẠM VIDEO,Xe máy - 594-10861 (Mờ),"Video: demo_video.mp4, Frame: 45, Độ rõ: Mờ"
2026-02-08 12:48:08,91B58,PHÁT HIỆN VI PHẠM VIDEO,Xe máy - 91B-58 - Vi phạm: Đè vạch dừng,"Video: demo_video.mp4, Frame: 50, Độ rõ: Rõ"
2026-02-08 12:48:08,7D126872,PHÁT HIỆN VI PHẠM VIDEO,Xe máy - 7D1-26872,"Video: demo_video.mp4, Frame: 50, Độ rõ: Rõ"
2026-02-08 12:48:08,8,PHÁT HIỆN VI PHẠM VIDEO,Xe máy - -8 - Vi phạm: Đè vạch dừng,"Video: demo_video.mp4, Frame: 50, Độ rõ: Rõ"
2026-02-08 12:48:08,991081,PHÁT HIỆN VI PHẠM VIDEO,Xe máy - 99-1081,"Video: demo_video.mp4, Frame: 55, Độ rõ: Rõ"
2026-02-08 12:48:08,7DA26872,PHÁT HIỆN VI PHẠM VIDEO,Xe máy - 7DA-26872,"Video: demo_video.mp4, Frame: 55, Độ rõ: Rõ"
2026-02-08 12:48:08,X910861,PHÁT HIỆN VI PHẠM VIDEO,Xe máy - X9-10861,"Video: demo_video.mp4, Frame: 60, Độ rõ: Rõ"
2026-02-08 12:48:08,5910558,PHÁT HIỆN VI PHẠM VIDEO,Xe máy - 591-0558,"Video: demo_video.mp4, Frame: 65, Độ rõ: Rõ"
2026-02-08 12:48:08,5910861,PHÁT HIỆN VI PHẠM VIDEO,Xe máy - 59-10861,"Video: demo_video.mp4, Frame: 70, Độ rõ: Rõ"
2026-02-08 12:48:08,91110861,PHÁT HIỆN VI PHẠM VIDEO,Xe máy - 911-10861,"Video: demo_video.mp4, Frame: 75, Độ rõ: Rõ"
2026-02-08 12:48:08,59110861,PHÁT HIỆN VI PHẠM VIDEO,Xe máy - 591-10861,"Video: demo_video.mp4, Frame: 105, Độ rõ: Rõ"
2026-02-08 12:48:08,972,PHÁT HIỆN VI PHẠM VIDEO,Xe máy - 9-72 (Mờ),"Video: demo_video.mp4, Frame: 120, Độ rõ: Mờ"
2026-02-08 12:48:08,59R12,PHÁT HIỆN VI PHẠM VIDEO,Xe máy - 59R-12 (Mờ),"Video: demo_video.mp4, Frame: 125, Độ rõ: Mờ"
2026-02-08 12:48:08,F9824,PHÁT HIỆN VI PHẠM VIDEO,Xe máy - F9-824 (Mờ),"Video: demo_video.mp4, Frame: 130, Độ rõ: Mờ"
2026-02-08 12:48:08,9R1212,PHÁT HIỆN VI PHẠM VIDEO,Xe máy - 9R-1212 (Mờ),"Video: demo_video.mp4, Frame: 135, Độ rõ: Mờ"
2026-02-08 12:48:08,61H159850,PHÁT HIỆN VI PHẠM VIDEO,Xe máy - 61H1-59850 - Vi phạm: Đè vạch dừng,"Video: demo_video.mp4, Frame: 135, Độ rõ: Rõ"
2026-02-08 12:48:08,5R78214,PHÁT HIỆN VI PHẠM VIDEO,Xe máy - 5R-78214,"Video: demo_video.mp4, Frame: 140, Độ rõ: Rõ"
2026-02-08 12:48:08,59Y1161,PHÁT HIỆN VI PHẠM VIDEO,Xe máy - 59Y1-161,"Video: demo_video.mp4, Frame: 140, Độ rõ: Rõ"
2026-02-08 12:48:08,59R7821,PHÁT HIỆN VI PHẠM VIDEO,Xe máy - 59R-7821,"Video: demo_video.mp4, Frame: 145, Độ rõ: Rõ"
2026-02-08 12:48:08,59214,PHÁT HIỆN VI PHẠM VIDEO,Xe máy - 59-214 - Vi phạm: Đè vạch dừng,"Video: demo_video.mp4, Frame: 150, Độ rõ: Rõ"
2026-02-08 12:48:08,6918214,PHÁT HIỆN VI PHẠM VIDEO,Xe máy - 69-18214 - Vi phạm: Đè vạch dừng,"Video: demo_video.mp4, Frame: 155, Độ rõ: Rõ"
2026-02-08 12:48:08,61R159850,PHÁT HIỆN VI PHẠM VIDEO,Xe máy - 61R1-59850 - Vi phạm: Đè vạch dừng,"Video: demo_video.mp4, Frame: 155, Độ rõ: Rõ"
2026-02-08 12:48:08,59R18214,PHÁT HIỆN VI PHẠM VIDEO,Xe máy - 59R-18214 - Vi phạm: Đè vạch dừng,"Video: demo_video.mp4, Frame: 160, Độ rõ: Rõ"
2026-02-08 12:48:08,59RA18214,PHÁT HIỆN VI PHẠM VIDEO,Xe máy - 59RA-18214 - Vi phạm: Đè vạch dừng,"Video: demo_video.mp4, Frame: 165, Độ rõ: Rõ"
2026-02-08 12:48:08,69RA18214,PHÁT HIỆN VI PHẠM VIDEO,Xe máy - 69RA-18214 - Vi phạm: Đè vạch dừng,"Video: demo_video.mp4, Frame: 170, Độ rõ: Rõ"
2026-02-08 12:48:08,5R18214,PHÁT HIỆN VI PHẠM VIDEO,Xe máy - 5R-18214 - Vi phạm: Đè vạch dừng,"Video: demo_video.mp4, Frame: 180, Độ rõ: Rõ"
2026-02-08 12:48:08,R59850,PHÁT HIỆN VI PHẠM VIDEO,Xe máy - R-59850 - Vi phạm: Đè vạch dừng,"Video: demo_video.mp4, Frame: 180, Độ rõ: Rõ"
2026-02-08 12:48:08,69R1821,PHÁT HIỆN VI PHẠM VIDEO,Xe máy - 69R-1821 - Vi phạm: Đè vạch dừng,"Video: demo_video.mp4, Frame: 185, Độ rõ: Rõ"
2026-02-08 12:48:08,1Z15980,PHÁT HIỆN VI PHẠM VIDEO,Xe máy - 1Z1-5980 - Vi phạm: Đè vạch dừng,"Video: demo_video.mp4, Frame: 185, Độ rõ: Rõ"
2026-02-08 12:48:08,59R121,PHÁT HIỆN VI PHẠM VIDEO,Xe máy - 59R-121 - Vi phạm: Đè vạch dừng,"Video: demo_video.mp4, Frame: 190, Độ rõ: Rõ"
2026-02-08 12:48:08,59A18214,PHÁT HIỆN VI PHẠM VIDEO,Xe máy - 59A-18214 - Vi phạm: Đè vạch dừng,"Video: demo_video.mp4, Frame: 195, Độ rõ: Rõ"
2026-02-08 12:48:08,59R1821,PHÁT HIỆN VI PHẠM VIDEO,Xe máy - 59R-1821 - Vi phạm: Đè vạch dừng,"Video: demo_video.mp4, Frame: 200, Độ rõ: Rõ"
2026-02-08 12:48:08,5917214,PHÁT HIỆN VI PHẠM VIDEO,Xe máy - 59-17214 - Vi phạm: Đè vạch dừng,"Video: demo_video.mp4, Frame: 205, Độ rõ: Rõ"
2026-02-08 12:48:08,59R8214,PHÁT HIỆN VI PHẠM VIDEO,Xe máy - 59R-8214 - Vi phạm: Đè vạch dừng,"Video: demo_video.mp4, Frame: 210, Độ rõ: Rõ"
2026-02-08 12:48:08,8120,PHÁT HIỆN VI PHẠM VIDEO,Xe máy - 81-20,"Video: demo_video.mp4, Frame: 215, Độ rõ: Rõ"
2026-02-08 12:48:08,5982,PHÁT HIỆN VI PHẠM VIDEO,Xe máy - 59-82 - Vi phạm: Đè vạch dừng,"Video: demo_video.mp4, Frame: 215, Độ rõ: Rõ"
2026-02-08 12:48:08,5005,PHÁT HIỆN VI PHẠM VIDEO,Xe máy - 500-5 - Vi phạm: Đè vạch dừng,"Video: demo_video.mp4, Frame: 220, Độ rõ: Rõ"
2026-02-08 12:48:08,Z8721,PHÁT HIỆN VI PHẠM VIDEO,Xe máy - Z-8721 (Mờ),"Video: demo_video.mp4, Frame: 230, Độ rõ: Mờ"
2026-02-08 12:48:08,814,PHÁT HIỆN VI PHẠM VIDEO,Xe máy - 8-14 - Vi phạm: Đè vạch dừng,"Video: demo_video.mp4, Frame: 235, Độ rõ: Rõ"
2026-02-08 12:48:08,5,PHÁT HIỆN VI PHẠM VIDEO,Xe máy - -5,"Video: demo_video.mp4, Frame: 245, Độ rõ: Rõ"
2026-02-08 12:48:08,70A26822,PHÁT HIỆN VI PHẠM VIDEO,Xe máy - 70A-26822,"Video: demo_video.mp4, Frame: 260, Độ rõ: Rõ"
2026-02-08 12:48:08,591079,PHÁT HIỆN VI PHẠM VIDEO,Xe máy - 591-079,"Video: demo_video.mp4, Frame: 260, Độ rõ: Rõ"
2026-02-08 12:48:08,5R9Y778079,PHÁT HIỆN VI PHẠM VIDEO,Xe máy - 5R9Y7-78079,"Video: demo_video.mp4, Frame: 265, Độ rõ: Rõ"
2026-02-08 12:48:08,59807,PHÁT HIỆN VI PHẠM VIDEO,Xe máy - 59-807 - Vi phạm: Đè vạch dừng,"Video: demo_video.mp4, Frame: 285, Độ rõ: Rõ"
2026-02-08 12:48:08,59178D079,PHÁT HIỆN VI PHẠM VIDEO,Xe máy - 591-78D079 - Vi phạm: Đè vạch dừng,"Video: demo_video.mp4, Frame: 290, Độ rõ: Rõ"
2026-02-08 12:48:08,519178079,PHÁT HIỆN VI PHẠM VIDEO,Xe máy - 5191-78079 - Vi phạm: Đè vạch dừng,"Video: demo_video.mp4, Frame: 295, Độ rõ: Rõ"
2026-02-08 12:48:08,59P1178079,PHÁT HIỆN VI PHẠM VIDEO,Xe máy - 59P11-78079 - Vi phạm: Đè vạch dừng,"Video: demo_video.mp4, Frame: 300, Độ rõ: Rõ"
2026-02-08 12:48:08,591178079,PHÁT HIỆN VI PHẠM VIDEO,Xe máy - 5911-78079 - Vi phạm: Đè vạch dừng,"Video: demo_video.mp4, Frame: 305, Độ rõ: Rõ"
2026-02-08 12:48:08,59178079,PHÁT HIỆN VI PHẠM VIDEO,Xe máy - 591-78079 - Vi phạm: Đè vạch dừng,"Video: demo_video.mp4, Frame: 330, Độ rõ: Rõ"
2026-02-08 12:48:08,178B2,PHÁT HIỆN VI PHẠM VIDEO,Xe máy - 1-78B2 - Vi phạm: Đè vạch dừng,"Video: demo_video.mp4, Frame: 340, Độ rõ: Rõ"
2026-02-08 12:48:08,757,PHÁT HIỆN VI PHẠM VIDEO,Xe máy - 7-57,"Video: demo_video.mp4, Frame: 340, Độ rõ: Rõ"
2026-02-08 12:48:08,525E,PHÁT HIỆN VI PHẠM VIDEO,Xe máy - 52-5E,"Video: demo_video.mp4, Frame: 345, Độ rõ: Rõ"
2026-02-08 12:48:08,59R2553,PHÁT HIỆN VI PHẠM VIDEO,Xe máy - 59R2-553,"Video: demo_video.mp4, Frame: 350, Độ rõ: Rõ"
2026-02-08 12:48:08,59RR27553,PHÁT HIỆN VI PHẠM VIDEO,Xe máy - 59RR2-7553,"Video: demo_video.mp4, Frame: 355, Độ rõ: Rõ"
2026-02-08 12:48:08,59253,PHÁT HIỆN VI PHẠM VIDEO,Xe máy - 592-53,"Video: demo_video.mp4, Frame: 360, Độ rõ: Rõ"
2026-02-08 12:48:08,5TR273,PHÁT HIỆN VI PHẠM VIDEO,Xe máy - 5TR2-73,"Video: demo_video.mp4, Frame: 365, Độ rõ: Rõ"
2026-02-08 12:48:08,9124253,PHÁT HIỆN VI PHẠM VIDEO,Xe máy - 912-4253,"Video: demo_video.mp4, Frame: 370, Độ rõ: Rõ"
2026-02-08 12:48:08,52425,PHÁT HIỆN VI PHẠM VIDEO,Xe máy - 52-425 - Vi phạm: Đè vạch dừng,"Video: demo_video.mp4, Frame: 375, Độ rõ: Rõ"
2026-02-08 12:48:08,524253,PHÁT HIỆN VI PHẠM VIDEO,Xe máy - 52-4253 - Vi phạm: Đè vạch dừng,"Video: demo_video.mp4, Frame: 380, Độ rõ: Rõ"
2026-02-08 12:48:08,3242353,PHÁT HIỆN VI PHẠM VIDEO,Xe máy - 32-42353 - Vi phạm: Đè vạch dừng,"Video: demo_video.mp4, Frame: 385, Độ rõ: Rõ"
2026-02-08 12:48:08,242553,PHÁT HIỆN VI PHẠM VIDEO,Xe máy - 2-42553 - Vi phạm: Đè vạch dừng,"Video: demo_video.mp4, Frame: 390, Độ rõ: Rõ"
2026-02-08 12:48:08,527T31650,PHÁT HIỆN VI PHẠM VIDEO,Xe máy - 527T3-1650,"Video: demo_video.mp4, Frame: 415, Độ rõ: Rõ"
2026-02-08 12:48:08,59T321650,PHÁT HIỆN VI PHẠM VIDEO,Xe máy - 59T3-21650,"Video: demo_video.mp4, Frame: 420, Độ rõ: Rõ"
2026-02-08 12:48:08,592T321650,PHÁT HIỆN VI PHẠM VIDEO,Xe máy - 592T3-21650,"Video: demo_video.mp4, Frame: 425, Độ rõ: Rõ"
2026-02-08 12:48:08,59T21630,PHÁT HIỆN VI PHẠM VIDEO,Xe máy - 59T-21630 - Vi phạm: Đè vạch dừng,"Video: demo_video.mp4, Frame: 440, Độ rõ: Rõ"
2026-02-08 12:48:08,59321650,PHÁT HIỆN VI PHẠM VIDEO,Xe máy - 593-21650 - Vi phạm: Đè vạch dừng,"Video: demo_video.mp4, Frame: 445, Độ rõ: Rõ"
2026-02-08 12:48:08,5D106,PHÁT HIỆN VI PHẠM VIDEO,Xe máy - 5D-106,"Video: demo_video.mp4, Frame: 465, Độ rõ: Rõ"
2026-02-08 12:48:08,39T321650,PHÁT HIỆN VI PHẠM VIDEO,Xe máy - 39T3-21650 - Vi phạm: Đè vạch dừng,"Video: demo_video.mp4, Frame: 465, Độ rõ: Rõ"
2026-02-08 12:48:08,50E106E,PHÁT HIỆN VI PHẠM VIDEO,Xe máy - 50E-106E,"Video: demo_video.mp4, Frame: 470, Độ rõ: Rõ"
2026-02-08 12:48:08,59T3260,PHÁT HIỆN VI PHẠM VIDEO,Xe máy - 59T3-260,"Video: demo_video.mp4, Frame: 470, Độ rõ: Rõ"
2026-02-08 12:48:08,5DE10630,PHÁT HIỆN VI PHẠM VIDEO,Xe máy - 5DE-10630,"Video: demo_video.mp4, Frame: 475, Độ rõ: Rõ"
2026-02-08 12:48:08,39V321650,PHÁT HIỆN VI PHẠM VIDEO,Xe máy - 39V3-21650 - Vi phạm: Đè vạch dừng,"Video: demo_video.mp4, Frame: 475, Độ rõ: Rõ"
2026-02-08 12:48:08,5E10630,PHÁT HIỆN VI PHẠM VIDEO,Xe máy - 5E-10630,"Video: demo_video.mp4, Frame: 485, Độ rõ: Rõ"
2026-02-08 12:48:08,50E10630,PHÁT HIỆN VI PHẠM VIDEO,Xe máy - 50E-10630,"Video: demo_video.mp4, Frame: 490, Độ rõ: Rõ"
2026-02-08 12:48:08,59321630,PHÁT HIỆN VI PHẠM VIDEO,Xe máy - 593-21630 - Vi phạm: Đè vạch dừng,"Video: demo_video.mp4, Frame: 490, Độ rõ: Rõ"
2026-02-08 12:48:08,6DE10623D,PHÁT HIỆN VI PHẠM VIDEO,Xe máy - 6DE-10623D,"Video: demo_video.mp4, Frame: 500, Độ rõ: Rõ"
2026-02-08 12:48:08,47A81773,PHÁT HIỆN VI PHẠM VIDEO,Xe máy - 47A-81773,"Video: demo_video.mp4, Frame: 500, Độ rõ: Rõ"
2026-02-08 12:48:08,Y960218E0,PHÁT HIỆN VI PHẠM VIDEO,Xe máy - Y960-218E0 - Vi phạm: Đè vạch dừng,"Video: demo_video.mp4, Frame: 500, Độ rõ: Rõ"
2026-02-08 12:48:08,5010630,PHÁT HIỆN VI PHẠM VIDEO,Xe máy - 50-10630,"Video: demo_video.mp4, Frame: 505, Độ rõ: Rõ"
2026-02-08 12:48:08,59321760,PHÁT HIỆN VI PHẠM VIDEO,Xe máy - 593-21760 - Vi phạm: Đè vạch dừng,"Video: demo_video.mp4, Frame: 505, Độ rõ: Rõ"
2026-02-08 12:56:50,1X1408503,PHÁT HIỆN VI PHẠM,Xe máy - 1X14-08503 - Vi phạm: Đè vạch dừng,Video: demo_video.mp4 - Frame 5
2026-02-08 12:56:51,81108503,PHÁT HIỆN VI PHẠM,Xe máy - 811-08503 - Vi phạm: Đè vạch dừng,Video: demo_video.mp4 - Frame 10
2026-02-08 12:56:53,59706868,PHÁT HIỆN VI PHẠM,Xe máy - 597-06868 - Vi phạm: Đè vạch dừng,Video: demo_video.mp4 - Frame 35
2026-02-08 12:56:54,97B0688,PHÁT HIỆN VI PHẠM,Xe máy - 97B-0688 - Vi phạm: Đè vạch dừng,Video: demo_video.mp4 - Frame 40
2026-02-08 12:56:55,91B58,PHÁT HIỆN VI PHẠM,Xe máy - 91B-58 - Vi phạm: Đè vạch dừng,Video: demo_video.mp4 - Frame 50
2026-02-08 12:56:55,8,PHÁT HIỆN VI PHẠM,Xe máy - -8 - Vi phạm: Đè vạch dừng,Video: demo_video.mp4 - Frame 50
2026-02-08 12:57:02,61H159850,PHÁT HIỆN VI PHẠM,Xe máy - 61H1-59850 - Vi phạm: Đè vạch dừng,Video: demo_video.mp4 - Frame 135
2026-02-08 12:57:04,59214,PHÁT HIỆN VI PHẠM,Xe máy - 59-214 - Vi phạm: Đè vạch dừng,Video: demo_video.mp4 - Frame 150
2026-02-08 12:57:04,6918214,PHÁT HIỆN VI PHẠM,Xe máy - 69-18214 - Vi phạm: Đè vạch dừng,Video: demo_video.mp4 - Frame 155
2026-02-08 12:57:04,61R159850,PHÁT HIỆN VI PHẠM,Xe máy - 61R1-59850 - Vi phạm: Đè vạch dừng,Video: demo_video.mp4 - Frame 155
2026-02-08 12:57:05,59R18214,PHÁT HIỆN VI PHẠM,Xe máy - 59R-18214 - Vi phạm: Đè vạch dừng,Video: demo_video.mp4 - Frame 160
2026-02-08 12:57:05,59RA18214,PHÁT HIỆN VI PHẠM,Xe máy - 59RA-18214 - Vi phạm: Đè vạch dừng,Video: demo_video.mp4 - Frame 165
2026-02-08 12:57:06,69RA18214,PHÁT HIỆN VI PHẠM,Xe máy - 69RA-18214 - Vi phạm: Đè vạch dừng,Video: demo_video.mp4 - Frame 170
2026-02-08 12:57:07,5R18214,PHÁT HIỆN VI PHẠM,Xe máy - 5R-18214 - Vi phạm: Đè vạch dừng,Video: demo_video.mp4 - Frame 180
2026-02-08 12:57:07,R59850,PHÁT HIỆN VI PHẠM,Xe máy - R-59850 - Vi phạm: Đè vạch dừng,Video: demo_video.mp4 - Frame 180
2026-02-08 12:57:07,69R1821,PHÁT HIỆN VI PHẠM,Xe máy - 69R-1821 - Vi phạm: Đè vạch dừng,Video: demo_video.mp4 - Frame 185
2026-02-08 12:57:08,1Z15980,PHÁT HIỆN VI PHẠM,Xe máy - 1Z1-5980 - Vi phạm: Đè vạch dừng,Video: demo_video.mp4 - Frame 185
2026-02-08 12:57:08,59R121,PHÁT HIỆN VI PHẠM,Xe máy - 59R-121 - Vi phạm: Đè vạch dừng,Video: demo_video.mp4 - Frame 190
2026-02-08 12:57:08,59A18214,PHÁT HIỆN VI PHẠM,Xe máy - 59A-18214 - Vi phạm: Đè vạch dừng,Video: demo_video.mp4 - Frame 195
2026-02-08 12:57:09,59R1821,PHÁT HIỆN VI PHẠM,Xe máy - 59R-1821 - Vi phạm: Đè vạch dừng,Video: demo_video.mp4 - Frame 200
2026-02-08 12:57:09,5917214,PHÁT HIỆN VI PHẠM,Xe máy - 59-17214 - Vi phạm: Đè vạch dừng,Video: demo_video.mp4 - Frame 205
2026-02-08 12:57:10,59R8214,PHÁT HIỆN VI PHẠM,Xe máy - 59R-8214 - Vi phạm: Đè vạch dừng,Video: demo_video.mp4 - Frame 210
2026-02-08 12:57:10,5982,PHÁT HIỆN VI PHẠM,Xe máy - 59-82 - Vi phạm: Đè vạch dừng,Video: demo_video.mp4 - Frame 215
2026-02-08 12:57:11,5005,PHÁT HIỆN VI PHẠM,Xe máy - 500-5 - Vi phạm: Đè vạch dừng,Video: demo_video.mp4 - Frame 220
2026-02-08 12:57:12,Z8721,PHÁT HIỆN VI PHẠM,Xe máy - Z-8721 (Mờ),Video: demo_video.mp4 - Frame 230
2026-02-08 12:57:12,814,PHÁT HIỆN VI PHẠM,Xe máy - 8-14 - Vi phạm: Đè vạch dừng,Video: demo_video.mp4 - Frame 235
2026-02-08 12:57:16,59807,PHÁT HIỆN VI PHẠM,Xe máy - 59-807 - Vi phạm: Đè vạch dừng,Video: demo_video.mp4 - Frame 285
2026-02-08 12:57:16,59178D079,PHÁT HIỆN VI PHẠM,Xe máy - 591-78D079 - Vi phạm: Đè vạch dừng,Video: demo_video.mp4 - Frame 290
2026-02-08 12:57:17,519178079,PHÁT HIỆN VI PHẠM,Xe máy - 5191-78079 - Vi phạm: Đè vạch dừng,Video: demo_video.mp4 - Frame 295
2026-02-08 12:57:17,59P1178079,PHÁT HIỆN VI PHẠM,Xe máy - 59P11-78079 - Vi phạm: Đè vạch dừng,Video: demo_video.mp4 - Frame 300
2026-02-08 12:57:18,591178079,PHÁT HIỆN VI PHẠM,Xe máy - 5911-78079 - Vi phạm: Đè vạch dừng,Video: demo_video.mp4 - Frame 305
2026-02-08 12:57:20,59178079,PHÁT HIỆN VI PHẠM,Xe máy - 591-78079 - Vi phạm: Đè vạch dừng,Video: demo_video.mp4 - Frame 330
2026-02-08 12:57:20,178B2,PHÁT HIỆN VI PHẠM,Xe máy - 1-78B2 - Vi phạm: Đè vạch dừng,Video: demo_video.mp4 - Frame 340
2026-02-08 12:57:24,52425,PHÁT HIỆN VI PHẠM,Xe máy - 52-425 - Vi phạm: Đè vạch dừng,Video: demo_video.mp4 - Frame 375
2026-02-08 12:57:25,524253,PHÁT HIỆN VI PHẠM,Xe máy - 52-4253 - Vi phạm: Đè vạch dừng,Video: demo_video.mp4 - Frame 380
2026-02-08 12:57:25,3242353,PHÁT HIỆN VI PHẠM,Xe máy - 32-42353 - Vi phạm: Đè vạch dừng,Video: demo_video.mp4 - Frame 385
2026-02-08 12:57:25,242553,PHÁT HIỆN VI PHẠM,Xe máy - 2-42553 - Vi phạm: Đè vạch dừng,Video: demo_video.mp4 - Frame 390
2026-02-08 12:57:29,59T21630,PHÁT HIỆN VI PHẠM,Xe máy - 59T-21630 - Vi phạm: Đè vạch dừng,Video: demo_video.mp4 - Frame 440
2026-02-08 12:57:30,59321650,PHÁT HIỆN VI PHẠM,Xe máy - 593-21650 - Vi phạm: Đè vạch dừng,Video: demo_video.mp4 - Frame 445
2026-02-08 12:57:32,39T321650,PHÁT HIỆN VI PHẠM,Xe máy - 39T3-21650 - Vi phạm: Đè vạch dừng,Video: demo_video.mp4 - Frame 465
2026-02-08 12:57:33,39V321650,PHÁT HIỆN VI PHẠM,Xe máy - 39V3-21650 - Vi phạm: Đè vạch dừng,Video: demo_video.mp4 - Frame 475
2026-02-08 12:57:34,59321630,PHÁT HIỆN VI PHẠM,Xe máy - 593-21630 - Vi phạm: Đè vạch dừng,Video: demo_video.mp4 - Frame 490
2026-02-08 12:57:35,Y960218E0,PHÁT HIỆN VI PHẠM,Xe máy - Y960-218E0 - Vi phạm: Đè vạch dừng,Video: demo_video.mp4 - Frame 500
2026-02-08 12:57:36,59321760,PHÁT HIỆN VI PHẠM,Xe máy - 593-21760 - Vi phạm: Đè vạch dừng,Video: demo_video.mp4 - Frame 505
2026-02-08 12:57:36,597B05868,PHÁT HIỆN VI PHẠM VIDEO,Xe máy - 597B-05868,"Video: demo_video.mp4, Frame: 5, Độ rõ: Rõ"
2026-02-08 12:57:36,1X1408503,PHÁT HIỆN VI PHẠM VIDEO,Xe máy - 1X14-08503 - Vi phạm: Đè vạch dừng,"Video: demo_video.mp4, Frame: 5, Độ rõ: Rõ"
2026-02-08 12:57:36,47A61773,PHÁT HIỆN VI PHẠM VIDEO,Xe máy - 47A-61773,"Video: demo_video.mp4, Frame: 5, Độ rõ: Rõ"
2026-02-08 12:57:36,910861,PHÁT HIỆN VI PHẠM VIDEO,Xe máy - 9-10861,"Video: demo_video.mp4, Frame: 5, Độ rõ: Rõ"
2026-02-08 12:57:36,81108503,PHÁT HIỆN VI PHẠM VIDEO,Xe máy - 811-08503 - Vi phạm: Đè vạch dừng,"Video: demo_video.mp4, Frame: 10, Độ rõ: Rõ"
2026-02-08 12:57:36,59B05868,PHÁT HIỆN VI PHẠM VIDEO,Xe máy - 59B-05868,"Video: demo_video.mp4, Frame: 15, Độ rõ: Rõ"
2026-02-08 12:57:36,59B0568,PHÁT HIỆN VI PHẠM VIDEO,Xe máy - 59B-0568,"Video: demo_video.mp4, Frame: 20, Độ rõ: Rõ"
2026-02-08 12:57:36,97B06868,PHÁT HIỆN VI PHẠM VIDEO,Xe máy - 97B-06868,"Video: demo_video.mp4, Frame: 25, Độ rõ: Rõ"
2026-02-08 12:57:36,51861,PHÁT HIỆN VI PHẠM VIDEO,Xe máy - 5-1861,"Video: demo_video.mp4, Frame: 25, Độ rõ: Rõ"
2026-02-08 12:57:36,597B06868,PHÁT HIỆN VI PHẠM VIDEO,Xe máy - 597B-06868,"Video: demo_video.mp4, Frame: 30, Độ rõ: Rõ"
2026-02-08 12:57:36,59706868,PHÁT HIỆN VI PHẠM VIDEO,Xe máy - 597-06868 - Vi phạm: Đè vạch dừng,"Video: demo_video.mp4, Frame: 35, Độ rõ: Rõ"
2026-02-08 12:57:36,97B0688,PHÁT HIỆN VI PHẠM VIDEO,Xe máy - 97B-0688 - Vi phạm: Đè vạch dừng,"Video: demo_video.mp4, Frame: 40, Độ rõ: Rõ"
2026-02-08 12:57:36,59B06868,PHÁT HIỆN VI PHẠM VIDEO,Xe máy - 59B-06868,"Video: demo_video.mp4, Frame: 45, Độ rõ: Rõ"
2026-02-08 12:57:36,70A26872,PHÁT HIỆN VI PHẠM VIDEO,Xe máy - 70A-26872,"Video: demo_video.mp4, Frame: 45, Độ rõ: Rõ"
2026-02-08 12:57:36,59410861,PHÁT HIỆN VI PHẠM VIDEO,Xe máy - 594-10861 (Mờ),"Video: demo_video.mp4, Frame: 45, Độ rõ: Mờ"
2026-02-08 12:57:36,91B58,PHÁT HIỆN VI PHẠM VIDEO,Xe máy - 91B-58 - Vi phạm: Đè vạch dừng,"Video: demo_video.mp4, Frame: 50, Độ rõ: Rõ"
2026-02-08 12:57:36,7D126872,PHÁT HIỆN VI PHẠM VIDEO,Xe máy - 7D1-26872,"Video: demo_video.mp4, Frame: 50, Độ rõ: Rõ"
2026-02-08 12:57:36,8,PHÁT HIỆN VI PHẠM VIDEO,Xe máy - -8 - Vi phạm: Đè vạch dừng,"Video: demo_video.mp4, Frame: 50, Độ rõ: Rõ"
2026-02-08 12:57:36,991081,PHÁT HIỆN VI PHẠM VIDEO,Xe máy - 99-1081,"Video: demo_video.mp4, Frame: 55, Độ rõ: Rõ"
2026-02-08 12:57:36,7DA26872,PHÁT HIỆN VI PHẠM VIDEO,Xe máy - 7DA-26872,"Video: demo_video.mp4, Frame: 55, Độ rõ: Rõ"
2026-02-08 12:57:36,X910861,PHÁT HIỆN VI PHẠM VIDEO,Xe máy - X9-10861,"Video: demo_video.mp4, Frame: 60, Độ rõ: Rõ"
2026-02-08 12:57:36,5910558,PHÁT HIỆN VI PHẠM VIDEO,Xe máy - 591-0558,"Video: demo_video.mp4, Frame: 65, Độ rõ: Rõ"
2026-02-08 12:57:36,5910861,PHÁT HIỆN VI PHẠM VIDEO,Xe máy - 59-10861,"Video: demo_video.mp4, Frame: 70, Độ rõ: Rõ"
2026-02-08 12:57:36,91110861,PHÁT HIỆN VI PHẠM VIDEO,Xe máy - 911-10861,"Video: demo_video.mp4, Frame: 75, Độ rõ: Rõ"
2026-02-08 12:57:36,59110861,PHÁT HIỆN VI PHẠM VIDEO,Xe máy - 591-10861,"Video: demo_video.mp4, Frame: 105, Độ rõ: Rõ"
2026-02-08 12:57:36,972,PHÁT HIỆN VI PHẠM VIDEO,Xe máy - 9-72 (Mờ),"Video: demo_video.mp4, Frame: 120, Độ rõ: Mờ"
2026-02-08 12:57:36,59R12,PHÁT HIỆN VI PHẠM VIDEO,Xe máy - 59R-12 (Mờ),"Video: demo_video.mp4, Frame: 125, Độ rõ: Mờ"
2026-02-08 12:57:36,F9824,PHÁT HIỆN VI PHẠM VIDEO,Xe máy - F9-824 (Mờ),"Video: demo_video.mp4, Frame: 130, Độ rõ: Mờ"
2026-02-08 12:57:36,9R1212,PHÁT HIỆN VI PHẠM VIDEO,Xe máy - 9R-1212 (Mờ),"Video: demo_video.mp4, Frame: 135, Độ rõ: Mờ"
2026-02-08 12:57:36,61H159850,PHÁT HIỆN VI PHẠM VIDEO,Xe máy - 61H1-59850 - Vi phạm: Đè vạch dừng,"Video: demo_video.mp4, Frame: 135, Độ rõ: Rõ"
2026-02-08 12:57:36,5R78214,PHÁT HIỆN VI PHẠM VIDEO,Xe máy - 5R-78214,"Video: demo_video.mp4, Frame: 140, Độ rõ: Rõ"
2026-02-08 12:57:36,59Y1161,PHÁT HIỆN VI PHẠM VIDEO,Xe máy - 59Y1-161,"Video: demo_video.mp4, Frame: 140, Độ rõ: Rõ"
2026-02-08 12:57:36,59R7821,PHÁT HIỆN VI PHẠM VIDEO,Xe máy - 59R-7821,"Video: demo_video.mp4, Frame: 145, Độ rõ: Rõ"
2026-02-08 12:57:36,59214,PHÁT HIỆN VI PHẠM VIDEO,Xe máy - 59-214 - Vi phạm: Đè vạch dừng,"Video: demo_video.mp4, Frame: 150, Độ rõ: Rõ"
2026-02-08 12:57:36,6918214,PHÁT HIỆN VI PHẠM VIDEO,Xe máy - 69-18214 - Vi phạm: Đè vạch dừng,"Video: demo_video.mp4, Frame: 155, Độ rõ: Rõ"
2026-02-08 12:57:36,61R159850,PHÁT HIỆN VI PHẠM VIDEO,Xe máy - 61R1-59850 - Vi phạm: Đè vạch dừng,"Video: demo_video.mp4, Frame: 155, Độ rõ: Rõ"
2026-02-08 12:57:36,59R18214,PHÁT HIỆN VI PHẠM VIDEO,Xe máy - 59R-18214 - Vi phạm: Đè vạch dừng,"Video: demo_video.mp4, Frame: 160, Độ rõ: Rõ"
2026-02-08 12:57:36,59RA18214,PHÁT HIỆN VI PHẠM VIDEO,Xe máy - 59RA-18214 - Vi phạm: Đè vạch dừng,"Video: demo_video.mp4, Frame: 165, Độ rõ: Rõ"
2026-02-08 12:57:36,69RA18214,PHÁT HIỆN VI PHẠM VIDEO,Xe máy - 69RA-18214 - Vi phạm: Đè vạch dừng,"Video: demo_video.mp4, Frame: 170, Độ rõ: Rõ"
2026-02-08 12:57:36,5R18214,PHÁT HIỆN VI PHẠM VIDEO,Xe máy - 5R-18214 - Vi phạm: Đè vạch dừng,"Video: demo_video.mp4, Frame: 180, Độ rõ: Rõ"
2026-02-08 12:57:36,R59850,PHÁT HIỆN VI PHẠM VIDEO,Xe máy - R-59850 - Vi phạm: Đè vạch dừng,"Video: demo_video.mp4, Frame: 180, Độ rõ: Rõ"
2026-02-08 12:57:36,69R1821,PHÁT HIỆN VI PHẠM VIDEO,Xe máy - 69R-1821 - Vi phạm: Đè vạch dừng,"Video: demo_video.mp4, Frame: 185, Độ rõ: Rõ"
2026-02-08 12:57:36,1Z15980,PHÁT HIỆN VI PHẠM VIDEO,Xe máy - 1Z1-5980 - Vi phạm: Đè vạch dừng,"Video: demo_video.mp4, Frame: 185, Độ rõ: Rõ"
2026-02-08 12:57:36,59R121,PHÁT HIỆN VI PHẠM VIDEO,Xe máy - 59R-121 - Vi phạm: Đè vạch dừng,"Video: demo_video.mp4, Frame: 190, Độ rõ: Rõ"
2026-02-08 12:57:36,59A18214,PHÁT HIỆN VI PHẠM VIDEO,Xe máy - 59A-18214 - Vi phạm: Đè vạch dừng,"Video: demo_video.mp4, Frame: 195, Độ rõ: Rõ"
2026-02-08 12:57:36,59R1821,PHÁT HIỆN VI PHẠM VIDEO,Xe máy - 59R-1821 - Vi phạm: Đè vạch dừng,"Video: demo_video.mp4, Frame: 200, Độ rõ: Rõ"
2026-02-08 12:57:36,5917214,PHÁT HIỆN VI PHẠM VIDEO,Xe máy - 59-17214 - Vi phạm: Đè vạch dừng,"Video: demo_video.mp4, Frame: 205, Độ rõ: Rõ"
2026-02-08 12:57:36,59R8214,PHÁT HIỆN VI PHẠM VIDEO,Xe máy - 59R-8214 - Vi phạm: Đè vạch dừng,"Video: demo_video.mp4, Frame: 210, Độ rõ: Rõ"
2026-02-08 12:57:36,8120,PHÁT HIỆN VI PHẠM VIDEO,Xe máy - 81-20,"Video: demo_video.mp4, Frame: 215, Độ rõ: Rõ"
2026-02-08 12:57:36,5982,PHÁT HIỆN VI PHẠM VIDEO,Xe máy - 59-82 - Vi phạm: Đè vạch dừng,"Video: demo_video.mp4, Frame: 215, Độ rõ: Rõ"
2026-02-08 12:57:36,5005,PHÁT HIỆN VI PHẠM VIDEO,Xe máy - 500-5 - Vi phạm: Đè vạch dừng,"Video: demo_video.mp4, Frame: 220, Độ rõ: Rõ"
2026-02-08 12:57:36,Z8721,PHÁT HIỆN VI PHẠM VIDEO,Xe máy - Z-8721 (Mờ),"Video: demo_video.mp4, Frame: 230, Độ rõ: Mờ"
2026-02-08 12:57:36,814,PHÁT HIỆN VI PHẠM VIDEO,Xe máy - 8-14 - Vi phạm: Đè vạch dừng,"Video: demo_video.mp4, Frame: 235, Độ rõ: Rõ"
2026-02-08 12:57:36,5,PHÁT HIỆN VI PHẠM VIDEO,Xe máy - -5,"Video: demo_video.mp4, Frame: 245, Độ rõ: Rõ"
2026-02-08 12:57:36,70A26822,PHÁT HIỆN VI PHẠM VIDEO,Xe máy - 70A-26822,"Video: demo_video.mp4, Frame: 260, Độ rõ: Rõ"
2026-02-08 12:57:36,591079,PHÁT HIỆN VI PHẠM VIDEO,Xe máy - 591-079,"Video: demo_video.mp4, Frame: 260, Độ rõ: Rõ"
2026-02-08 12:57:36,5R9Y778079,PHÁT HIỆN VI PHẠM VIDEO,Xe máy - 5R9Y7-78079,"Video: demo_video.mp4, Frame: 265, Độ rõ: Rõ"
2026-02-08 12:57:36,59807,PHÁT HIỆN VI PHẠM VIDEO,Xe máy - 59-807 - Vi phạm: Đè vạch dừng,"Video: demo_video.mp4, Frame: 285, Độ rõ: Rõ"
2026-02-08 12:57:36,59178D079,PHÁT HIỆN VI PHẠM VIDEO,Xe máy - 591-78D079 - Vi phạm: Đè vạch dừng,"Video: demo_video.mp4, Frame: 290, Độ rõ: Rõ"
2026-02-08 12:57:36,519178079,PHÁT HIỆN VI PHẠM VIDEO,Xe máy - 5191-78079 - Vi phạm: Đè vạch dừng,"Video: demo_video.mp4, Frame: 295, Độ rõ: Rõ"
2026-02-08 12:57:36,59P1178079,PHÁT HIỆN VI PHẠM VIDEO,Xe máy - 59P11-78079 - Vi phạm: Đè vạch dừng,"Video: demo_video.mp4, Frame: 300, Độ rõ: Rõ"
2026-02-08 12:57:36,591178079,PHÁT HIỆN VI PHẠM VIDEO,Xe máy - 5911-78079 - Vi phạm: Đè vạch dừng,"Video: demo_video.mp4, Frame: 305, Độ rõ: Rõ"
2026-02-08 12:57:36,59178079,PHÁT HIỆN VI PHẠM VIDEO,Xe máy - 591-78079 - Vi phạm: Đè vạch dừng,"Video: demo_video.mp4, Frame: 330, Độ rõ: Rõ"
2026-02-08 12:57:36,178B2,PHÁT HIỆN VI PHẠM VIDEO,Xe máy - 1-78B2 - Vi phạm: Đè vạch dừng,"Video: demo_video.mp4, Frame: 340, Độ rõ: Rõ"
2026-02-08 12:57:36,757,PHÁT HIỆN VI PHẠM VIDEO,Xe máy - 7-57,"Video: demo_video.mp4, Frame: 340, Độ rõ: Rõ"
2026-02-08 12:57:36,525E,PHÁT HIỆN VI PHẠM VIDEO,Xe máy - 52-5E,"Video: demo_video.mp4, Frame: 345, Độ rõ: Rõ"
2026-02-08 12:57:36,59R2553,PHÁT HIỆN VI PHẠM VIDEO,Xe máy - 59R2-553,"Video: demo_video.mp4, Frame: 350, Độ rõ: Rõ"
2026-02-08 12:57:36,59RR27553,PHÁT HIỆN VI PHẠM VIDEO,Xe máy - 59RR2-7553,"Video: demo_video.mp4, Frame: 355, Độ rõ: Rõ"
2026-02-08 12:57:36,59253,PHÁT HIỆN VI PHẠM VIDEO,Xe máy - 592-53,"Video: demo_video.mp4, Frame: 360, Độ rõ: Rõ"
2026-02-08 12:57:36,5TR273,PHÁT HIỆN VI PHẠM VIDEO,Xe máy - 5TR2-73,"Video: demo_video.mp4, Frame: 365, Độ rõ: Rõ"
2026-02-08 12:57:36,9124253,PHÁT HIỆN VI PHẠM VIDEO,Xe máy - 912-4253,"Video: demo_video.mp4, Frame: 370, Độ rõ: Rõ"
2026-02-08 12:57:36,52425,PHÁT HIỆN VI PHẠM VIDEO,Xe máy - 52-425 - Vi phạm: Đè vạch dừng,"Video: demo_video.mp4, Frame: 375, Độ rõ: Rõ"
2026-02-08 12:57:36,524253,PHÁT HIỆN VI PHẠM VIDEO,Xe máy - 52-4253 - Vi phạm: Đè vạch dừng,"Video: demo_video.mp4, Frame: 380, Độ rõ: Rõ"
2026-02-08 12:57:36,3242353,PHÁT HIỆN VI PHẠM VIDEO,Xe máy - 32-42353 - Vi phạm: Đè vạch dừng,"Video: demo_video.mp4, Frame: 385, Độ rõ: Rõ"
2026-02-08 12:57:36,242553,PHÁT HIỆN VI PHẠM VIDEO,Xe máy - 2-42553 - Vi phạm: Đè vạch dừng,"Video: demo_video.mp4, Frame: 390, Độ rõ: Rõ"
2026-02-08 12:57:36,527T31650,PHÁT HIỆN VI PHẠM VIDEO,Xe máy - 527T3-1650,"Video: demo_video.mp4, Frame: 415, Độ rõ: Rõ"
2026-02-08 12:57:36,59T321650,PHÁT HIỆN VI PHẠM VIDEO,Xe máy - 59T3-21650,"Video: demo_video.mp4, Frame: 420, Độ rõ: Rõ"
2026-02-08 12:57:36,592T321650,PHÁT HIỆN VI PHẠM VIDEO,Xe máy - 592T3-21650,"Video: demo_video.mp4, Frame: 425, Độ rõ: Rõ"
2026-02-08 12:57:36,59T21630,PHÁT HIỆN VI PHẠM VIDEO,Xe máy - 59T-21630 - Vi phạm: Đè vạch dừng,"Video: demo_video.mp4, Frame: 440, Độ rõ: Rõ"
2026-02-08 12:57:36,59321650,PHÁT HIỆN VI PHẠM VIDEO,Xe máy - 593-21650 - Vi phạm: Đè vạch dừng,"Video: demo_video.mp4, Frame: 445, Độ rõ: Rõ"
2026-02-08 12:57:36,5D106,PHÁT HIỆN VI PHẠM VIDEO,Xe máy - 5D-106,"Video: demo_video.mp4, Frame: 465, Độ rõ: Rõ"
2026-02-08 12:57:36,39T321650,PHÁT HIỆN VI PHẠM VIDEO,Xe máy - 39T3-21650 - Vi phạm: Đè vạch dừng,"Video: demo_video.mp4, Frame: 465, Độ rõ: Rõ"
2026-02-08 12:57:36,50E106E,PHÁT HIỆN VI PHẠM VIDEO,Xe máy - 50E-106E,"Video: demo_video.mp4, Frame: 470, Độ rõ: Rõ"
2026-02-08 12:57:36,59T3260,PHÁT HIỆN VI PHẠM VIDEO,Xe máy - 59T3-260,"Video: demo_video.mp4, Frame: 470, Độ rõ: Rõ"
2026-02-08 12:57:36,5DE10630,PHÁT HIỆN VI PHẠM VIDEO,Xe máy - 5DE-10630,"Video: demo_video.mp4, Frame: 475, Độ rõ: Rõ"
2026-02-08 12:57:36,39V321650,PHÁT HIỆN VI PHẠM VIDEO,Xe máy - 39V3-21650 - Vi phạm: Đè vạch dừng,"Video: demo_video.mp4, Frame: 475, Độ rõ: Rõ"
2026-02-08 12:57:36,5E10630,PHÁT HIỆN VI PHẠM VIDEO,Xe máy - 5E-10630,"Video: demo_video.mp4, Frame: 485, Độ rõ: Rõ"
2026-02-08 12:57:36,50E10630,PHÁT HIỆN VI PHẠM VIDEO,Xe máy - 50E-10630,"Video: demo_video.mp4, Frame: 490, Độ rõ: Rõ"
2026-02-08 12:57:36,59321630,PHÁT HIỆN VI PHẠM VIDEO,Xe máy - 593-21630 - Vi phạm: Đè vạch dừng,"Video: demo_video.mp4, Frame: 490, Độ rõ: Rõ"
2026-02-08 12:57:36,6DE10623D,PHÁT HIỆN VI PHẠM VIDEO,Xe máy - 6DE-10623D,"Video: demo_video.mp4, Frame: 500, Độ rõ: Rõ"
2026-02-08 12:57:36,47A81773,PHÁT HIỆN VI PHẠM VIDEO,Xe máy - 47A-81773,"Video: demo_video.mp4, Frame: 500, Độ rõ: Rõ"
2026-02-08 12:57:36,Y960218E0,PHÁT HIỆN VI PHẠM VIDEO,Xe máy - Y960-218E0 - Vi phạm: Đè vạch dừng,"Video: demo_video.mp4, Frame: 500, Độ rõ: Rõ"
2026-02-08 12:57:36,5010630,PHÁT HIỆN VI PHẠM VIDEO,Xe máy - 50-10630,"Video: demo_video.mp4, Frame: 505, Độ rõ: Rõ"
2026-02-08 12:57:36,59321760,PHÁT HIỆN VI PHẠM VIDEO,Xe máy - 593-21760 - Vi phạm: Đè vạch dừng,"Video: demo_video.mp4, Frame: 505, Độ rõ: Rõ"
2026-02-08 13:22:11,1X1408503,PHÁT HIỆN VI PHẠM,Xe máy - 1X14-08503 - Vi phạm: Đè vạch dừng,Video: demo_video.mp4 - Frame 5
2026-02-08 13:22:12,81108503,PHÁT HIỆN VI PHẠM,Xe máy - 811-08503 - Vi phạm: Đè vạch dừng,Video: demo_video.mp4 - Frame 10
2026-02-08 13:22:14,59706868,PHÁT HIỆN VI PHẠM,Xe máy - 597-06868 - Vi phạm: Đè vạch dừng,Video: demo_video.mp4 - Frame 35
2026-02-08 13:22:15,97B0688,PHÁT HIỆN VI PHẠM,Xe máy - 97B-0688 - Vi phạm: Đè vạch dừng,Video: demo_video.mp4 - Frame 40
2026-02-08 13:22:16,91B58,PHÁT HIỆN VI PHẠM,Xe máy - 91B-58 - Vi phạm: Đè vạch dừng,Video: demo_video.mp4 - Frame 50
2026-02-08 13:22:16,8,PHÁT HIỆN VI PHẠM,Xe máy - -8 - Vi phạm: Đè vạch dừng,Video: demo_video.mp4 - Frame 50
2026-02-08 13:22:23,61H159850,PHÁT HIỆN VI PHẠM,Xe máy - 61H1-59850 - Vi phạm: Đè vạch dừng,Video: demo_video.mp4 - Frame 135
2026-02-08 13:22:25,59214,PHÁT HIỆN VI PHẠM,Xe máy - 59-214 - Vi phạm: Đè vạch dừng,Video: demo_video.mp4 - Frame 150
2026-02-08 13:22:25,6918214,PHÁT HIỆN VI PHẠM,Xe máy - 69-18214 - Vi phạm: Đè vạch dừng,Video: demo_video.mp4 - Frame 155
2026-02-08 13:22:25,61R159850,PHÁT HIỆN VI PHẠM,Xe máy - 61R1-59850 - Vi phạm: Đè vạch dừng,Video: demo_video.mp4 - Frame 155
2026-02-08 13:22:26,59R18214,PHÁT HIỆN VI PHẠM,Xe máy - 59R-18214 - Vi phạm: Đè vạch dừng,Video: demo_video.mp4 - Frame 160
2026-02-08 13:22:26,59RA18214,PHÁT HIỆN VI PHẠM,Xe máy - 59RA-18214 - Vi phạm: Đè vạch dừng,Video: demo_video.mp4 - Frame 165
2026-02-08 13:22:27,69RA18214,PHÁT HIỆN VI PHẠM,Xe máy - 69RA-18214 - Vi phạm: Đè vạch dừng,Video: demo_video.mp4 - Frame 170
2026-02-08 13:22:28,5R18214,PHÁT HIỆN VI PHẠM,Xe máy - 5R-18214 - Vi phạm: Đè vạch dừng,Video: demo_video.mp4 - Frame 180
2026-02-08 13:22:28,R59850,PHÁT HIỆN VI PHẠM,Xe máy - R-59850 - Vi phạm: Đè vạch dừng,Video: demo_video.mp4 - Frame 180
2026-02-08 13:22:28,69R1821,PHÁT HIỆN VI PHẠM,Xe máy - 69R-1821 - Vi phạm: Đè vạch dừng,Video: demo_video.mp4 - Frame 185
2026-02-08 13:22:28,1Z15980,PHÁT HIỆN VI PHẠM,Xe máy - 1Z1-5980 - Vi phạm: Đè vạch dừng,Video: demo_video.mp4 - Frame 185
2026-02-08 13:22:29,59R121,PHÁT HIỆN VI PHẠM,Xe máy - 59R-121 - Vi phạm: Đè vạch dừng,Video: demo_video.mp4 - Frame 190
2026-02-08 13:22:29,59A18214,PHÁT HIỆN VI PHẠM,Xe máy - 59A-18214 - Vi phạm: Đè vạch dừng,Video: demo_video.mp4 - Frame 195
2026-02-08 13:22:30,59R1821,PHÁT HIỆN VI PHẠM,Xe máy - 59R-1821 - Vi phạm: Đè vạch dừng,Video: demo_video.mp4 - Frame 200
2026-02-08 13:22:30,5917214,PHÁT HIỆN VI PHẠM,Xe máy - 59-17214 - Vi phạm: Đè vạch dừng,Video: demo_video.mp4 - Frame 205
2026-02-08 13:22:31,59R8214,PHÁT HIỆN VI PHẠM,Xe máy - 59R-8214 - Vi phạm: Đè vạch dừng,Video: demo_video.mp4 - Frame 210
2026-02-08 13:22:31,5982,PHÁT HIỆN VI PHẠM,Xe máy - 59-82 - Vi phạm: Đè vạch dừng,Video: demo_video.mp4 - Frame 215
2026-02-08 13:22:32,5005,PHÁT HIỆN VI PHẠM,Xe máy - 500-5 - Vi phạm: Đè vạch dừng,Video: demo_video.mp4 - Frame 220
2026-02-08 13:22:32,Z8721,PHÁT HIỆN VI PHẠM,Xe máy - Z-8721 (Mờ),Video: demo_video.mp4 - Frame 230
2026-02-08 13:22:33,814,PHÁT HIỆN VI PHẠM,Xe máy - 8-14 - Vi phạm: Đè vạch dừng,Video: demo_video.mp4 - Frame 235
2026-02-08 13:22:37,59807,PHÁT HIỆN VI PHẠM,Xe máy - 59-807 - Vi phạm: Đè vạch dừng,Video: demo_video.mp4 - Frame 285
2026-02-08 13:22:37,59178D079,PHÁT HIỆN VI PHẠM,Xe máy - 591-78D079 - Vi phạm: Đè vạch dừng,Video: demo_video.mp4 - Frame 290
2026-02-08 13:22:38,519178079,PHÁT HIỆN VI PHẠM,Xe máy - 5191-78079 - Vi phạm: Đè vạch dừng,Video: demo_video.mp4 - Frame 295
2026-02-08 13:22:38,59P1178079,PHÁT HIỆN VI PHẠM,Xe máy - 59P11-78079 - Vi phạm: Đè vạch dừng,Video: demo_video.mp4 - Frame 300
2026-02-08 13:22:39,591178079,PHÁT HIỆN VI PHẠM,Xe máy - 5911-78079 - Vi phạm: Đè vạch dừng,Video: demo_video.mp4 - Frame 305
2026-02-08 13:22:40,59178079,PHÁT HIỆN VI PHẠM,Xe máy - 591-78079 - Vi phạm: Đè vạch dừng,Video: demo_video.mp4 - Frame 330
2026-02-08 13:22:41,178B2,PHÁT HIỆN VI PHẠM,Xe máy - 1-78B2 - Vi phạm: Đè vạch dừng,Video: demo_video.mp4 - Frame 340
2026-02-08 13:22:45,52425,PHÁT HIỆN VI PHẠM,Xe máy - 52-425 - Vi phạm: Đè vạch dừng,Video: demo_video.mp4 - Frame 375
2026-02-08 13:22:45,524253,PHÁT HIỆN VI PHẠM,Xe máy - 52-4253 - Vi phạm: Đè vạch dừng,Video: demo_video.mp4 - Frame 380
2026-02-08 13:22:46,3242353,PHÁT HIỆN VI PHẠM,Xe máy - 32-42353 - Vi phạm: Đè vạch dừng,Video: demo_video.mp4 - Frame 385
2026-02-08 13:22:46,242553,PHÁT HIỆN VI PHẠM,Xe máy - 2-42553 - Vi phạm: Đè vạch dừng,Video: demo_video.mp4 - Frame 390
2026-02-08 13:22:50,59T21630,PHÁT HIỆN VI PHẠM,Xe máy - 59T-21630 - Vi phạm: Đè vạch dừng,Video: demo_video.mp4 - Frame 440
2026-02-08 13:22:50,59321650,PHÁT HIỆN VI PHẠM,Xe máy - 593-21650 - Vi phạm: Đè vạch dừng,Video: demo_video.mp4 - Frame 445
2026-02-08 13:22:52,39T321650,PHÁT HIỆN VI PHẠM,Xe máy - 39T3-21650 - Vi phạm: Đè vạch dừng,Video: demo_video.mp4 - Frame 465
2026-02-08 13:22:53,39V321650,PHÁT HIỆN VI PHẠM,Xe máy - 39V3-21650 - Vi phạm: Đè vạch dừng,Video: demo_video.mp4 - Frame 475
2026-02-08 13:22:55,59321630,PHÁT HIỆN VI PHẠM,Xe máy - 593-21630 - Vi phạm: Đè vạch dừng,Video: demo_video.mp4 - Frame 490
2026-02-08 13:22:56,Y960218E0,PHÁT HIỆN VI PHẠM,Xe máy - Y960-218E0 - Vi phạm: Đè vạch dừng,Video: demo_video.mp4 - Frame 500
2026-02-08 13:22:56,59321760,PHÁT HIỆN VI PHẠM,Xe máy - 593-21760 - Vi phạm: Đè vạch dừng,Video: demo_video.mp4 - Frame 505
2026-02-08 13:22:57,597B05868,PHÁT HIỆN VI PHẠM VIDEO,Xe máy - 597B-05868,"Video: demo_video.mp4, Frame: 5, Độ rõ: Rõ"
2026-02-08 13:22:57,1X1408503,PHÁT HIỆN VI PHẠM VIDEO,Xe máy - 1X14-08503 - Vi phạm: Đè vạch dừng,"Video: demo_video.mp4, Frame: 5, Độ rõ: Rõ"
2026-02-08 13:22:57,47A61773,PHÁT HIỆN VI PHẠM VIDEO,Xe máy - 47A-61773,"Video: demo_video.mp4, Frame: 5, Độ rõ: Rõ"
2026-02-08 13:22:57,910861,PHÁT HIỆN VI PHẠM VIDEO,Xe máy - 9-10861,"Video: demo_video.mp4, Frame: 5, Độ rõ: Rõ"
2026-02-08 13:22:57,81108503,PHÁT HIỆN VI PHẠM VIDEO,Xe máy - 811-08503 - Vi phạm: Đè vạch dừng,"Video: demo_video.mp4, Frame: 10, Độ rõ: Rõ"
2026-02-08 13:22:57,59B05868,PHÁT HIỆN VI PHẠM VIDEO,Xe máy - 59B-05868,"Video: demo_video.mp4, Frame: 15, Độ rõ: Rõ"
2026-02-08 13:22:57,59B0568,PHÁT HIỆN VI PHẠM VIDEO,Xe máy - 59B-0568,"Video: demo_video.mp4, Frame: 20, Độ rõ: Rõ"
2026-02-08 13:22:57,97B06868,PHÁT HIỆN VI PHẠM VIDEO,Xe máy - 97B-06868,"Video: demo_video.mp4, Frame: 25, Độ rõ: Rõ"
2026-02-08 13:22:57,51861,PHÁT HIỆN VI PHẠM VIDEO,Xe máy - 5-1861,"Video: demo_video.mp4, Frame: 25, Độ rõ: Rõ"
2026-02-08 13:22:57,597B06868,PHÁT HIỆN VI PHẠM VIDEO,Xe máy - 597B-06868,"Video: demo_video.mp4, Frame: 30, Độ rõ: Rõ"
2026-02-08 13:22:57,59706868,PHÁT HIỆN VI PHẠM VIDEO,Xe máy - 597-06868 - Vi phạm: Đè vạch dừng,"Video: demo_video.mp4, Frame: 35, Độ rõ: Rõ"
2026-02-08 13:22:57,97B0688,PHÁT HIỆN VI PHẠM VIDEO,Xe máy - 97B-0688 - Vi phạm: Đè vạch dừng,"Video: demo_video.mp4, Frame: 40, Độ rõ: Rõ"
2026-02-08 13:22:57,59B06868,PHÁT HIỆN VI PHẠM VIDEO,Xe máy - 59B-06868,"Video: demo_video.mp4, Frame: 45, Độ rõ: Rõ"
2026-02-08 13:22:57,70A26872,PHÁT HIỆN VI PHẠM VIDEO,Xe máy - 70A-26872,"Video: demo_video.mp4, Frame: 45, Độ rõ: Rõ"
2026-02-08 13:22:57,59410861,PHÁT HIỆN VI PHẠM VIDEO,Xe máy - 594-10861 (Mờ),"Video: demo_video.mp4, Frame: 45, Độ rõ: Mờ"
2026-02-08 13:22:57,91B58,PHÁT HIỆN VI PHẠM VIDEO,Xe máy - 91B-58 - Vi phạm: Đè vạch dừng,"Video: demo_video.mp4, Frame: 50, Độ rõ: Rõ"
2026-02-08 13:22:57,7D126872,PHÁT HIỆN VI PHẠM VIDEO,Xe máy - 7D1-26872,"Video: demo_video.mp4, Frame: 50, Độ rõ: Rõ"
2026-02-08 13:22:57,8,PHÁT HIỆN VI PHẠM VIDEO,Xe máy - -8 - Vi phạm: Đè vạch dừng,"Video: demo_video.mp4, Frame: 50, Độ rõ: Rõ"
2026-02-08 13:22:57,991081,PHÁT HIỆN VI PHẠM VIDEO,Xe máy - 99-1081,"Video: demo_video.mp4, Frame: 55, Độ rõ: Rõ"
2026-02-08 13:22:57,7DA26872,PHÁT HIỆN VI PHẠM VIDEO,Xe máy - 7DA-26872,"Video: demo_video.mp4, Frame: 55, Độ rõ: Rõ"
2026-02-08 13:22:57,X910861,PHÁT HIỆN VI PHẠM VIDEO,Xe máy - X9-10861,"Video: demo_video.mp4, Frame: 60, Độ rõ: Rõ"
2026-02-08 13:22:57,5910558,PHÁT HIỆN VI PHẠM VIDEO,Xe máy - 591-0558,"Video: demo_video.mp4, Frame: 65, Độ rõ: Rõ"
2026-02-08 13:22:57,5910861,PHÁT HIỆN VI PHẠM VIDEO,Xe máy - 59-10861,"Video: demo_video.mp4, Frame: 70, Độ rõ: Rõ"
2026-02-08 13:22:57,91110861,PHÁT HIỆN VI PHẠM VIDEO,Xe máy - 911-10861,"Video: demo_video.mp4, Frame: 75, Độ rõ: Rõ"
2026-02-08 13:22:57,59110861,PHÁT HIỆN VI PHẠM VIDEO,Xe máy - 591-10861,"Video: demo_video.mp4, Frame: 105, Độ rõ: Rõ"
2026-02-08 13:22:57,972,PHÁT HIỆN VI PHẠM VIDEO,Xe máy - 9-72 (Mờ),"Video: demo_video.mp4, Frame: 120, Độ rõ: Mờ"
2026-02-08 13:22:57,59R12,PHÁT HIỆN VI PHẠM VIDEO,Xe máy - 59R-12 (Mờ),"Video: demo_video.mp4, Frame: 125, Độ rõ: Mờ"
2026-02-08 13:22:57,F9824,PHÁT HIỆN VI PHẠM VIDEO,Xe máy - F9-824 (Mờ),"Video: demo_video.mp4, Frame: 130, Độ rõ: Mờ"
2026-02-08 13:22:57,9R1212,PHÁT HIỆN VI PHẠM VIDEO,Xe máy - 9R-1212 (Mờ),"Video: demo_video.mp4, Frame: 135, Độ rõ: Mờ"
2026-02-08 13:22:57,61H159850,PHÁT HIỆN VI PHẠM VIDEO,Xe máy - 61H1-59850 - Vi phạm: Đè vạch dừng,"Video: demo_video.mp4, Frame: 135, Độ rõ: Rõ"
2026-02-08 13:22:57,5R78214,PHÁT HIỆN VI PHẠM VIDEO,Xe máy - 5R-78214,"Video: demo_video.mp4, Frame: 140, Độ rõ: Rõ"
2026-02-08 13:22:57,59Y1161,PHÁT HIỆN VI PHẠM VIDEO,Xe máy - 59Y1-161,"Video: demo_video.mp4, Frame: 140, Độ rõ: Rõ"
2026-02-08 13:22:57,59R7821,PHÁT HIỆN VI PHẠM VIDEO,Xe máy - 59R-7821,"Video: demo_video.mp4, Frame: 145, Độ rõ: Rõ"
2026-02-08 13:22:57,59214,PHÁT HIỆN VI PHẠM VIDEO,Xe máy - 59-214 - Vi phạm: Đè vạch dừng,"Video: demo_video.mp4, Frame: 150, Độ rõ: Rõ"
2026-02-08 13:22:57,6918214,PHÁT HIỆN VI PHẠM VIDEO,Xe máy - 69-18214 - Vi phạm: Đè vạch dừng,"Video: demo_video.mp4, Frame: 155, Độ rõ: Rõ"
2026-02-08 13:22:57,61R159850,PHÁT HIỆN VI PHẠM VIDEO,Xe máy - 61R1-59850 - Vi phạm: Đè vạch dừng,"Video: demo_video.mp4, Frame: 155, Độ rõ: Rõ"
2026-02-08 13:22:57,59R18214,PHÁT HIỆN VI PHẠM VIDEO,Xe máy - 59R-18214 - Vi phạm: Đè vạch dừng,"Video: demo_video.mp4, Frame: 160, Độ rõ: Rõ"
2026-02-08 13:22:57,59RA18214,PHÁT HIỆN VI PHẠM VIDEO,Xe máy - 59RA-18214 - Vi phạm: Đè vạch dừng,"Video: demo_video.mp4, Frame: 165, Độ rõ: Rõ"
2026-02-08 13:22:57,69RA18214,PHÁT HIỆN VI PHẠM VIDEO,Xe máy - 69RA-18214 - Vi phạm: Đè vạch dừng,"Video: demo_video.mp4, Frame: 170, Độ rõ: Rõ"
2026-02-08 13:22:57,5R18214,PHÁT HIỆN VI PHẠM VIDEO,Xe máy - 5R-18214 - Vi phạm: Đè vạch dừng,"Video: demo_video.mp4, Frame: 180, Độ rõ: Rõ"
2026-02-08 13:22:57,R59850,PHÁT HIỆN VI PHẠM VIDEO,Xe máy - R-59850 - Vi phạm: Đè vạch dừng,"Video: demo_video.mp4, Frame: 180, Độ rõ: Rõ"
2026-02-08 13:22:57,69R1821,PHÁT HIỆN VI PHẠM VIDEO,Xe máy - 69R-1821 - Vi phạm: Đè vạch dừng,"Video: demo_video.mp4, Frame: 185, Độ rõ: Rõ"
2026-02-08 13:22:57,1Z15980,PHÁT HIỆN VI PHẠM VIDEO,Xe máy - 1Z1-5980 - Vi phạm: Đè vạch dừng,"Video: demo_video.mp4, Frame: 185, Độ rõ: Rõ"
2026-02-08 13:22:57,59R121,PHÁT HIỆN VI PHẠM VIDEO,Xe máy - 59R-121 - Vi phạm: Đè vạch dừng,"Video: demo_video.mp4, Frame: 190, Độ rõ: Rõ"
2026-02-08 13:22:57,59A18214,PHÁT HIỆN VI PHẠM VIDEO,Xe máy - 59A-18214 - Vi phạm: Đè vạch dừng,"Video: demo_video.mp4, Frame: 195, Độ rõ: Rõ"
2026-02-08 13:22:57,59R1821,PHÁT HIỆN VI PHẠM VIDEO,Xe máy - 59R-1821 - Vi phạm: Đè vạch dừng,"Video: demo_video.mp4, Frame: 200, Độ rõ: Rõ"
2026-02-08 13:22:57,5917214,PHÁT HIỆN VI PHẠM VIDEO,Xe máy - 59-17214 - Vi phạm: Đè vạch dừng,"Video: demo_video.mp4, Frame: 205, Độ rõ: Rõ"
2026-02-08 13:22:57,59R8214,PHÁT HIỆN VI PHẠM VIDEO,Xe máy - 59R-8214 - Vi phạm: Đè vạch dừng,"Video: demo_video.mp4, Frame: 210, Độ rõ: Rõ"
2026-02-08 13:22:57,8120,PHÁT HIỆN VI PHẠM VIDEO,Xe máy - 81-20,"Video: demo_video.mp4, Frame: 215, Độ rõ: Rõ"
2026-02-08 13:22:57,5982,PHÁT HIỆN VI PHẠM VIDEO,Xe máy - 59-82 - Vi phạm: Đè vạch dừng,"Video: demo_video.mp4, Frame: 215, Độ rõ: Rõ"
2026-02-08 13:22:57,5005,PHÁT HIỆN VI PHẠM VIDEO,Xe máy - 500-5 - Vi phạm: Đè vạch dừng,"Video: demo_video.mp4, Frame: 220, Độ rõ: Rõ"
2026-02-08 13:22:57,Z8721,PHÁT HIỆN VI PHẠM VIDEO,Xe máy - Z-8721 (Mờ),"Video: demo_video.mp4, Frame: 230, Độ rõ: Mờ"
2026-02-08 13:22:57,814,PHÁT HIỆN VI PHẠM VIDEO,Xe máy - 8-14 - Vi phạm: Đè vạch dừng,"Video: demo_video.mp4, Frame: 235, Độ rõ: Rõ"
2026-02-08 13:22:57,5,PHÁT HIỆN VI PHẠM VIDEO,Xe máy - -5,"Video: demo_video.mp4, Frame: 245, Độ rõ: Rõ"
2026-02-08 13:22:57,70A26822,PHÁT HIỆN VI PHẠM VIDEO,Xe máy - 70A-26822,"Video: demo_video.mp4, Frame: 260, Độ rõ: Rõ"
2026-02-08 13:22:57,591079,PHÁT HIỆN VI PHẠM VIDEO,Xe máy - 591-079,"Video: demo_video.mp4, Frame: 260, Độ rõ: Rõ"
2026-02-08 13:22:57,5R9Y778079,PHÁT HIỆN VI PHẠM VIDEO,Xe máy - 5R9Y7-78079,"Video: demo_video.mp4, Frame: 265, Độ rõ: Rõ"
2026-02-08 13:22:57,59807,PHÁT HIỆN VI PHẠM VIDEO,Xe máy - 59-807 - Vi phạm: Đè vạch dừng,"Video: demo_video.mp4, Frame: 285, Độ rõ: Rõ"
2026-02-08 13:22:57,59178D079,PHÁT HIỆN VI PHẠM VIDEO,Xe máy - 591-78D079 - Vi phạm: Đè vạch dừng,"Video: demo_video.mp4, Frame: 290, Độ rõ: Rõ"
2026-02-08 13:22:57,519178079,PHÁT HIỆN VI PHẠM VIDEO,Xe máy - 5191-78079 - Vi phạm: Đè vạch dừng,"Video: demo_video.mp4, Frame: 295, Độ rõ: Rõ"
2026-02-08 13:22:57,59P1178079,PHÁT HIỆN VI PHẠM VIDEO,Xe máy - 59P11-78079 - Vi phạm: Đè vạch dừng,"Video: demo_video.mp4, Frame: 300, Độ rõ: Rõ"
2026-02-08 13:22:57,591178079,PHÁT HIỆN VI PHẠM VIDEO,Xe máy - 5911-78079 - Vi phạm: Đè vạch dừng,"Video: demo_video.mp4, Frame: 305, Độ rõ: Rõ"
2026-02-08 13:22:57,59178079,PHÁT HIỆN VI PHẠM VIDEO,Xe máy - 591-78079 - Vi phạm: Đè vạch dừng,"Video: demo_video.mp4, Frame: 330, Độ rõ: Rõ"
2026-02-08 13:22:57,178B2,PHÁT HIỆN VI PHẠM VIDEO,Xe máy - 1-78B2 - Vi phạm: Đè vạch dừng,"Video: demo_video.mp4, Frame: 340, Độ rõ: Rõ"
2026-02-08 13:22:57,757,PHÁT HIỆN VI PHẠM VIDEO,Xe máy - 7-57,"Video: demo_video.mp4, Frame: 340, Độ rõ: Rõ"
2026-02-08 13:22:57,525E,PHÁT HIỆN VI PHẠM VIDEO,Xe máy - 52-5E,"Video: demo_video.mp4, Frame: 345, Độ rõ: Rõ"
2026-02-08 13:22:57,59R2553,PHÁT HIỆN VI PHẠM VIDEO,Xe máy - 59R2-553,"Video: demo_video.mp4, Frame: 350, Độ rõ: Rõ"
2026-02-08 13:22:57,59RR27553,PHÁT HIỆN VI PHẠM VIDEO,Xe máy - 59RR2-7553,"Video: demo_video.mp4, Frame: 355, Độ rõ: Rõ"
2026-02-08 13:22:57,59253,PHÁT HIỆN VI PHẠM VIDEO,Xe máy - 592-53,"Video: demo_video.mp4, Frame: 360, Độ rõ: Rõ"
2026-02-08 13:22:57,5TR273,PHÁT HIỆN VI PHẠM VIDEO,Xe máy - 5TR2-73,"Video: demo_video.mp4, Frame: 365, Độ rõ: Rõ"
2026-02-08 13:22:57,9124253,PHÁT HIỆN VI PHẠM VIDEO,Xe máy - 912-4253,"Video: demo_video.mp4, Frame: 370, Độ rõ: Rõ"
2026-02-08 13:22:57,52425,PHÁT HIỆN VI PHẠM VIDEO,Xe máy - 52-425 - Vi phạm: Đè vạch dừng,"Video: demo_video.mp4, Frame: 375, Độ rõ: Rõ"
2026-02-08 13:22:57,524253,PHÁT HIỆN VI PHẠM VIDEO,Xe máy - 52-4253 - Vi phạm: Đè vạch dừng,"Video: demo_video.mp4, Frame: 380, Độ rõ: Rõ"
2026-02-08 13:22:57,3242353,PHÁT HIỆN VI PHẠM VIDEO,Xe máy - 32-42353 - Vi phạm: Đè vạch dừng,"Video: demo_video.mp4, Frame: 385, Độ rõ: Rõ"
2026-02-08 13:22:57,242553,PHÁT HIỆN VI PHẠM VIDEO,Xe máy - 2-42553 - Vi phạm: Đè vạch dừng,"Video: demo_video.mp4, Frame: 390, Độ rõ: Rõ"
2026-02-08 13:22:57,527T31650,PHÁT HIỆN VI PHẠM VIDEO,Xe máy - 527T3-1650,"Video: demo_video.mp4, Frame: 415, Độ rõ: Rõ"
2026-02-08 13:22:57,59T321650,PHÁT HIỆN VI PHẠM VIDEO,Xe máy - 59T3-21650,"Video: demo_video.mp4, Frame: 420, Độ rõ: Rõ"
2026-02-08 13:22:57,592T321650,PHÁT HIỆN VI PHẠM VIDEO,Xe máy - 592T3-21650,"Video: demo_video.mp4, Frame: 425, Độ rõ: Rõ"
2026-02-08 13:22:57,59T21630,PHÁT HIỆN VI PHẠM VIDEO,Xe máy - 59T-21630 - Vi phạm: Đè vạch dừng,"Video: demo_video.mp4, Frame: 440, Độ rõ: Rõ"
2026-02-08 13:22:57,59321650,PHÁT HIỆN VI PHẠM VIDEO,Xe máy - 593-21650 - Vi phạm: Đè vạch dừng,"Video: demo_video.mp4, Frame: 445, Độ rõ: Rõ"
2026-02-08 13:22:57,5D106,PHÁT HIỆN VI PHẠM VIDEO,Xe máy - 5D-106,"Video: demo_video.mp4, Frame: 465, Độ rõ: Rõ"
2026-02-08 13:22:57,39T321650,PHÁT HIỆN VI PHẠM VIDEO,Xe máy - 39T3-21650 - Vi phạm: Đè vạch dừng,"Video: demo_video.mp4, Frame: 465, Độ rõ: Rõ"
2026-02-08 13:22:57,50E106E,PHÁT HIỆN VI PHẠM VIDEO,Xe máy - 50E-106E,"Video: demo_video.mp4, Frame: 470, Độ rõ: Rõ"
2026-02-08 13:22:57,59T3260,PHÁT HIỆN VI PHẠM VIDEO,Xe máy - 59T3-260,"Video: demo_video.mp4, Frame: 470, Độ rõ: Rõ"
2026-02-08 13:22:57,5DE10630,PHÁT HIỆN VI PHẠM VIDEO,Xe máy - 5DE-10630,"Video: demo_video.mp4, Frame: 475, Độ rõ: Rõ"
2026-02-08 13:22:57,39V321650,PHÁT HIỆN VI PHẠM VIDEO,Xe máy - 39V3-21650 - Vi phạm: Đè vạch dừng,"Video: demo_video.mp4, Frame: 475, Độ rõ: Rõ"
2026-02-08 13:22:57,5E10630,PHÁT HIỆN VI PHẠM VIDEO,Xe máy - 5E-10630,"Video: demo_video.mp4, Frame: 485, Độ rõ: Rõ"
2026-02-08 13:22:57,50E10630,PHÁT HIỆN VI PHẠM VIDEO,Xe máy - 50E-10630,"Video: demo_video.mp4, Frame: 490, Độ rõ: Rõ"
2026-02-08 13:22:57,59321630,PHÁT HIỆN VI PHẠM VIDEO,Xe máy - 593-21630 - Vi phạm: Đè vạch dừng,"Video: demo_video.mp4, Frame: 490, Độ rõ: Rõ"
2026-02-08 13:22:57,6DE10623D,PHÁT HIỆN VI PHẠM VIDEO,Xe máy - 6DE-10623D,"Video: demo_video.mp4, Frame: 500, Độ rõ: Rõ"
2026-02-08 13:22:57,47A81773,PHÁT HIỆN VI PHẠM VIDEO,Xe máy - 47A-81773,"Video: demo_video.mp4, Frame: 500, Độ rõ: Rõ"
2026-02-08 13:22:57,Y960218E0,PHÁT HIỆN VI PHẠM VIDEO,Xe máy - Y960-218E0 - Vi phạm: Đè vạch dừng,"Video: demo_video.mp4, Frame: 500, Độ rõ: Rõ"
2026-02-08 13:22:57,5010630,PHÁT HIỆN VI PHẠM VIDEO,Xe máy - 50-10630,"Video: demo_video.mp4, Frame: 505, Độ rõ: Rõ"
2026-02-08 13:22:57,59321760,PHÁT HIỆN VI PHẠM VIDEO,Xe máy - 593-21760 - Vi phạm: Đè vạch dừng,"Video: demo_video.mp4, Frame: 505, Độ rõ: Rõ"
2026-02-08 13:27:48,1X1408503,PHÁT HIỆN VI PHẠM,Xe máy - 1X14-08503 - Vi phạm: Đè vạch dừng,Video: demo_video.mp4 - Frame 5
2026-02-08 13:27:48,81108503,PHÁT HIỆN VI PHẠM,Xe máy - 811-08503 - Vi phạm: Đè vạch dừng,Video: demo_video.mp4 - Frame 10
2026-02-08 13:27:51,59706868,PHÁT HIỆN VI PHẠM,Xe máy - 597-06868 - Vi phạm: Đè vạch dừng,Video: demo_video.mp4 - Frame 35
2026-02-08 13:27:51,97B0688,PHÁT HIỆN VI PHẠM,Xe máy - 97B-0688 - Vi phạm: Đè vạch dừng,Video: demo_video.mp4 - Frame 40
2026-02-08 13:27:52,91B58,PHÁT HIỆN VI PHẠM,Xe máy - 91B-58 - Vi phạm: Đè vạch dừng,Video: demo_video.mp4 - Frame 50
2026-02-08 13:27:52,8,PHÁT HIỆN VI PHẠM,Xe máy - -8 - Vi phạm: Đè vạch dừng,Video: demo_video.mp4 - Frame 50
2026-02-08 13:27:59,61H159850,PHÁT HIỆN VI PHẠM,Xe máy - 61H1-59850 - Vi phạm: Đè vạch dừng,Video: demo_video.mp4 - Frame 135
2026-02-08 13:28:00,59214,PHÁT HIỆN VI PHẠM,Xe máy - 59-214 - Vi phạm: Đè vạch dừng,Video: demo_video.mp4 - Frame 150
2026-02-08 13:28:01,6918214,PHÁT HIỆN VI PHẠM,Xe máy - 69-18214 - Vi phạm: Đè vạch dừng,Video: demo_video.mp4 - Frame 155
2026-02-08 13:28:01,61R159850,PHÁT HIỆN VI PHẠM,Xe máy - 61R1-59850 - Vi phạm: Đè vạch dừng,Video: demo_video.mp4 - Frame 155
2026-02-08 13:28:01,59R18214,PHÁT HIỆN VI PHẠM,Xe máy - 59R-18214 - Vi phạm: Đè vạch dừng,Video: demo_video.mp4 - Frame 160
2026-02-08 13:28:02,59RA18214,PHÁT HIỆN VI PHẠM,Xe máy - 59RA-18214 - Vi phạm: Đè vạch dừng,Video: demo_video.mp4 - Frame 165
2026-02-08 13:28:02,69RA18214,PHÁT HIỆN VI PHẠM,Xe máy - 69RA-18214 - Vi phạm: Đè vạch dừng,Video: demo_video.mp4 - Frame 170
2026-02-08 13:28:03,5R18214,PHÁT HIỆN VI PHẠM,Xe máy - 5R-18214 - Vi phạm: Đè vạch dừng,Video: demo_video.mp4 - Frame 180
2026-02-08 13:28:03,R59850,PHÁT HIỆN VI PHẠM,Xe máy - R-59850 - Vi phạm: Đè vạch dừng,Video: demo_video.mp4 - Frame 180
2026-02-08 13:28:04,69R1821,PHÁT HIỆN VI PHẠM,Xe máy - 69R-1821 - Vi phạm: Đè vạch dừng,Video: demo_video.mp4 - Frame 185
2026-02-08 13:28:04,1Z15980,PHÁT HIỆN VI PHẠM,Xe máy - 1Z1-5980 - Vi phạm: Đè vạch dừng,Video: demo_video.mp4 - Frame 185
2026-02-08 13:28:04,59R121,PHÁT HIỆN VI PHẠM,Xe máy - 59R-121 - Vi phạm: Đè vạch dừng,Video: demo_video.mp4 - Frame 190
2026-02-08 13:28:05,59A18214,PHÁT HIỆN VI PHẠM,Xe máy - 59A-18214 - Vi phạm: Đè vạch dừng,Video: demo_video.mp4 - Frame 195
2026-02-08 13:28:05,59R1821,PHÁT HIỆN VI PHẠM,Xe máy - 59R-1821 - Vi phạm: Đè vạch dừng,Video: demo_video.mp4 - Frame 200
2026-02-08 13:28:05,5917214,PHÁT HIỆN VI PHẠM,Xe máy - 59-17214 - Vi phạm: Đè vạch dừng,Video: demo_video.mp4 - Frame 205
2026-02-08 13:28:06,59R8214,PHÁT HIỆN VI PHẠM,Xe máy - 59R-8214 - Vi phạm: Đè vạch dừng,Video: demo_video.mp4 - Frame 210
2026-02-08 13:28:06,5982,PHÁT HIỆN VI PHẠM,Xe máy - 59-82 - Vi phạm: Đè vạch dừng,Video: demo_video.mp4 - Frame 215
2026-02-08 13:28:07,5005,PHÁT HIỆN VI PHẠM,Xe máy - 500-5 - Vi phạm: Đè vạch dừng,Video: demo_video.mp4 - Frame 220
2026-02-08 13:28:08,Z8721,PHÁT HIỆN VI PHẠM,Xe máy - Z-8721 (Mờ),Video: demo_video.mp4 - Frame 230
2026-02-08 13:28:08,814,PHÁT HIỆN VI PHẠM,Xe máy - 8-14 - Vi phạm: Đè vạch dừng,Video: demo_video.mp4 - Frame 235
2026-02-08 13:28:12,59807,PHÁT HIỆN VI PHẠM,Xe máy - 59-807 - Vi phạm: Đè vạch dừng,Video: demo_video.mp4 - Frame 285
2026-02-08 13:28:12,59178D079,PHÁT HIỆN VI PHẠM,Xe máy - 591-78D079 - Vi phạm: Đè vạch dừng,Video: demo_video.mp4 - Frame 290
2026-02-08 13:28:13,519178079,PHÁT HIỆN VI PHẠM,Xe máy - 5191-78079 - Vi phạm: Đè vạch dừng,Video: demo_video.mp4 - Frame 295
2026-02-08 13:28:13,59P1178079,PHÁT HIỆN VI PHẠM,Xe máy - 59P11-78079 - Vi phạm: Đè vạch dừng,Video: demo_video.mp4 - Frame 300
2026-02-08 13:28:13,591178079,PHÁT HIỆN VI PHẠM,Xe máy - 5911-78079 - Vi phạm: Đè vạch dừng,Video: demo_video.mp4 - Frame 305
2026-02-08 13:28:15,59178079,PHÁT HIỆN VI PHẠM,Xe máy - 591-78079 - Vi phạm: Đè vạch dừng,Video: demo_video.mp4 - Frame 330
2026-02-08 13:28:16,178B2,PHÁT HIỆN VI PHẠM,Xe máy - 1-78B2 - Vi phạm: Đè vạch dừng,Video: demo_video.mp4 - Frame 340
2026-02-08 13:28:19,52425,PHÁT HIỆN VI PHẠM,Xe máy - 52-425 - Vi phạm: Đè vạch dừng,Video: demo_video.mp4 - Frame 375
2026-02-08 13:28:20,524253,PHÁT HIỆN VI PHẠM,Xe máy - 52-4253 - Vi phạm: Đè vạch dừng,Video: demo_video.mp4 - Frame 380
2026-02-08 13:28:20,3242353,PHÁT HIỆN VI PHẠM,Xe máy - 32-42353 - Vi phạm: Đè vạch dừng,Video: demo_video.mp4 - Frame 385
2026-02-08 13:28:20,242553,PHÁT HIỆN VI PHẠM,Xe máy - 2-42553 - Vi phạm: Đè vạch dừng,Video: demo_video.mp4 - Frame 390
2026-02-08 13:28:24,59T21630,PHÁT HIỆN VI PHẠM,Xe máy - 59T-21630 - Vi phạm: Đè vạch dừng,Video: demo_video.mp4 - Frame 440
2026-02-08 13:28:25,59321650,PHÁT HIỆN VI PHẠM,Xe máy - 593-21650 - Vi phạm: Đè vạch dừng,Video: demo_video.mp4 - Frame 445
2026-02-08 13:28:27,39T321650,PHÁT HIỆN VI PHẠM,Xe máy - 39T3-21650 - Vi phạm: Đè vạch dừng,Video: demo_video.mp4 - Frame 465
2026-02-08 13:28:28,39V321650,PHÁT HIỆN VI PHẠM,Xe máy - 39V3-21650 - Vi phạm: Đè vạch dừng,Video: demo_video.mp4 - Frame 475
2026-02-08 13:28:29,59321630,PHÁT HIỆN VI PHẠM,Xe máy - 593-21630 - Vi phạm: Đè vạch dừng,Video: demo_video.mp4 - Frame 490
2026-02-08 13:28:30,Y960218E0,PHÁT HIỆN VI PHẠM,Xe máy - Y960-218E0 - Vi phạm: Đè vạch dừng,Video: demo_video.mp4 - Frame 500
2026-02-08 13:28:31,59321760,PHÁT HIỆN VI PHẠM,Xe máy - 593-21760 - Vi phạm: Đè vạch dừng,Video: demo_video.mp4 - Frame 505
2026-02-08 13:28:31,597B05868,PHÁT HIỆN VI PHẠM VIDEO,Xe máy - 597B-05868,"Video: demo_video.mp4, Frame: 5, Độ rõ: Rõ"
2026-02-08 13:28:31,1X1408503,PHÁT HIỆN VI PHẠM VIDEO,Xe máy - 1X14-08503 - Vi phạm: Đè vạch dừng,"Video: demo_video.mp4, Frame: 5, Độ rõ: Rõ"
2026-02-08 13:28:31,47A61773,PHÁT HIỆN VI PHẠM VIDEO,Xe máy - 47A-61773,"Video: demo_video.mp4, Frame: 5, Độ rõ: Rõ"
2026-02-08 13:28:31,910861,PHÁT HIỆN VI PHẠM VIDEO,Xe máy - 9-10861,"Video: demo_video.mp4, Frame: 5, Độ rõ: Rõ"
2026-02-08 13:28:31,81108503,PHÁT HIỆN VI PHẠM VIDEO,Xe máy - 811-08503 - Vi phạm: Đè vạch dừng,"Video: demo_video.mp4, Frame: 10, Độ rõ: Rõ"
2026-02-08 13:28:31,59B05868,PHÁT HIỆN VI PHẠM VIDEO,Xe máy - 59B-05868,"Video: demo_video.mp4, Frame: 15, Độ rõ: Rõ"
2026-02-08 13:28:31,59B0568,PHÁT HIỆN VI PHẠM VIDEO,Xe máy - 59B-0568,"Video: demo_video.mp4, Frame: 20, Độ rõ: Rõ"
2026-02-08 13:28:31,97B06868,PHÁT HIỆN VI PHẠM VIDEO,Xe máy - 97B-06868,"Video: demo_video.mp4, Frame: 25, Độ rõ: Rõ"
2026-02-08 13:28:31,51861,PHÁT HIỆN VI PHẠM VIDEO,Xe máy - 5-1861,"Video: demo_video.mp4, Frame: 25, Độ rõ: Rõ"
2026-02-08 13:28:31,597B06868,PHÁT HIỆN VI PHẠM VIDEO,Xe máy - 597B-06868,"Video: demo_video.mp4, Frame: 30, Độ rõ: Rõ"
2026-02-08 13:28:31,59706868,PHÁT HIỆN VI PHẠM VIDEO,Xe máy - 597-06868 - Vi phạm: Đè vạch dừng,"Video: demo_video.mp4, Frame: 35, Độ rõ: Rõ"
2026-02-08 13:28:31,97B0688,PHÁT HIỆN VI PHẠM VIDEO,Xe máy - 97B-0688 - Vi phạm: Đè vạch dừng,"Video: demo_video.mp4, Frame: 40, Độ rõ: Rõ"
2026-02-08 13:28:31,59B06868,PHÁT HIỆN VI PHẠM VIDEO,Xe máy - 59B-06868,"Video: demo_video.mp4, Frame: 45, Độ rõ: Rõ"
2026-02-08 13:28:31,70A26872,PHÁT HIỆN VI PHẠM VIDEO,Xe máy - 70A-26872,"Video: demo_video.mp4, Frame: 45, Độ rõ: Rõ"
2026-02-08 13:28:31,59410861,PHÁT HIỆN VI PHẠM VIDEO,Xe máy - 594-10861 (Mờ),"Video: demo_video.mp4, Frame: 45, Độ rõ: Mờ"
2026-02-08 13:28:31,91B58,PHÁT HIỆN VI PHẠM VIDEO,Xe máy - 91B-58 - Vi phạm: Đè vạch dừng,"Video: demo_video.mp4, Frame: 50, Độ rõ: Rõ"
2026-02-08 13:28:31,7D126872,PHÁT HIỆN VI PHẠM VIDEO,Xe máy - 7D1-26872,"Video: demo_video.mp4, Frame: 50, Độ rõ: Rõ"
2026-02-08 13:28:31,8,PHÁT HIỆN VI PHẠM VIDEO,Xe máy - -8 - Vi phạm: Đè vạch dừng,"Video: demo_video.mp4, Frame: 50, Độ rõ: Rõ"
2026-02-08 13:28:31,991081,PHÁT HIỆN VI PHẠM VIDEO,Xe máy - 99-1081,"Video: demo_video.mp4, Frame: 55, Độ rõ: Rõ"
2026-02-08 13:28:31,7DA26872,PHÁT HIỆN VI PHẠM VIDEO,Xe máy - 7DA-26872,"Video: demo_video.mp4, Frame: 55, Độ rõ: Rõ"
2026-02-08 13:28:31,X910861,PHÁT HIỆN VI PHẠM VIDEO,Xe máy - X9-10861,"Video: demo_video.mp4, Frame: 60, Độ rõ: Rõ"
2026-02-08 13:28:31,5910558,PHÁT HIỆN VI PHẠM VIDEO,Xe máy - 591-0558,"Video: demo_video.mp4, Frame: 65, Độ rõ: Rõ"
2026-02-08 13:28:31,5910861,PHÁT HIỆN VI PHẠM VIDEO,Xe máy - 59-10861,"Video: demo_video.mp4, Frame: 70, Độ rõ: Rõ"
2026-02-08 13:28:31,91110861,PHÁT HIỆN VI PHẠM VIDEO,Xe máy - 911-10861,"Video: demo_video.mp4, Frame: 75, Độ rõ: Rõ"
2026-02-08 13:28:31,59110861,PHÁT HIỆN VI PHẠM VIDEO,Xe máy - 591-10861,"Video: demo_video.mp4, Frame: 105, Độ rõ: Rõ"
2026-02-08 13:28:31,972,PHÁT HIỆN VI PHẠM VIDEO,Xe máy - 9-72 (Mờ),"Video: demo_video.mp4, Frame: 120, Độ rõ: Mờ"
2026-02-08 13:28:31,59R12,PHÁT HIỆN VI PHẠM VIDEO,Xe máy - 59R-12 (Mờ),"Video: demo_video.mp4, Frame: 125, Độ rõ: Mờ"
2026-02-08 13:28:31,F9824,PHÁT HIỆN VI PHẠM VIDEO,Xe máy - F9-824 (Mờ),"Video: demo_video.mp4, Frame: 130, Độ rõ: Mờ"
2026-02-08 13:28:31,9R1212,PHÁT HIỆN VI PHẠM VIDEO,Xe máy - 9R-1212 (Mờ),"Video: demo_video.mp4, Frame: 135, Độ rõ: Mờ"
2026-02-08 13:28:31,61H159850,PHÁT HIỆN VI PHẠM VIDEO,Xe máy - 61H1-59850 - Vi phạm: Đè vạch dừng,"Video: demo_video.mp4, Frame: 135, Độ rõ: Rõ"
2026-02-08 13:28:31,5R78214,PHÁT HIỆN VI PHẠM VIDEO,Xe máy - 5R-78214,"Video: demo_video.mp4, Frame: 140, Độ rõ: Rõ"
2026-02-08 13:28:31,59Y1161,PHÁT HIỆN VI PHẠM VIDEO,Xe máy - 59Y1-161,"Video: demo_video.mp4, Frame: 140, Độ rõ: Rõ"
2026-02-08 13:28:31,59R7821,PHÁT HIỆN VI PHẠM VIDEO,Xe máy - 59R-7821,"Video: demo_video.mp4, Frame: 145, Độ rõ: Rõ"
2026-02-08 13:28:31,59214,PHÁT HIỆN VI PHẠM VIDEO,Xe máy - 59-214 - Vi phạm: Đè vạch dừng,"Video: demo_video.mp4, Frame: 150, Độ rõ: Rõ"
2026-02-08 13:28:31,6918214,PHÁT HIỆN VI PHẠM VIDEO,Xe máy - 69-18214 - Vi phạm: Đè vạch dừng,"Video: demo_video.mp4, Frame: 155, Độ rõ: Rõ"
2026-02-08 13:28:31,61R159850,PHÁT HIỆN VI PHẠM VIDEO,Xe máy - 61R1-59850 - Vi phạm: Đè vạch dừng,"Video: demo_video.mp4, Frame: 155, Độ rõ: Rõ"
2026-02-08 13:28:31,59R18214,PHÁT HIỆN VI PHẠM VIDEO,Xe máy - 59R-18214 - Vi phạm: Đè vạch dừng,"Video: demo_video.mp4, Frame: 160, Độ rõ: Rõ"
2026-02-08 13:28:31,59RA18214,PHÁT HIỆN VI PHẠM VIDEO,Xe máy - 59RA-18214 - Vi phạm: Đè vạch dừng,"Video: demo_video.mp4, Frame: 165, Độ rõ: Rõ"
2026-02-08 13:28:31,69RA18214,PHÁT HIỆN VI PHẠM VIDEO,Xe máy - 69RA-18214 - Vi phạm: Đè vạch dừng,"Video: demo_video.mp4, Frame: 170, Độ rõ: Rõ"
2026-02-08 13:28:31,5R18214,PHÁT HIỆN VI PHẠM VIDEO,Xe máy - 5R-18214 - Vi phạm: Đè vạch dừng,"Video: demo_video.mp4, Frame: 180, Độ rõ: Rõ"
2026-02-08 13:28:31,R59850,PHÁT HIỆN VI PHẠM VIDEO,Xe máy - R-59850 - Vi phạm: Đè vạch dừng,"Video: demo_video.mp4, Frame: 180, Độ rõ: Rõ"
2026-02-08 13:28:31,69R1821,PHÁT HIỆN VI PHẠM VIDEO,Xe máy - 69R-1821 - Vi phạm: Đè vạch dừng,"Video: demo_video.mp4, Frame: 185, Độ rõ: Rõ"
2026-02-08 13:28:31,1Z15980,PHÁT HIỆN VI PHẠM VIDEO,Xe máy - 1Z1-5980 - Vi phạm: Đè vạch dừng,"Video: demo_video.mp4, Frame: 185, Độ rõ: Rõ"
2026-02-08 13:28:31,59R121,PHÁT HIỆN VI PHẠM VIDEO,Xe máy - 59R-121 - Vi phạm: Đè vạch dừng,"Video: demo_video.mp4, Frame: 190, Độ rõ: Rõ"
2026-02-08 13:28:31,59A18214,PHÁT HIỆN VI PHẠM VIDEO,Xe máy - 59A-18214 - Vi phạm: Đè vạch dừng,"Video: demo_video.mp4, Frame: 195, Độ rõ: Rõ"
2026-02-08 13:28:31,59R1821,PHÁT HIỆN VI PHẠM VIDEO,Xe máy - 59R-1821 - Vi phạm: Đè vạch dừng,"Video: demo_video.mp4, Frame: 200, Độ rõ: Rõ"
2026-02-08 13:28:31,5917214,PHÁT HIỆN VI PHẠM VIDEO,Xe máy - 59-17214 - Vi phạm: Đè vạch dừng,"Video: demo_video.mp4, Frame: 205, Độ rõ: Rõ"
2026-02-08 13:28:31,59R8214,PHÁT HIỆN VI PHẠM VIDEO,Xe máy - 59R-8214 - Vi phạm: Đè vạch dừng,"Video: demo_video.mp4, Frame: 210, Độ rõ: Rõ"
2026-02-08 13:28:31,8120,PHÁT HIỆN VI PHẠM VIDEO,Xe máy - 81-20,"Video: demo_video.mp4, Frame: 215, Độ rõ: Rõ"
2026-02-08 13:28:31,5982,PHÁT HIỆN VI PHẠM VIDEO,Xe máy - 59-82 - Vi phạm: Đè vạch dừng,"Video: demo_video.mp4, Frame: 215, Độ rõ: Rõ"
2026-02-08 13:28:31,5005,PHÁT HIỆN VI PHẠM VIDEO,Xe máy - 500-5 - Vi phạm: Đè vạch dừng,"Video: demo_video.mp4, Frame: 220, Độ rõ: Rõ"
2026-02-08 13:28:31,Z8721,PHÁT HIỆN VI PHẠM VIDEO,Xe máy - Z-8721 (Mờ),"Video: demo_video.mp4, Frame: 230, Độ rõ: Mờ"
2026-02-08 13:28:31,814,PHÁT HIỆN VI PHẠM VIDEO,Xe máy - 8-14 - Vi phạm: Đè vạch dừng,"Video: demo_video.mp4, Frame: 235, Độ rõ: Rõ"
2026-02-08 13:28:31,5,PHÁT HIỆN VI PHẠM VIDEO,Xe máy - -5,"Video: demo_video.mp4, Frame: 245, Độ rõ: Rõ"
2026-02-08 13:28:31,70A26822,PHÁT HIỆN VI PHẠM VIDEO,Xe máy - 70A-26822,"Video: demo_video.mp4, Frame: 260, Độ rõ: Rõ"
2026-02-08 13:28:31,591079,PHÁT HIỆN VI PHẠM VIDEO,Xe máy - 591-079,"Video: demo_video.mp4, Frame: 260, Độ rõ: Rõ"
2026-02-08 13:28:31,5R9Y778079,PHÁT HIỆN VI PHẠM VIDEO,Xe máy - 5R9Y7-78079,"Video: demo_video.mp4, Frame: 265, Độ rõ: Rõ"
2026-02-08 13:28:31,59807,PHÁT HIỆN VI PHẠM VIDEO,Xe máy - 59-807 - Vi phạm: Đè vạch dừng,"Video: demo_video.mp4, Frame: 285, Độ rõ: Rõ"
2026-02-08 13:28:31,59178D079,PHÁT HIỆN VI PHẠM VIDEO,Xe máy - 591-78D079 - Vi phạm: Đè vạch dừng,"Video: demo_video.mp4, Frame: 290, Độ rõ: Rõ"
2026-02-08 13:28:31,519178079,PHÁT HIỆN VI PHẠM VIDEO,Xe máy - 5191-78079 - Vi phạm: Đè vạch dừng,"Video: demo_video.mp4, Frame: 295, Độ rõ: Rõ"
2026-02-08 13:28:31,59P1178079,PHÁT HIỆN VI PHẠM VIDEO,Xe máy - 59P11-78079 - Vi phạm: Đè vạch dừng,"Video: demo_video.mp4, Frame: 300, Độ rõ: Rõ"
2026-02-08 13:28:31,591178079,PHÁT HIỆN VI PHẠM VIDEO,Xe máy - 5911-78079 - Vi phạm: Đè vạch dừng,"Video: demo_video.mp4, Frame: 305, Độ rõ: Rõ"
2026-02-08 13:28:31,59178079,PHÁT HIỆN VI PHẠM VIDEO,Xe máy - 591-78079 - Vi phạm: Đè vạch dừng,"Video: demo_video.mp4, Frame: 330, Độ rõ: Rõ"
2026-02-08 13:28:31,178B2,PHÁT HIỆN VI PHẠM VIDEO,Xe máy - 1-78B2 - Vi phạm: Đè vạch dừng,"Video: demo_video.mp4, Frame: 340, Độ rõ: Rõ"
2026-02-08 13:28:31,757,PHÁT HIỆN VI PHẠM VIDEO,Xe máy - 7-57,"Video: demo_video.mp4, Frame: 340, Độ rõ: Rõ"
2026-02-08 13:28:31,525E,PHÁT HIỆN VI PHẠM VIDEO,Xe máy - 52-5E,"Video: demo_video.mp4, Frame: 345, Độ rõ: Rõ"
2026-02-08 13:28:31,59R2553,PHÁT HIỆN VI PHẠM VIDEO,Xe máy - 59R2-553,"Video: demo_video.mp4, Frame: 350, Độ rõ: Rõ"
2026-02-08 13:28:31,59RR27553,PHÁT HIỆN VI PHẠM VIDEO,Xe máy - 59RR2-7553,"Video: demo_video.mp4, Frame: 355, Độ rõ: Rõ"
2026-02-08 13:28:31,59253,PHÁT HIỆN VI PHẠM VIDEO,Xe máy - 592-53,"Video: demo_video.mp4, Frame: 360, Độ rõ: Rõ"
2026-02-08 13:28:31,5TR273,PHÁT HIỆN VI PHẠM VIDEO,Xe máy - 5TR2-73,"Video: demo_video.mp4, Frame: 365, Độ rõ: Rõ"
2026-02-08 13:28:31,9124253,PHÁT HIỆN VI PHẠM VIDEO,Xe máy - 912-4253,"Video: demo_video.mp4, Frame: 370, Độ rõ: Rõ"
2026-02-08 13:28:31,52425,PHÁT HIỆN VI PHẠM VIDEO,Xe máy - 52-425 - Vi phạm: Đè vạch dừng,"Video: demo_video.mp4, Frame: 375, Độ rõ: Rõ"
2026-02-08 13:28:31,524253,PHÁT HIỆN VI PHẠM VIDEO,Xe máy - 52-4253 - Vi phạm: Đè vạch dừng,"Video: demo_video.mp4, Frame: 380, Độ rõ: Rõ"
2026-02-08 13:28:31,3242353,PHÁT HIỆN VI PHẠM VIDEO,Xe máy - 32-42353 - Vi phạm: Đè vạch dừng,"Video: demo_video.mp4, Frame: 385, Độ rõ: Rõ"
2026-02-08 13:28:31,242553,PHÁT HIỆN VI PHẠM VIDEO,Xe máy - 2-42553 - Vi phạm: Đè vạch dừng,"Video: demo_video.mp4, Frame: 390, Độ rõ: Rõ"
2026-02-08 13:28:31,527T31650,PHÁT HIỆN VI PHẠM VIDEO,Xe máy - 527T3-1650,"Video: demo_video.mp4, Frame: 415, Độ rõ: Rõ"
2026-02-08 13:28:31,59T321650,PHÁT HIỆN VI PHẠM VIDEO,Xe máy - 59T3-21650,"Video: demo_video.mp4, Frame: 420, Độ rõ: Rõ"
2026-02-08 13:28:31,592T321650,PHÁT HIỆN VI PHẠM VIDEO,Xe máy - 592T3-21650,"Video: demo_video.mp4, Frame: 425, Độ rõ: Rõ"
2026-02-08 13:28:31,59T21630,PHÁT HIỆN VI PHẠM VIDEO,Xe máy - 59T-21630 - Vi phạm: Đè vạch dừng,"Video: demo_video.mp4, Frame: 440, Độ rõ: Rõ"
2026-02-08 13:28:31,59321650,PHÁT HIỆN VI PHẠM VIDEO,Xe máy - 593-21650 - Vi phạm: Đè vạch dừng,"Video: demo_video.mp4, Frame: 445, Độ rõ: Rõ"
2026-02-08 13:28:31,5D106,PHÁT HIỆN VI PHẠM VIDEO,Xe máy - 5D-106,"Video: demo_video.mp4, Frame: 465, Độ rõ: Rõ"
2026-02-08 13:28:31,39T321650,PHÁT HIỆN VI PHẠM VIDEO,Xe máy - 39T3-21650 - Vi phạm: Đè vạch dừng,"Video: demo_video.mp4, Frame: 465, Độ rõ: Rõ"
2026-02-08 13:28:31,50E106E,PHÁT HIỆN VI PHẠM VIDEO,Xe máy - 50E-106E,"Video: demo_video.mp4, Frame: 470, Độ rõ: Rõ"
2026-02-08 13:28:31,59T3260,PHÁT HIỆN VI PHẠM VIDEO,Xe máy - 59T3-260,"Video: demo_video.mp4, Frame: 470, Độ rõ: Rõ"
2026-02-08 13:28:31,5DE10630,PHÁT HIỆN VI PHẠM VIDEO,Xe máy - 5DE-10630,"Video: demo_video.mp4, Frame: 475, Độ rõ: Rõ"
2026-02-08 13:28:31,39V321650,PHÁT HIỆN VI PHẠM VIDEO,Xe máy - 39V3-21650 - Vi phạm: Đè vạch dừng,"Video: demo_video.mp4, Frame: 475, Độ rõ: Rõ"
2026-02-08 13:28:31,5E10630,PHÁT HIỆN VI PHẠM VIDEO,Xe máy - 5E-10630,"Video: demo_video.mp4, Frame: 485, Độ rõ: Rõ"
2026-02-08 13:28:31,50E10630,PHÁT HIỆN VI PHẠM VIDEO,Xe máy - 50E-10630,"Video: demo_video.mp4, Frame: 490, Độ rõ: Rõ"
2026-02-08 13:28:31,59321630,PHÁT HIỆN VI PHẠM VIDEO,Xe máy - 593-21630 - Vi phạm: Đè vạch dừng,"Video: demo_video.mp4, Frame: 490, Độ rõ: Rõ"
2026-02-08 13:28:31,6DE10623D,PHÁT HIỆN VI PHẠM VIDEO,Xe máy - 6DE-10623D,"Video: demo_video.mp4, Frame: 500, Độ rõ: Rõ"
2026-02-08 13:28:31,47A81773,PHÁT HIỆN VI PHẠM VIDEO,Xe máy - 47A-81773,"Video: demo_video.mp4, Frame: 500, Độ rõ: Rõ"
2026-02-08 13:28:31,Y960218E0,PHÁT HIỆN VI PHẠM VIDEO,Xe máy - Y960-218E0 - Vi phạm: Đè vạch dừng,"Video: demo_video.mp4, Frame: 500, Độ rõ: Rõ"
2026-02-08 13:28:31,5010630,PHÁT HIỆN VI PHẠM VIDEO,Xe máy - 50-10630,"Video: demo_video.mp4, Frame: 505, Độ rõ: Rõ"
2026-02-08 13:28:31,59321760,PHÁT HIỆN VI PHẠM VIDEO,Xe máy - 593-21760 - Vi phạm: Đè vạch dừng,"Video: demo_video.mp4, Frame: 505, Độ rõ: Rõ"
2026-02-08 13:28:45,1X1408503,PHÁT HIỆN VI PHẠM,Xe máy - 1X14-08503 - Vi phạm: Đè vạch dừng,Video: demo_video.mp4 - Frame 5
2026-02-08 13:28:46,81108503,PHÁT HIỆN VI PHẠM,Xe máy - 811-08503 - Vi phạm: Đè vạch dừng,Video: demo_video.mp4 - Frame 10
2026-02-08 13:28:48,59706868,PHÁT HIỆN VI PHẠM,Xe máy - 597-06868 - Vi phạm: Đè vạch dừng,Video: demo_video.mp4 - Frame 35
2026-02-08 13:28:48,97B0688,PHÁT HIỆN VI PHẠM,Xe máy - 97B-0688 - Vi phạm: Đè vạch dừng,Video: demo_video.mp4 - Frame 40
2026-02-08 13:28:50,91B58,PHÁT HIỆN VI PHẠM,Xe máy - 91B-58 - Vi phạm: Đè vạch dừng,Video: demo_video.mp4 - Frame 50
2026-02-08 13:28:50,8,PHÁT HIỆN VI PHẠM,Xe máy - -8 - Vi phạm: Đè vạch dừng,Video: demo_video.mp4 - Frame 50
2026-02-08 13:28:57,61H159850,PHÁT HIỆN VI PHẠM,Xe máy - 61H1-59850 - Vi phạm: Đè vạch dừng,Video: demo_video.mp4 - Frame 135
2026-02-08 13:28:58,59214,PHÁT HIỆN VI PHẠM,Xe máy - 59-214 - Vi phạm: Đè vạch dừng,Video: demo_video.mp4 - Frame 150
2026-02-08 13:28:58,6918214,PHÁT HIỆN VI PHẠM,Xe máy - 69-18214 - Vi phạm: Đè vạch dừng,Video: demo_video.mp4 - Frame 155
2026-02-08 13:28:58,61R159850,PHÁT HIỆN VI PHẠM,Xe máy - 61R1-59850 - Vi phạm: Đè vạch dừng,Video: demo_video.mp4 - Frame 155
2026-02-08 13:28:59,59R18214,PHÁT HIỆN VI PHẠM,Xe máy - 59R-18214 - Vi phạm: Đè vạch dừng,Video: demo_video.mp4 - Frame 160
2026-02-08 13:28:59,59RA18214,PHÁT HIỆN VI PHẠM,Xe máy - 59RA-18214 - Vi phạm: Đè vạch dừng,Video: demo_video.mp4 - Frame 165
2026-02-08 13:29:00,69RA18214,PHÁT HIỆN VI PHẠM,Xe máy - 69RA-18214 - Vi phạm: Đè vạch dừng,Video: demo_video.mp4 - Frame 170
2026-02-08 13:29:01,5R18214,PHÁT HIỆN VI PHẠM,Xe máy - 5R-18214 - Vi phạm: Đè vạch dừng,Video: demo_video.mp4 - Frame 180
2026-02-08 13:29:01,R59850,PHÁT HIỆN VI PHẠM,Xe máy - R-59850 - Vi phạm: Đè vạch dừng,Video: demo_video.mp4 - Frame 180
2026-02-08 13:29:01,69R1821,PHÁT HIỆN VI PHẠM,Xe máy - 69R-1821 - Vi phạm: Đè vạch dừng,Video: demo_video.mp4 - Frame 185
2026-02-08 13:29:01,1Z15980,PHÁT HIỆN VI PHẠM,Xe máy - 1Z1-5980 - Vi phạm: Đè vạch dừng,Video: demo_video.mp4 - Frame 185
2026-02-08 13:29:02,59R121,PHÁT HIỆN VI PHẠM,Xe máy - 59R-121 - Vi phạm: Đè vạch dừng,Video: demo_video.mp4 - Frame 190
2026-02-08 13:29:02,59A18214,PHÁT HIỆN VI PHẠM,Xe máy - 59A-18214 - Vi phạm: Đè vạch dừng,Video: demo_video.mp4 - Frame 195
2026-02-08 13:29:03,59R1821,PHÁT HIỆN VI PHẠM,Xe máy - 59R-1821 - Vi phạm: Đè vạch dừng,Video: demo_video.mp4 - Frame 200
2026-02-08 13:29:03,5917214,PHÁT HIỆN VI PHẠM,Xe máy - 59-17214 - Vi phạm: Đè vạch dừng,Video: demo_video.mp4 - Frame 205
2026-02-08 13:29:03,59R8214,PHÁT HIỆN VI PHẠM,Xe máy - 59R-8214 - Vi phạm: Đè vạch dừng,Video: demo_video.mp4 - Frame 210
2026-02-08 13:29:04,5982,PHÁT HIỆN VI PHẠM,Xe máy - 59-82 - Vi phạm: Đè vạch dừng,Video: demo_video.mp4 - Frame 215
2026-02-08 13:29:04,5005,PHÁT HIỆN VI PHẠM,Xe máy - 500-5 - Vi phạm: Đè vạch dừng,Video: demo_video.mp4 - Frame 220
2026-02-08 13:29:05,Z8721,PHÁT HIỆN VI PHẠM,Xe máy - Z-8721 (Mờ),Video: demo_video.mp4 - Frame 230
2026-02-08 13:29:05,814,PHÁT HIỆN VI PHẠM,Xe máy - 8-14 - Vi phạm: Đè vạch dừng,Video: demo_video.mp4 - Frame 235
2026-02-08 13:29:09,59807,PHÁT HIỆN VI PHẠM,Xe máy - 59-807 - Vi phạm: Đè vạch dừng,Video: demo_video.mp4 - Frame 285
2026-02-08 13:29:10,59178D079,PHÁT HIỆN VI PHẠM,Xe máy - 591-78D079 - Vi phạm: Đè vạch dừng,Video: demo_video.mp4 - Frame 290
2026-02-08 13:29:10,519178079,PHÁT HIỆN VI PHẠM,Xe máy - 5191-78079 - Vi phạm: Đè vạch dừng,Video: demo_video.mp4 - Frame 295
2026-02-08 13:29:11,59P1178079,PHÁT HIỆN VI PHẠM,Xe máy - 59P11-78079 - Vi phạm: Đè vạch dừng,Video: demo_video.mp4 - Frame 300
2026-02-08 13:29:11,591178079,PHÁT HIỆN VI PHẠM,Xe máy - 5911-78079 - Vi phạm: Đè vạch dừng,Video: demo_video.mp4 - Frame 305
2026-02-08 13:29:13,59178079,PHÁT HIỆN VI PHẠM,Xe máy - 591-78079 - Vi phạm: Đè vạch dừng,Video: demo_video.mp4 - Frame 330
2026-02-08 13:29:14,178B2,PHÁT HIỆN VI PHẠM,Xe máy - 1-78B2 - Vi phạm: Đè vạch dừng,Video: demo_video.mp4 - Frame 340
2026-02-08 13:29:17,52425,PHÁT HIỆN VI PHẠM,Xe máy - 52-425 - Vi phạm: Đè vạch dừng,Video: demo_video.mp4 - Frame 375
2026-02-08 13:29:17,524253,PHÁT HIỆN VI PHẠM,Xe máy - 52-4253 - Vi phạm: Đè vạch dừng,Video: demo_video.mp4 - Frame 380
2026-02-08 13:29:18,3242353,PHÁT HIỆN VI PHẠM,Xe máy - 32-42353 - Vi phạm: Đè vạch dừng,Video: demo_video.mp4 - Frame 385
2026-02-08 13:29:18,242553,PHÁT HIỆN VI PHẠM,Xe máy - 2-42553 - Vi phạm: Đè vạch dừng,Video: demo_video.mp4 - Frame 390
2026-02-08 13:29:22,59T21630,PHÁT HIỆN VI PHẠM,Xe máy - 59T-21630 - Vi phạm: Đè vạch dừng,Video: demo_video.mp4 - Frame 440
2026-02-08 13:29:22,59321650,PHÁT HIỆN VI PHẠM,Xe máy - 593-21650 - Vi phạm: Đè vạch dừng,Video: demo_video.mp4 - Frame 445
2026-02-08 13:29:24,39T321650,PHÁT HIỆN VI PHẠM,Xe máy - 39T3-21650 - Vi phạm: Đè vạch dừng,Video: demo_video.mp4 - Frame 465
2026-02-08 13:29:25,39V321650,PHÁT HIỆN VI PHẠM,Xe máy - 39V3-21650 - Vi phạm: Đè vạch dừng,Video: demo_video.mp4 - Frame 475
2026-02-08 13:29:26,59321630,PHÁT HIỆN VI PHẠM,Xe máy - 593-21630 - Vi phạm: Đè vạch dừng,Video: demo_video.mp4 - Frame 490
2026-02-08 13:29:27,Y960218E0,PHÁT HIỆN VI PHẠM,Xe máy - Y960-218E0 - Vi phạm: Đè vạch dừng,Video: demo_video.mp4 - Frame 500
2026-02-08 13:29:28,59321760,PHÁT HIỆN VI PHẠM,Xe máy - 593-21760 - Vi phạm: Đè vạch dừng,Video: demo_video.mp4 - Frame 505
2026-02-08 13:29:28,597B05868,PHÁT HIỆN VI PHẠM VIDEO,Xe máy - 597B-05868,"Video: demo_video.mp4, Frame: 5, Độ rõ: Rõ"
2026-02-08 13:29:28,1X1408503,PHÁT HIỆN VI PHẠM VIDEO,Xe máy - 1X14-08503 - Vi phạm: Đè vạch dừng,"Video: demo_video.mp4, Frame: 5, Độ rõ: Rõ"
2026-02-08 13:29:28,47A61773,PHÁT HIỆN VI PHẠM VIDEO,Xe máy - 47A-61773,"Video: demo_video.mp4, Frame: 5, Độ rõ: Rõ"
2026-02-08 13:29:28,910861,PHÁT HIỆN VI PHẠM VIDEO,Xe máy - 9-10861,"Video: demo_video.mp4, Frame: 5, Độ rõ: Rõ"
2026-02-08 13:29:28,81108503,PHÁT HIỆN VI PHẠM VIDEO,Xe máy - 811-08503 - Vi phạm: Đè vạch dừng,"Video: demo_video.mp4, Frame: 10, Độ rõ: Rõ"
2026-02-08 13:29:28,59B05868,PHÁT HIỆN VI PHẠM VIDEO,Xe máy - 59B-05868,"Video: demo_video.mp4, Frame: 15, Độ rõ: Rõ"
2026-02-08 13:29:28,59B0568,PHÁT HIỆN VI PHẠM VIDEO,Xe máy - 59B-0568,"Video: demo_video.mp4, Frame: 20, Độ rõ: Rõ"
2026-02-08 13:29:28,97B06868,PHÁT HIỆN VI PHẠM VIDEO,Xe máy - 97B-06868,"Video: demo_video.mp4, Frame: 25, Độ rõ: Rõ"
2026-02-08 13:29:28,51861,PHÁT HIỆN VI PHẠM VIDEO,Xe máy - 5-1861,"Video: demo_video.mp4, Frame: 25, Độ rõ: Rõ"
2026-02-08 13:29:28,597B06868,PHÁT HIỆN VI PHẠM VIDEO,Xe máy - 597B-06868,"Video: demo_video.mp4, Frame: 30, Độ rõ: Rõ"
2026-02-08 13:29:28,59706868,PHÁT HIỆN VI PHẠM VIDEO,Xe máy - 597-06868 - Vi phạm: Đè vạch dừng,"Video: demo_video.mp4, Frame: 35, Độ rõ: Rõ"
2026-02-08 13:29:28,97B0688,PHÁT HIỆN VI PHẠM VIDEO,Xe máy - 97B-0688 - Vi phạm: Đè vạch dừng,"Video: demo_video.mp4, Frame: 40, Độ rõ: Rõ"
2026-02-08 13:29:28,59B06868,PHÁT HIỆN VI PHẠM VIDEO,Xe máy - 59B-06868,"Video: demo_video.mp4, Frame: 45, Độ rõ: Rõ"
2026-02-08 13:29:28,70A26872,PHÁT HIỆN VI PHẠM VIDEO,Xe máy - 70A-26872,"Video: demo_video.mp4, Frame: 45, Độ rõ: Rõ"
2026-02-08 13:29:28,59410861,PHÁT HIỆN VI PHẠM VIDEO,Xe máy - 594-10861 (Mờ),"Video: demo_video.mp4, Frame: 45, Độ rõ: Mờ"
2026-02-08 13:29:28,91B58,PHÁT HIỆN VI PHẠM VIDEO,Xe máy - 91B-58 - Vi phạm: Đè vạch dừng,"Video: demo_video.mp4, Frame: 50, Độ rõ: Rõ"
2026-02-08 13:29:28,7D126872,PHÁT HIỆN VI PHẠM VIDEO,Xe máy - 7D1-26872,"Video: demo_video.mp4, Frame: 50, Độ rõ: Rõ"
2026-02-08 13:29:28,8,PHÁT HIỆN VI PHẠM VIDEO,Xe máy - -8 - Vi phạm: Đè vạch dừng,"Video: demo_video.mp4, Frame: 50, Độ rõ: Rõ"
2026-02-08 13:29:28,991081,PHÁT HIỆN VI PHẠM VIDEO,Xe máy - 99-1081,"Video: demo_video.mp4, Frame: 55, Độ rõ: Rõ"
2026-02-08 13:29:28,7DA26872,PHÁT HIỆN VI PHẠM VIDEO,Xe máy - 7DA-26872,"Video: demo_video.mp4, Frame: 55, Độ rõ: Rõ"
2026-02-08 13:29:28,X910861,PHÁT HIỆN VI PHẠM VIDEO,Xe máy - X9-10861,"Video: demo_video.mp4, Frame: 60, Độ rõ: Rõ"
2026-02-08 13:29:28,5910558,PHÁT HIỆN VI PHẠM VIDEO,Xe máy - 591-0558,"Video: demo_video.mp4, Frame: 65, Độ rõ: Rõ"
2026-02-08 13:29:28,5910861,PHÁT HIỆN VI PHẠM VIDEO,Xe máy - 59-10861,"Video: demo_video.mp4, Frame: 70, Độ rõ: Rõ"
2026-02-08 13:29:28,91110861,PHÁT HIỆN VI PHẠM VIDEO,Xe máy - 911-10861,"Video: demo_video.mp4, Frame: 75, Độ rõ: Rõ"
2026-02-08 13:29:28,59110861,PHÁT HIỆN VI PHẠM VIDEO,Xe máy - 591-10861,"Video: demo_video.mp4, Frame: 105, Độ rõ: Rõ"
2026-02-08 13:29:28,972,PHÁT HIỆN VI PHẠM VIDEO,Xe máy - 9-72 (Mờ),"Video: demo_video.mp4, Frame: 120, Độ rõ: Mờ"
2026-02-08 13:29:28,59R12,PHÁT HIỆN VI PHẠM VIDEO,Xe máy - 59R-12 (Mờ),"Video: demo_video.mp4, Frame: 125, Độ rõ: Mờ"
2026-02-08 13:29:28,F9824,PHÁT HIỆN VI PHẠM VIDEO,Xe máy - F9-824 (Mờ),"Video: demo_video.mp4, Frame: 130, Độ rõ: Mờ"
2026-02-08 13:29:28,9R1212,PHÁT HIỆN VI PHẠM VIDEO,Xe máy - 9R-1212 (Mờ),"Video: demo_video.mp4, Frame: 135, Độ rõ: Mờ"
2026-02-08 13:29:28,61H159850,PHÁT HIỆN VI PHẠM VIDEO,Xe máy - 61H1-59850 - Vi phạm: Đè vạch dừng,"Video: demo_video.mp4, Frame: 135, Độ rõ: Rõ"
2026-02-08 13:29:28,5R78214,PHÁT HIỆN VI PHẠM VIDEO,Xe máy - 5R-78214,"Video: demo_video.mp4, Frame: 140, Độ rõ: Rõ"
2026-02-08 13:29:28,59Y1161,PHÁT HIỆN VI PHẠM VIDEO,Xe máy - 59Y1-161,"Video: demo_video.mp4, Frame: 140, Độ rõ: Rõ"
2026-02-08 13:29:28,59R7821,PHÁT HIỆN VI PHẠM VIDEO,Xe máy - 59R-7821,"Video: demo_video.mp4, Frame: 145, Độ rõ: Rõ"
2026-02-08 13:29:28,59214,PHÁT HIỆN VI PHẠM VIDEO,Xe máy - 59-214 - Vi phạm: Đè vạch dừng,"Video: demo_video.mp4, Frame: 150, Độ rõ: Rõ"
2026-02-08 13:29:28,6918214,PHÁT HIỆN VI PHẠM VIDEO,Xe máy - 69-18214 - Vi phạm: Đè vạch dừng,"Video: demo_video.mp4, Frame: 155, Độ rõ: Rõ"
2026-02-08 13:29:28,61R159850,PHÁT HIỆN VI PHẠM VIDEO,Xe máy - 61R1-59850 - Vi phạm: Đè vạch dừng,"Video: demo_video.mp4, Frame: 155, Độ rõ: Rõ"
2026-02-08 13:29:28,59R18214,PHÁT HIỆN VI PHẠM VIDEO,Xe máy - 59R-18214 - Vi phạm: Đè vạch dừng,"Video: demo_video.mp4, Frame: 160, Độ rõ: Rõ"
2026-02-08 13:29:28,59RA18214,PHÁT HIỆN VI PHẠM VIDEO,Xe máy - 59RA-18214 - Vi phạm: Đè vạch dừng,"Video: demo_video.mp4, Frame: 165, Độ rõ: Rõ"
2026-02-08 13:29:28,69RA18214,PHÁT HIỆN VI PHẠM VIDEO,Xe máy - 69RA-18214 - Vi phạm: Đè vạch dừng,"Video: demo_video.mp4, Frame: 170, Độ rõ: Rõ"
2026-02-08 13:29:28,5R18214,PHÁT HIỆN VI PHẠM VIDEO,Xe máy - 5R-18214 - Vi phạm: Đè vạch dừng,"Video: demo_video.mp4, Frame: 180, Độ rõ: Rõ"
2026-02-08 13:29:28,R59850,PHÁT HIỆN VI PHẠM VIDEO,Xe máy - R-59850 - Vi phạm: Đè vạch dừng,"Video: demo_video.mp4, Frame: 180, Độ rõ: Rõ"
2026-02-08 13:29:28,69R1821,PHÁT HIỆN VI PHẠM VIDEO,Xe máy - 69R-1821 - Vi phạm: Đè vạch dừng,"Video: demo_video.mp4, Frame: 185, Độ rõ: Rõ"
2026-02-08 13:29:28,1Z15980,PHÁT HIỆN VI PHẠM VIDEO,Xe máy - 1Z1-5980 - Vi phạm: Đè vạch dừng,"Video: demo_video.mp4, Frame: 185, Độ rõ: Rõ"
2026-02-08 13:29:28,59R121,PHÁT HIỆN VI PHẠM VIDEO,Xe máy - 59R-121 - Vi phạm: Đè vạch dừng,"Video: demo_video.mp4, Frame: 190, Độ rõ: Rõ"
2026-02-08 13:29:28,59A18214,PHÁT HIỆN VI PHẠM VIDEO,Xe máy - 59A-18214 - Vi phạm: Đè vạch dừng,"Video: demo_video.mp4, Frame: 195, Độ rõ: Rõ"
2026-02-08 13:29:28,59R1821,PHÁT HIỆN VI PHẠM VIDEO,Xe máy - 59R-1821 - Vi phạm: Đè vạch dừng,"Video: demo_video.mp4, Frame: 200, Độ rõ: Rõ"
2026-02-08 13:29:28,5917214,PHÁT HIỆN VI PHẠM VIDEO,Xe máy - 59-17214 - Vi phạm: Đè vạch dừng,"Video: demo_video.mp4, Frame: 205, Độ rõ: Rõ"
2026-02-08 13:29:28,59R8214,PHÁT HIỆN VI PHẠM VIDEO,Xe máy - 59R-8214 - Vi phạm: Đè vạch dừng,"Video: demo_video.mp4, Frame: 210, Độ rõ: Rõ"
2026-02-08 13:29:28,8120,PHÁT HIỆN VI PHẠM VIDEO,Xe máy - 81-20,"Video: demo_video.mp4, Frame: 215, Độ rõ: Rõ"
2026-02-08 13:29:28,5982,PHÁT HIỆN VI PHẠM VIDEO,Xe máy - 59-82 - Vi phạm: Đè vạch dừng,"Video: demo_video.mp4, Frame: 215, Độ rõ: Rõ"
2026-02-08 13:29:28,5005,PHÁT HIỆN VI PHẠM VIDEO,Xe máy - 500-5 - Vi phạm: Đè vạch dừng,"Video: demo_video.mp4, Frame: 220, Độ rõ: Rõ"
2026-02-08 13:29:28,Z8721,PHÁT HIỆN VI PHẠM VIDEO,Xe máy - Z-8721 (Mờ),"Video: demo_video.mp4, Frame: 230, Độ rõ: Mờ"
2026-02-08 13:29:28,814,PHÁT HIỆN VI PHẠM VIDEO,Xe máy - 8-14 - Vi phạm: Đè vạch dừng,"Video: demo_video.mp4, Frame: 235, Độ rõ: Rõ"
2026-02-08 13:29:28,5,PHÁT HIỆN VI PHẠM VIDEO,Xe máy - -5,"Video: demo_video.mp4, Frame: 245, Độ rõ: Rõ"
2026-02-08 13:29:28,70A26822,PHÁT HIỆN VI PHẠM VIDEO,Xe máy - 70A-26822,"Video: demo_video.mp4, Frame: 260, Độ rõ: Rõ"
2026-02-08 13:29:28,591079,PHÁT HIỆN VI PHẠM VIDEO,Xe máy - 591-079,"Video: demo_video.mp4, Frame: 260, Độ rõ: Rõ"
2026-02-08 13:29:28,5R9Y778079,PHÁT HIỆN VI PHẠM VIDEO,Xe máy - 5R9Y7-78079,"Video: demo_video.mp4, Frame: 265, Độ rõ: Rõ"
2026-02-08 13:29:28,59807,PHÁT HIỆN VI PHẠM VIDEO,Xe máy - 59-807 - Vi phạm: Đè vạch dừng,"Video: demo_video.mp4, Frame: 285, Độ rõ: Rõ"
2026-02-08 13:29:28,59178D079,PHÁT HIỆN VI PHẠM VIDEO,Xe máy - 591-78D079 - Vi phạm: Đè vạch dừng,"Video: demo_video.mp4, Frame: 290, Độ rõ: Rõ"
2026-02-08 13:29:28,519178079,PHÁT HIỆN VI PHẠM VIDEO,Xe máy - 5191-78079 - Vi phạm: Đè vạch dừng,"Video: demo_video.mp4, Frame: 295, Độ rõ: Rõ"
2026-02-08 13:29:28,59P1178079,PHÁT HIỆN VI PHẠM VIDEO,Xe máy - 59P11-78079 - Vi phạm: Đè vạch dừng,"Video: demo_video.mp4, Frame: 300, Độ rõ: Rõ"
2026-02-08 13:29:28,591178079,PHÁT HIỆN VI PHẠM VIDEO,Xe máy - 5911-78079 - Vi phạm: Đè vạch dừng,"Video: demo_video.mp4, Frame: 305, Độ rõ: Rõ"
2026-02-08 13:29:28,59178079,PHÁT HIỆN VI PHẠM VIDEO,Xe máy - 591-78079 - Vi phạm: Đè vạch dừng,"Video: demo_video.mp4, Frame: 330, Độ rõ: Rõ"
2026-02-08 13:29:28,178B2,PHÁT HIỆN VI PHẠM VIDEO,Xe máy - 1-78B2 - Vi phạm: Đè vạch dừng,"Video: demo_video.mp4, Frame: 340, Độ rõ: Rõ"
2026-02-08 13:29:28,757,PHÁT HIỆN VI PHẠM VIDEO,Xe máy - 7-57,"Video: demo_video.mp4, Frame: 340, Độ rõ: Rõ"
2026-02-08 13:29:28,525E,PHÁT HIỆN VI PHẠM VIDEO,Xe máy - 52-5E,"Video: demo_video.mp4, Frame: 345, Độ rõ: Rõ"
2026-02-08 13:29:28,59R2553,PHÁT HIỆN VI PHẠM VIDEO,Xe máy - 59R2-553,"Video: demo_video.mp4, Frame: 350, Độ rõ: Rõ"
2026-02-08 13:29:28,59RR27553,PHÁT HIỆN VI PHẠM VIDEO,Xe máy - 59RR2-7553,"Video: demo_video.mp4, Frame: 355, Độ rõ: Rõ"
2026-02-08 13:29:28,59253,PHÁT HIỆN VI PHẠM VIDEO,Xe máy - 592-53,"Video: demo_video.mp4, Frame: 360, Độ rõ: Rõ"
2026-02-08 13:29:28,5TR273,PHÁT HIỆN VI PHẠM VIDEO,Xe máy - 5TR2-73,"Video: demo_video.mp4, Frame: 365, Độ rõ: Rõ"
2026-02-08 13:29:28,9124253,PHÁT HIỆN VI PHẠM VIDEO,Xe máy - 912-4253,"Video: demo_video.mp4, Frame: 370, Độ rõ: Rõ"
2026-02-08 13:29:28,52425,PHÁT HIỆN VI PHẠM VIDEO,Xe máy - 52-425 - Vi phạm: Đè vạch dừng,"Video: demo_video.mp4, Frame: 375, Độ rõ: Rõ"
2026-02-08 13:29:28,524253,PHÁT HIỆN VI PHẠM VIDEO,Xe máy - 52-4253 - Vi phạm: Đè vạch dừng,"Video: demo_video.mp4, Frame: 380, Độ rõ: Rõ"
2026-02-08 13:29:28,3242353,PHÁT HIỆN VI PHẠM VIDEO,Xe máy - 32-42353 - Vi phạm: Đè vạch dừng,"Video: demo_video.mp4, Frame: 385, Độ rõ: Rõ"
2026-02-08 13:29:28,242553,PHÁT HIỆN VI PHẠM VIDEO,Xe máy - 2-42553 - Vi phạm: Đè vạch dừng,"Video: demo_video.mp4, Frame: 390, Độ rõ: Rõ"
2026-02-08 13:29:28,527T31650,PHÁT HIỆN VI PHẠM VIDEO,Xe máy - 527T3-1650,"Video: demo_video.mp4, Frame: 415, Độ rõ: Rõ"
2026-02-08 13:29:28,59T321650,PHÁT HIỆN VI PHẠM VIDEO,Xe máy - 59T3-21650,"Video: demo_video.mp4, Frame: 420, Độ rõ: Rõ"
2026-02-08 13:29:28,592T321650,PHÁT HIỆN VI PHẠM VIDEO,Xe máy - 592T3-21650,"Video: demo_video.mp4, Frame: 425, Độ rõ: Rõ"
2026-02-08 13:29:28,59T21630,PHÁT HIỆN VI PHẠM VIDEO,Xe máy - 59T-21630 - Vi phạm: Đè vạch dừng,"Video: demo_video.mp4, Frame: 440, Độ rõ: Rõ"
2026-02-08 13:29:28,59321650,PHÁT HIỆN VI PHẠM VIDEO,Xe máy - 593-21650 - Vi phạm: Đè vạch dừng,"Video: demo_video.mp4, Frame: 445, Độ rõ: Rõ"
2026-02-08 13:29:28,5D106,PHÁT HIỆN VI PHẠM VIDEO,Xe máy - 5D-106,"Video: demo_video.mp4, Frame: 465, Độ rõ: Rõ"
2026-02-08 13:29:28,39T321650,PHÁT HIỆN VI PHẠM VIDEO,Xe máy - 39T3-21650 - Vi phạm: Đè vạch dừng,"Video: demo_video.mp4, Frame: 465, Độ rõ: Rõ"
2026-02-08 13:29:28,50E106E,PHÁT HIỆN VI PHẠM VIDEO,Xe máy - 50E-106E,"Video: demo_video.mp4, Frame: 470, Độ rõ: Rõ"
2026-02-08 13:29:28,59T3260,PHÁT HIỆN VI PHẠM VIDEO,Xe máy - 59T3-260,"Video: demo_video.mp4, Frame: 470, Độ rõ: Rõ"
2026-02-08 13:29:28,5DE10630,PHÁT HIỆN VI PHẠM VIDEO,Xe máy - 5DE-10630,"Video: demo_video.mp4, Frame: 475, Độ rõ: Rõ"
2026-02-08 13:29:28,39V321650,PHÁT HIỆN VI PHẠM VIDEO,Xe máy - 39V3-21650 - Vi phạm: Đè vạch dừng,"Video: demo_video.mp4, Frame: 475, Độ rõ: Rõ"
2026-02-08 13:29:28,5E10630,PHÁT HIỆN VI PHẠM VIDEO,Xe máy - 5E-10630,"Video: demo_video.mp4, Frame: 485, Độ rõ: Rõ"
2026-02-08 13:29:28,50E10630,PHÁT HIỆN VI PHẠM VIDEO,Xe máy - 50E-10630,"Video: demo_video.mp4, Frame: 490, Độ rõ: Rõ"
2026-02-08 13:29:28,59321630,PHÁT HIỆN VI PHẠM VIDEO,Xe máy - 593-21630 - Vi phạm: Đè vạch dừng,"Video: demo_video.mp4, Frame: 490, Độ rõ: Rõ"
2026-02-08 13:29:28,6DE10623D,PHÁT HIỆN VI PHẠM VIDEO,Xe máy - 6DE-10623D,"Video: demo_video.mp4, Frame: 500, Độ rõ: Rõ"
2026-02-08 13:29:28,47A81773,PHÁT HIỆN VI PHẠM VIDEO,Xe máy - 47A-81773,"Video: demo_video.mp4, Frame: 500, Độ rõ: Rõ"
2026-02-08 13:29:28,Y960218E0,PHÁT HIỆN VI PHẠM VIDEO,Xe máy - Y960-218E0 - Vi phạm: Đè vạch dừng,"Video: demo_video.mp4, Frame: 500, Độ rõ: Rõ"
2026-02-08 13:29:28,5010630,PHÁT HIỆN VI PHẠM VIDEO,Xe máy - 50-10630,"Video: demo_video.mp4, Frame: 505, Độ rõ: Rõ"
2026-02-08 13:29:28,59321760,PHÁT HIỆN VI PHẠM VIDEO,Xe máy - 593-21760 - Vi phạm: Đè vạch dừng,"Video: demo_video.mp4, Frame: 505, Độ rõ: Rõ"
2026-02-08 13:30:00,1X1408503,PHÁT HIỆN VI PHẠM,Xe máy - 1X14-08503 - Vi phạm: Đè vạch dừng,Video: demo_video.mp4 - Frame 5
2026-02-08 13:30:01,81108503,PHÁT HIỆN VI PHẠM,Xe máy - 811-08503 - Vi phạm: Đè vạch dừng,Video: demo_video.mp4 - Frame 10
2026-02-08 13:30:03,59706868,PHÁT HIỆN VI PHẠM,Xe máy - 597-06868 - Vi phạm: Đè vạch dừng,Video: demo_video.mp4 - Frame 35
2026-02-08 13:30:03,97B0688,PHÁT HIỆN VI PHẠM,Xe máy - 97B-0688 - Vi phạm: Đè vạch dừng,Video: demo_video.mp4 - Frame 40
2026-02-08 13:30:04,91B58,PHÁT HIỆN VI PHẠM,Xe máy - 91B-58 - Vi phạm: Đè vạch dừng,Video: demo_video.mp4 - Frame 50
2026-02-08 13:30:05,8,PHÁT HIỆN VI PHẠM,Xe máy - -8 - Vi phạm: Đè vạch dừng,Video: demo_video.mp4 - Frame 50
2026-02-08 13:30:11,61H159850,PHÁT HIỆN VI PHẠM,Xe máy - 61H1-59850 - Vi phạm: Đè vạch dừng,Video: demo_video.mp4 - Frame 135
2026-02-08 13:30:13,59214,PHÁT HIỆN VI PHẠM,Xe máy - 59-214 - Vi phạm: Đè vạch dừng,Video: demo_video.mp4 - Frame 150
2026-02-08 13:30:13,6918214,PHÁT HIỆN VI PHẠM,Xe máy - 69-18214 - Vi phạm: Đè vạch dừng,Video: demo_video.mp4 - Frame 155
2026-02-08 13:30:13,61R159850,PHÁT HIỆN VI PHẠM,Xe máy - 61R1-59850 - Vi phạm: Đè vạch dừng,Video: demo_video.mp4 - Frame 155
2026-02-08 13:30:14,59R18214,PHÁT HIỆN VI PHẠM,Xe máy - 59R-18214 - Vi phạm: Đè vạch dừng,Video: demo_video.mp4 - Frame 160
2026-02-08 13:30:14,59RA18214,PHÁT HIỆN VI PHẠM,Xe máy - 59RA-18214 - Vi phạm: Đè vạch dừng,Video: demo_video.mp4 - Frame 165
2026-02-08 13:30:15,69RA18214,PHÁT HIỆN VI PHẠM,Xe máy - 69RA-18214 - Vi phạm: Đè vạch dừng,Video: demo_video.mp4 - Frame 170
2026-02-08 13:30:16,5R18214,PHÁT HIỆN VI PHẠM,Xe máy - 5R-18214 - Vi phạm: Đè vạch dừng,Video: demo_video.mp4 - Frame 180
2026-02-08 13:30:16,R59850,PHÁT HIỆN VI PHẠM,Xe máy - R-59850 - Vi phạm: Đè vạch dừng,Video: demo_video.mp4 - Frame 180
2026-02-08 13:30:16,69R1821,PHÁT HIỆN VI PHẠM,Xe máy - 69R-1821 - Vi phạm: Đè vạch dừng,Video: demo_video.mp4 - Frame 185
2026-02-08 13:30:16,1Z15980,PHÁT HIỆN VI PHẠM,Xe máy - 1Z1-5980 - Vi phạm: Đè vạch dừng,Video: demo_video.mp4 - Frame 185
2026-02-08 13:30:17,59R121,PHÁT HIỆN VI PHẠM,Xe máy - 59R-121 - Vi phạm: Đè vạch dừng,Video: demo_video.mp4 - Frame 190
2026-02-08 13:30:17,59A18214,PHÁT HIỆN VI PHẠM,Xe máy - 59A-18214 - Vi phạm: Đè vạch dừng,Video: demo_video.mp4 - Frame 195
2026-02-08 13:30:17,59R1821,PHÁT HIỆN VI PHẠM,Xe máy - 59R-1821 - Vi phạm: Đè vạch dừng,Video: demo_video.mp4 - Frame 200
2026-02-08 13:30:18,5917214,PHÁT HIỆN VI PHẠM,Xe máy - 59-17214 - Vi phạm: Đè vạch dừng,Video: demo_video.mp4 - Frame 205
2026-02-08 13:30:18,59R8214,PHÁT HIỆN VI PHẠM,Xe máy - 59R-8214 - Vi phạm: Đè vạch dừng,Video: demo_video.mp4 - Frame 210
2026-02-08 13:30:19,5982,PHÁT HIỆN VI PHẠM,Xe máy - 59-82 - Vi phạm: Đè vạch dừng,Video: demo_video.mp4 - Frame 215
2026-02-08 13:30:19,5005,PHÁT HIỆN VI PHẠM,Xe máy - 500-5 - Vi phạm: Đè vạch dừng,Video: demo_video.mp4 - Frame 220
2026-02-08 13:30:20,Z8721,PHÁT HIỆN VI PHẠM,Xe máy - Z-8721 (Mờ),Video: demo_video.mp4 - Frame 230
2026-02-08 13:30:20,814,PHÁT HIỆN VI PHẠM,Xe máy - 8-14 - Vi phạm: Đè vạch dừng,Video: demo_video.mp4 - Frame 235
2026-02-08 13:30:24,59807,PHÁT HIỆN VI PHẠM,Xe máy - 59-807 - Vi phạm: Đè vạch dừng,Video: demo_video.mp4 - Frame 285
2026-02-08 13:30:25,59178D079,PHÁT HIỆN VI PHẠM,Xe máy - 591-78D079 - Vi phạm: Đè vạch dừng,Video: demo_video.mp4 - Frame 290
2026-02-08 13:30:25,519178079,PHÁT HIỆN VI PHẠM,Xe máy - 5191-78079 - Vi phạm: Đè vạch dừng,Video: demo_video.mp4 - Frame 295
2026-02-08 13:30:25,59P1178079,PHÁT HIỆN VI PHẠM,Xe máy - 59P11-78079 - Vi phạm: Đè vạch dừng,Video: demo_video.mp4 - Frame 300
2026-02-08 13:30:26,591178079,PHÁT HIỆN VI PHẠM,Xe máy - 5911-78079 - Vi phạm: Đè vạch dừng,Video: demo_video.mp4 - Frame 305
2026-02-08 13:30:28,59178079,PHÁT HIỆN VI PHẠM,Xe máy - 591-78079 - Vi phạm: Đè vạch dừng,Video: demo_video.mp4 - Frame 330
2026-02-08 13:30:28,178B2,PHÁT HIỆN VI PHẠM,Xe máy - 1-78B2 - Vi phạm: Đè vạch dừng,Video: demo_video.mp4 - Frame 340
2026-02-08 13:30:32,52425,PHÁT HIỆN VI PHẠM,Xe máy - 52-425 - Vi phạm: Đè vạch dừng,Video: demo_video.mp4 - Frame 375
2026-02-08 13:30:32,524253,PHÁT HIỆN VI PHẠM,Xe máy - 52-4253 - Vi phạm: Đè vạch dừng,Video: demo_video.mp4 - Frame 380
2026-02-08 13:30:33,3242353,PHÁT HIỆN VI PHẠM,Xe máy - 32-42353 - Vi phạm: Đè vạch dừng,Video: demo_video.mp4 - Frame 385
2026-02-08 13:30:33,242553,PHÁT HIỆN VI PHẠM,Xe máy - 2-42553 - Vi phạm: Đè vạch dừng,Video: demo_video.mp4 - Frame 390
2026-02-08 13:30:37,59T21630,PHÁT HIỆN VI PHẠM,Xe máy - 59T-21630 - Vi phạm: Đè vạch dừng,Video: demo_video.mp4 - Frame 440
2026-02-08 13:30:37,59321650,PHÁT HIỆN VI PHẠM,Xe máy - 593-21650 - Vi phạm: Đè vạch dừng,Video: demo_video.mp4 - Frame 445
2026-02-08 13:30:39,39T321650,PHÁT HIỆN VI PHẠM,Xe máy - 39T3-21650 - Vi phạm: Đè vạch dừng,Video: demo_video.mp4 - Frame 465
2026-02-08 13:30:40,39V321650,PHÁT HIỆN VI PHẠM,Xe máy - 39V3-21650 - Vi phạm: Đè vạch dừng,Video: demo_video.mp4 - Frame 475
2026-02-08 13:30:41,59321630,PHÁT HIỆN VI PHẠM,Xe máy - 593-21630 - Vi phạm: Đè vạch dừng,Video: demo_video.mp4 - Frame 490
2026-02-08 13:30:42,Y960218E0,PHÁT HIỆN VI PHẠM,Xe máy - Y960-218E0 - Vi phạm: Đè vạch dừng,Video: demo_video.mp4 - Frame 500
2026-02-08 13:30:43,59321760,PHÁT HIỆN VI PHẠM,Xe máy - 593-21760 - Vi phạm: Đè vạch dừng,Video: demo_video.mp4 - Frame 505
2026-02-08 13:30:43,597B05868,PHÁT HIỆN VI PHẠM VIDEO,Xe máy - 597B-05868,"Video: demo_video.mp4, Frame: 5, Độ rõ: Rõ"
2026-02-08 13:30:43,1X1408503,PHÁT HIỆN VI PHẠM VIDEO,Xe máy - 1X14-08503 - Vi phạm: Đè vạch dừng,"Video: demo_video.mp4, Frame: 5, Độ rõ: Rõ"
2026-02-08 13:30:43,47A61773,PHÁT HIỆN VI PHẠM VIDEO,Xe máy - 47A-61773,"Video: demo_video.mp4, Frame: 5, Độ rõ: Rõ"
2026-02-08 13:30:43,910861,PHÁT HIỆN VI PHẠM VIDEO,Xe máy - 9-10861,"Video: demo_video.mp4, Frame: 5, Độ rõ: Rõ"
2026-02-08 13:30:43,81108503,PHÁT HIỆN VI PHẠM VIDEO,Xe máy - 811-08503 - Vi phạm: Đè vạch dừng,"Video: demo_video.mp4, Frame: 10, Độ rõ: Rõ"
2026-02-08 13:30:43,59B05868,PHÁT HIỆN VI PHẠM VIDEO,Xe máy - 59B-05868,"Video: demo_video.mp4, Frame: 15, Độ rõ: Rõ"
2026-02-08 13:30:43,59B0568,PHÁT HIỆN VI PHẠM VIDEO,Xe máy - 59B-0568,"Video: demo_video.mp4, Frame: 20, Độ rõ: Rõ"
2026-02-08 13:30:43,97B06868,PHÁT HIỆN VI PHẠM VIDEO,Xe máy - 97B-06868,"Video: demo_video.mp4, Frame: 25, Độ rõ: Rõ"
2026-02-08 13:30:43,51861,PHÁT HIỆN VI PHẠM VIDEO,Xe máy - 5-1861,"Video: demo_video.mp4, Frame: 25, Độ rõ: Rõ"
2026-02-08 13:30:43,597B06868,PHÁT HIỆN VI PHẠM VIDEO,Xe máy - 597B-06868,"Video: demo_video.mp4, Frame: 30, Độ rõ: Rõ"
2026-02-08 13:30:43,59706868,PHÁT HIỆN VI PHẠM VIDEO,Xe máy - 597-06868 - Vi phạm: Đè vạch dừng,"Video: demo_video.mp4, Frame: 35, Độ rõ: Rõ"
2026-02-08 13:30:43,97B0688,PHÁT HIỆN VI PHẠM VIDEO,Xe máy - 97B-0688 - Vi phạm: Đè vạch dừng,"Video: demo_video.mp4, Frame: 40, Độ rõ: Rõ"
2026-02-08 13:30:43,59B06868,PHÁT HIỆN VI PHẠM VIDEO,Xe máy - 59B-06868,"Video: demo_video.mp4, Frame: 45, Độ rõ: Rõ"
2026-02-08 13:30:43,70A26872,PHÁT HIỆN VI PHẠM VIDEO,Xe máy - 70A-26872,"Video: demo_video.mp4, Frame: 45, Độ rõ: Rõ"
2026-02-08 13:30:43,59410861,PHÁT HIỆN VI PHẠM VIDEO,Xe máy - 594-10861 (Mờ),"Video: demo_video.mp4, Frame: 45, Độ rõ: Mờ"
2026-02-08 13:30:43,91B58,PHÁT HIỆN VI PHẠM VIDEO,Xe máy - 91B-58 - Vi phạm: Đè vạch dừng,"Video: demo_video.mp4, Frame: 50, Độ rõ: Rõ"
2026-02-08 13:30:43,7D126872,PHÁT HIỆN VI PHẠM VIDEO,Xe máy - 7D1-26872,"Video: demo_video.mp4, Frame: 50, Độ rõ: Rõ"
2026-02-08 13:30:43,8,PHÁT HIỆN VI PHẠM VIDEO,Xe máy - -8 - Vi phạm: Đè vạch dừng,"Video: demo_video.mp4, Frame: 50, Độ rõ: Rõ"
2026-02-08 13:30:43,991081,PHÁT HIỆN VI PHẠM VIDEO,Xe máy - 99-1081,"Video: demo_video.mp4, Frame: 55, Độ rõ: Rõ"
2026-02-08 13:30:43,7DA26872,PHÁT HIỆN VI PHẠM VIDEO,Xe máy - 7DA-26872,"Video: demo_video.mp4, Frame: 55, Độ rõ: Rõ"
2026-02-08 13:30:43,X910861,PHÁT HIỆN VI PHẠM VIDEO,Xe máy - X9-10861,"Video: demo_video.mp4, Frame: 60, Độ rõ: Rõ"
2026-02-08 13:30:43,5910558,PHÁT HIỆN VI PHẠM VIDEO,Xe máy - 591-0558,"Video: demo_video.mp4, Frame: 65, Độ rõ: Rõ"
2026-02-08 13:30:43,5910861,PHÁT HIỆN VI PHẠM VIDEO,Xe máy - 59-10861,"Video: demo_video.mp4, Frame: 70, Độ rõ: Rõ"
2026-02-08 13:30:43,91110861,PHÁT HIỆN VI PHẠM VIDEO,Xe máy - 911-10861,"Video: demo_video.mp4, Frame: 75, Độ rõ: Rõ"
2026-02-08 13:30:43,59110861,PHÁT HIỆN VI PHẠM VIDEO,Xe máy - 591-10861,"Video: demo_video.mp4, Frame: 105, Độ rõ: Rõ"
2026-02-08 13:30:43,972,PHÁT HIỆN VI PHẠM VIDEO,Xe máy - 9-72 (Mờ),"Video: demo_video.mp4, Frame: 120, Độ rõ: Mờ"
2026-02-08 13:30:43,59R12,PHÁT HIỆN VI PHẠM VIDEO,Xe máy - 59R-12 (Mờ),"Video: demo_video.mp4, Frame: 125, Độ rõ: Mờ"
2026-02-08 13:30:43,F9824,PHÁT HIỆN VI PHẠM VIDEO,Xe máy - F9-824 (Mờ),"Video: demo_video.mp4, Frame: 130, Độ rõ: Mờ"
2026-02-08 13:30:43,9R1212,PHÁT HIỆN VI PHẠM VIDEO,Xe máy - 9R-1212 (Mờ),"Video: demo_video.mp4, Frame: 135, Độ rõ: Mờ"
2026-02-08 13:30:43,61H159850,PHÁT HIỆN VI PHẠM VIDEO,Xe máy - 61H1-59850 - Vi phạm: Đè vạch dừng,"Video: demo_video.mp4, Frame: 135, Độ rõ: Rõ"
2026-02-08 13:30:43,5R78214,PHÁT HIỆN VI PHẠM VIDEO,Xe máy - 5R-78214,"Video: demo_video.mp4, Frame: 140, Độ rõ: Rõ"
2026-02-08 13:30:43,59Y1161,PHÁT HIỆN VI PHẠM VIDEO,Xe máy - 59Y1-161,"Video: demo_video.mp4, Frame: 140, Độ rõ: Rõ"
2026-02-08 13:30:43,59R7821,PHÁT HIỆN VI PHẠM VIDEO,Xe máy - 59R-7821,"Video: demo_video.mp4, Frame: 145, Độ rõ: Rõ"
2026-02-08 13:30:43,59214,PHÁT HIỆN VI PHẠM VIDEO,Xe máy - 59-214 - Vi phạm: Đè vạch dừng,"Video: demo_video.mp4, Frame: 150, Độ rõ: Rõ"
2026-02-08 13:30:43,6918214,PHÁT HIỆN VI PHẠM VIDEO,Xe máy - 69-18214 - Vi phạm: Đè vạch dừng,"Video: demo_video.mp4, Frame: 155, Độ rõ: Rõ"
2026-02-08 13:30:43,61R159850,PHÁT HIỆN VI PHẠM VIDEO,Xe máy - 61R1-59850 - Vi phạm: Đè vạch dừng,"Video: demo_video.mp4, Frame: 155, Độ rõ: Rõ"
2026-02-08 13:30:43,59R18214,PHÁT HIỆN VI PHẠM VIDEO,Xe máy - 59R-18214 - Vi phạm: Đè vạch dừng,"Video: demo_video.mp4, Frame: 160, Độ rõ: Rõ"
2026-02-08 13:30:43,59RA18214,PHÁT HIỆN VI PHẠM VIDEO,Xe máy - 59RA-18214 - Vi phạm: Đè vạch dừng,"Video: demo_video.mp4, Frame: 165, Độ rõ: Rõ"
2026-02-08 13:30:43,69RA18214,PHÁT HIỆN VI PHẠM VIDEO,Xe máy - 69RA-18214 - Vi phạm: Đè vạch dừng,"Video: demo_video.mp4, Frame: 170, Độ rõ: Rõ"
2026-02-08 13:30:43,5R18214,PHÁT HIỆN VI PHẠM VIDEO,Xe máy - 5R-18214 - Vi phạm: Đè vạch dừng,"Video: demo_video.mp4, Frame: 180, Độ rõ: Rõ"
2026-02-08 13:30:43,R59850,PHÁT HIỆN VI PHẠM VIDEO,Xe máy - R-59850 - Vi phạm: Đè vạch dừng,"Video: demo_video.mp4, Frame: 180, Độ rõ: Rõ"
2026-02-08 13:30:43,69R1821,PHÁT HIỆN VI PHẠM VIDEO,Xe máy - 69R-1821 - Vi phạm: Đè vạch dừng,"Video: demo_video.mp4, Frame: 185, Độ rõ: Rõ"
2026-02-08 13:30:43,1Z15980,PHÁT HIỆN VI PHẠM VIDEO,Xe máy - 1Z1-5980 - Vi phạm: Đè vạch dừng,"Video: demo_video.mp4, Frame: 185, Độ rõ: Rõ"
2026-02-08 13:30:43,59R121,PHÁT HIỆN VI PHẠM VIDEO,Xe máy - 59R-121 - Vi phạm: Đè vạch dừng,"Video: demo_video.mp4, Frame: 190, Độ rõ: Rõ"
2026-02-08 13:30:43,59A18214,PHÁT HIỆN VI PHẠM VIDEO,Xe máy - 59A-18214 - Vi phạm: Đè vạch dừng,"Video: demo_video.mp4, Frame: 195, Độ rõ: Rõ"
2026-02-08 13:30:43,59R1821,PHÁT HIỆN VI PHẠM VIDEO,Xe máy - 59R-1821 - Vi phạm: Đè vạch dừng,"Video: demo_video.mp4, Frame: 200, Độ rõ: Rõ"
2026-02-08 13:30:43,5917214,PHÁT HIỆN VI PHẠM VIDEO,Xe máy - 59-17214 - Vi phạm: Đè vạch dừng,"Video: demo_video.mp4, Frame: 205, Độ rõ: Rõ"
2026-02-08 13:30:43,59R8214,PHÁT HIỆN VI PHẠM VIDEO,Xe máy - 59R-8214 - Vi phạm: Đè vạch dừng,"Video: demo_video.mp4, Frame: 210, Độ rõ: Rõ"
2026-02-08 13:30:43,8120,PHÁT HIỆN VI PHẠM VIDEO,Xe máy - 81-20,"Video: demo_video.mp4, Frame: 215, Độ rõ: Rõ"
2026-02-08 13:30:43,5982,PHÁT HIỆN VI PHẠM VIDEO,Xe máy - 59-82 - Vi phạm: Đè vạch dừng,"Video: demo_video.mp4, Frame: 215, Độ rõ: Rõ"
2026-02-08 13:30:43,5005,PHÁT HIỆN VI PHẠM VIDEO,Xe máy - 500-5 - Vi phạm: Đè vạch dừng,"Video: demo_video.mp4, Frame: 220, Độ rõ: Rõ"
2026-02-08 13:30:43,Z8721,PHÁT HIỆN VI PHẠM VIDEO,Xe máy - Z-8721 (Mờ),"Video: demo_video.mp4, Frame: 230, Độ rõ: Mờ"
2026-02-08 13:30:43,814,PHÁT HIỆN VI PHẠM VIDEO,Xe máy - 8-14 - Vi phạm: Đè vạch dừng,"Video: demo_video.mp4, Frame: 235, Độ rõ: Rõ"
2026-02-08 13:30:43,5,PHÁT HIỆN VI PHẠM VIDEO,Xe máy - -5,"Video: demo_video.mp4, Frame: 245, Độ rõ: Rõ"
2026-02-08 13:30:43,70A26822,PHÁT HIỆN VI PHẠM VIDEO,Xe máy - 70A-26822,"Video: demo_video.mp4, Frame: 260, Độ rõ: Rõ"
2026-02-08 13:30:43,591079,PHÁT HIỆN VI PHẠM VIDEO,Xe máy - 591-079,"Video: demo_video.mp4, Frame: 260, Độ rõ: Rõ"
2026-02-08 13:30:43,5R9Y778079,PHÁT HIỆN VI PHẠM VIDEO,Xe máy - 5R9Y7-78079,"Video: demo_video.mp4, Frame: 265, Độ rõ: Rõ"
2026-02-08 13:30:43,59807,PHÁT HIỆN VI PHẠM VIDEO,Xe máy - 59-807 - Vi phạm: Đè vạch dừng,"Video: demo_video.mp4, Frame: 285, Độ rõ: Rõ"
2026-02-08 13:30:43,59178D079,PHÁT HIỆN VI PHẠM VIDEO,Xe máy - 591-78D079 - Vi phạm: Đè vạch dừng,"Video: demo_video.mp4, Frame: 290, Độ rõ: Rõ"
2026-02-08 13:30:43,519178079,PHÁT HIỆN VI PHẠM VIDEO,Xe máy - 5191-78079 - Vi phạm: Đè vạch dừng,"Video: demo_video.mp4, Frame: 295, Độ rõ: Rõ"
2026-02-08 13:30:43,59P1178079,PHÁT HIỆN VI PHẠM VIDEO,Xe máy - 59P11-78079 - Vi phạm: Đè vạch dừng,"Video: demo_video.mp4, Frame: 300, Độ rõ: Rõ"
2026-02-08 13:30:43,591178079,PHÁT HIỆN VI PHẠM VIDEO,Xe máy - 5911-78079 - Vi phạm: Đè vạch dừng,"Video: demo_video.mp4, Frame: 305, Độ rõ: Rõ"
2026-02-08 13:30:43,59178079,PHÁT HIỆN VI PHẠM VIDEO,Xe máy - 591-78079 - Vi phạm: Đè vạch dừng,"Video: demo_video.mp4, Frame: 330, Độ rõ: Rõ"
2026-02-08 13:30:43,178B2,PHÁT HIỆN VI PHẠM VIDEO,Xe máy - 1-78B2 - Vi phạm: Đè vạch dừng,"Video: demo_video.mp4, Frame: 340, Độ rõ: Rõ"
2026-02-08 13:30:43,757,PHÁT HIỆN VI PHẠM VIDEO,Xe máy - 7-57,"Video: demo_video.mp4, Frame: 340, Độ rõ: Rõ"
2026-02-08 13:30:43,525E,PHÁT HIỆN VI PHẠM VIDEO,Xe máy - 52-5E,"Video: demo_video.mp4, Frame: 345, Độ rõ: Rõ"
2026-02-08 13:30:43,59R2553,PHÁT HIỆN VI PHẠM VIDEO,Xe máy - 59R2-553,"Video: demo_video.mp4, Frame: 350, Độ rõ: Rõ"
2026-02-08 13:30:43,59RR27553,PHÁT HIỆN VI PHẠM VIDEO,Xe máy - 59RR2-7553,"Video: demo_video.mp4, Frame: 355, Độ rõ: Rõ"
2026-02-08 13:30:43,59253,PHÁT HIỆN VI PHẠM VIDEO,Xe máy - 592-53,"Video: demo_video.mp4, Frame: 360, Độ rõ: Rõ"
2026-02-08 13:30:43,5TR273,PHÁT HIỆN VI PHẠM VIDEO,Xe máy - 5TR2-73,"Video: demo_video.mp4, Frame: 365, Độ rõ: Rõ"
2026-02-08 13:30:43,9124253,PHÁT HIỆN VI PHẠM VIDEO,Xe máy - 912-4253,"Video: demo_video.mp4, Frame: 370, Độ rõ: Rõ"
2026-02-08 13:30:43,52425,PHÁT HIỆN VI PHẠM VIDEO,Xe máy - 52-425 - Vi phạm: Đè vạch dừng,"Video: demo_video.mp4, Frame: 375, Độ rõ: Rõ"
2026-02-08 13:30:43,524253,PHÁT HIỆN VI PHẠM VIDEO,Xe máy - 52-4253 - Vi phạm: Đè vạch dừng,"Video: demo_video.mp4, Frame: 380, Độ rõ: Rõ"
2026-02-08 13:30:43,3242353,PHÁT HIỆN VI PHẠM VIDEO,Xe máy - 32-42353 - Vi phạm: Đè vạch dừng,"Video: demo_video.mp4, Frame: 385, Độ rõ: Rõ"
2026-02-08 13:30:43,242553,PHÁT HIỆN VI PHẠM VIDEO,Xe máy - 2-42553 - Vi phạm: Đè vạch dừng,"Video: demo_video.mp4, Frame: 390, Độ rõ: Rõ"
2026-02-08 13:30:43,527T31650,PHÁT HIỆN VI PHẠM VIDEO,Xe máy - 527T3-1650,"Video: demo_video.mp4, Frame: 415, Độ rõ: Rõ"
2026-02-08 13:30:43,59T321650,PHÁT HIỆN VI PHẠM VIDEO,Xe máy - 59T3-21650,"Video: demo_video.mp4, Frame: 420, Độ rõ: Rõ"
2026-02-08 13:30:43,592T321650,PHÁT HIỆN VI PHẠM VIDEO,Xe máy - 592T3-21650,"Video: demo_video.mp4, Frame: 425, Độ rõ: Rõ"
2026-02-08 13:30:43,59T21630,PHÁT HIỆN VI PHẠM VIDEO,Xe máy - 59T-21630 - Vi phạm: Đè vạch dừng,"Video: demo_video.mp4, Frame: 440, Độ rõ: Rõ"
2026-02-08 13:30:43,59321650,PHÁT HIỆN VI PHẠM VIDEO,Xe máy - 593-21650 - Vi phạm: Đè vạch dừng,"Video: demo_video.mp4, Frame: 445, Độ rõ: Rõ"
2026-02-08 13:30:43,5D106,PHÁT HIỆN VI PHẠM VIDEO,Xe máy - 5D-106,"Video: demo_video.mp4, Frame: 465, Độ rõ: Rõ"
2026-02-08 13:30:43,39T321650,PHÁT HIỆN VI PHẠM VIDEO,Xe máy - 39T3-21650 - Vi phạm: Đè vạch dừng,"Video: demo_video.mp4, Frame: 465, Độ rõ: Rõ"
2026-02-08 13:30:43,50E106E,PHÁT HIỆN VI PHẠM VIDEO,Xe máy - 50E-106E,"Video: demo_video.mp4, Frame: 470, Độ rõ: Rõ"
2026-02-08 13:30:43,59T3260,PHÁT HIỆN VI PHẠM VIDEO,Xe máy - 59T3-260,"Video: demo_video.mp4, Frame: 470, Độ rõ: Rõ"
2026-02-08 13:30:43,5DE10630,PHÁT HIỆN VI PHẠM VIDEO,Xe máy - 5DE-10630,"Video: demo_video.mp4, Frame: 475, Độ rõ: Rõ"
2026-02-08 13:30:43,39V321650,PHÁT HIỆN VI PHẠM VIDEO,Xe máy - 39V3-21650 - Vi phạm: Đè vạch dừng,"Video: demo_video.mp4, Frame: 475, Độ rõ: Rõ"
2026-02-08 13:30:43,5E10630,PHÁT HIỆN VI PHẠM VIDEO,Xe máy - 5E-10630,"Video: demo_video.mp4, Frame: 485, Độ rõ: Rõ"
2026-02-08 13:30:43,50E10630,PHÁT HIỆN VI PHẠM VIDEO,Xe máy - 50E-10630,"Video: demo_video.mp4, Frame: 490, Độ rõ: Rõ"
2026-02-08 13:30:43,59321630,PHÁT HIỆN VI PHẠM VIDEO,Xe máy - 593-21630 - Vi phạm: Đè vạch dừng,"Video: demo_video.mp4, Frame: 490, Độ rõ: Rõ"
2026-02-08 13:30:43,6DE10623D,PHÁT HIỆN VI PHẠM VIDEO,Xe máy - 6DE-10623D,"Video: demo_video.mp4, Frame: 500, Độ rõ: Rõ"
2026-02-08 13:30:43,47A81773,PHÁT HIỆN VI PHẠM VIDEO,Xe máy - 47A-81773,"Video: demo_video.mp4, Frame: 500, Độ rõ: Rõ"
2026-02-08 13:30:43,Y960218E0,PHÁT HIỆN VI PHẠM VIDEO,Xe máy - Y960-218E0 - Vi phạm: Đè vạch dừng,"Video: demo_video.mp4, Frame: 500, Độ rõ: Rõ"
2026-02-08 13:30:43,5010630,PHÁT HIỆN VI PHẠM VIDEO,Xe máy - 50-10630,"Video: demo_video.mp4, Frame: 505, Độ rõ: Rõ"
2026-02-08 13:30:43,59321760,PHÁT HIỆN VI PHẠM VIDEO,Xe máy - 593-21760 - Vi phạm: Đè vạch dừng,"Video: demo_video.mp4, Frame: 505, Độ rõ: Rõ"
2026-02-08 13:34:26,1X1408503,PHÁT HIỆN VI PHẠM,Xe máy - 1X14-08503 - Vi phạm: Đè vạch dừng,Video: demo_video.mp4 - Frame 5
2026-02-08 13:34:27,81108503,PHÁT HIỆN VI PHẠM,Xe máy - 811-08503 - Vi phạm: Đè vạch dừng,Video: demo_video.mp4 - Frame 10
2026-02-08 13:34:31,59706868,PHÁT HIỆN VI PHẠM,Xe máy - 597-06868 - Vi phạm: Đè vạch dừng,Video: demo_video.mp4 - Frame 35
2026-02-08 13:34:32,97B0688,PHÁT HIỆN VI PHẠM,Xe máy - 97B-0688 - Vi phạm: Đè vạch dừng,Video: demo_video.mp4 - Frame 40
2026-02-08 13:34:33,91B58,PHÁT HIỆN VI PHẠM,Xe máy - 91B-58 - Vi phạm: Đè vạch dừng,Video: demo_video.mp4 - Frame 50
2026-02-08 13:34:33,8,PHÁT HIỆN VI PHẠM,Xe máy - -8 - Vi phạm: Đè vạch dừng,Video: demo_video.mp4 - Frame 50
2026-02-08 13:34:40,61H159850,PHÁT HIỆN VI PHẠM,Xe máy - 61H1-59850 - Vi phạm: Đè vạch dừng,Video: demo_video.mp4 - Frame 135
2026-02-08 13:34:41,1X1408503,PHÁT HIỆN VI PHẠM,Xe máy - 1X14-08503 - Vi phạm: Đè vạch dừng,Video: demo_video.mp4 - Frame 5
2026-02-08 13:34:42,81108503,PHÁT HIỆN VI PHẠM,Xe máy - 811-08503 - Vi phạm: Đè vạch dừng,Video: demo_video.mp4 - Frame 10
2026-02-08 13:34:42,59214,PHÁT HIỆN VI PHẠM,Xe máy - 59-214 - Vi phạm: Đè vạch dừng,Video: demo_video.mp4 - Frame 150
2026-02-08 13:34:43,6918214,PHÁT HIỆN VI PHẠM,Xe máy - 69-18214 - Vi phạm: Đè vạch dừng,Video: demo_video.mp4 - Frame 155
2026-02-08 13:34:43,61R159850,PHÁT HIỆN VI PHẠM,Xe máy - 61R1-59850 - Vi phạm: Đè vạch dừng,Video: demo_video.mp4 - Frame 155
2026-02-08 13:34:44,59R18214,PHÁT HIỆN VI PHẠM,Xe máy - 59R-18214 - Vi phạm: Đè vạch dừng,Video: demo_video.mp4 - Frame 160
2026-02-08 13:34:44,59RA18214,PHÁT HIỆN VI PHẠM,Xe máy - 59RA-18214 - Vi phạm: Đè vạch dừng,Video: demo_video.mp4 - Frame 165
2026-02-08 13:34:45,69RA18214,PHÁT HIỆN VI PHẠM,Xe máy - 69RA-18214 - Vi phạm: Đè vạch dừng,Video: demo_video.mp4 - Frame 170
2026-02-08 13:34:46,59706868,PHÁT HIỆN VI PHẠM,Xe máy - 597-06868 - Vi phạm: Đè vạch dừng,Video: demo_video.mp4 - Frame 35
2026-02-08 13:34:46,97B0688,PHÁT HIỆN VI PHẠM,Xe máy - 97B-0688 - Vi phạm: Đè vạch dừng,Video: demo_video.mp4 - Frame 40
2026-02-08 13:34:47,5R18214,PHÁT HIỆN VI PHẠM,Xe máy - 5R-18214 - Vi phạm: Đè vạch dừng,Video: demo_video.mp4 - Frame 180
2026-02-08 13:34:47,R59850,PHÁT HIỆN VI PHẠM,Xe máy - R-59850 - Vi phạm: Đè vạch dừng,Video: demo_video.mp4 - Frame 180
2026-02-08 13:34:48,69R1821,PHÁT HIỆN VI PHẠM,Xe máy - 69R-1821 - Vi phạm: Đè vạch dừng,Video: demo_video.mp4 - Frame 185
2026-02-08 13:34:48,1Z15980,PHÁT HIỆN VI PHẠM,Xe máy - 1Z1-5980 - Vi phạm: Đè vạch dừng,Video: demo_video.mp4 - Frame 185
2026-02-08 13:34:48,91B58,PHÁT HIỆN VI PHẠM,Xe máy - 91B-58 - Vi phạm: Đè vạch dừng,Video: demo_video.mp4 - Frame 50
2026-02-08 13:34:48,8,PHÁT HIỆN VI PHẠM,Xe máy - -8 - Vi phạm: Đè vạch dừng,Video: demo_video.mp4 - Frame 50
2026-02-08 13:34:49,59R121,PHÁT HIỆN VI PHẠM,Xe máy - 59R-121 - Vi phạm: Đè vạch dừng,Video: demo_video.mp4 - Frame 190
2026-02-08 13:34:49,59A18214,PHÁT HIỆN VI PHẠM,Xe máy - 59A-18214 - Vi phạm: Đè vạch dừng,Video: demo_video.mp4 - Frame 195
2026-02-08 13:34:50,59R1821,PHÁT HIỆN VI PHẠM,Xe máy - 59R-1821 - Vi phạm: Đè vạch dừng,Video: demo_video.mp4 - Frame 200
2026-02-08 13:34:50,5917214,PHÁT HIỆN VI PHẠM,Xe máy - 59-17214 - Vi phạm: Đè vạch dừng,Video: demo_video.mp4 - Frame 205
2026-02-08 13:34:51,59R8214,PHÁT HIỆN VI PHẠM,Xe máy - 59R-8214 - Vi phạm: Đè vạch dừng,Video: demo_video.mp4 - Frame 210
2026-02-08 13:34:52,5982,PHÁT HIỆN VI PHẠM,Xe máy - 59-82 - Vi phạm: Đè vạch dừng,Video: demo_video.mp4 - Frame 215
2026-02-08 13:34:53,5005,PHÁT HIỆN VI PHẠM,Xe máy - 500-5 - Vi phạm: Đè vạch dừng,Video: demo_video.mp4 - Frame 220
2026-02-08 13:34:54,Z8721,PHÁT HIỆN VI PHẠM,Xe máy - Z-8721 (Mờ),Video: demo_video.mp4 - Frame 230
2026-02-08 13:34:55,814,PHÁT HIỆN VI PHẠM,Xe máy - 8-14 - Vi phạm: Đè vạch dừng,Video: demo_video.mp4 - Frame 235
2026-02-08 13:35:00,61H159850,PHÁT HIỆN VI PHẠM,Xe máy - 61H1-59850 - Vi phạm: Đè vạch dừng,Video: demo_video.mp4 - Frame 135
2026-02-08 13:35:01,59807,PHÁT HIỆN VI PHẠM,Xe máy - 59-807 - Vi phạm: Đè vạch dừng,Video: demo_video.mp4 - Frame 285
2026-02-08 13:35:02,59178D079,PHÁT HIỆN VI PHẠM,Xe máy - 591-78D079 - Vi phạm: Đè vạch dừng,Video: demo_video.mp4 - Frame 290
2026-02-08 13:35:02,59214,PHÁT HIỆN VI PHẠM,Xe máy - 59-214 - Vi phạm: Đè vạch dừng,Video: demo_video.mp4 - Frame 150
2026-02-08 13:35:03,519178079,PHÁT HIỆN VI PHẠM,Xe máy - 5191-78079 - Vi phạm: Đè vạch dừng,Video: demo_video.mp4 - Frame 295
2026-02-08 13:35:03,6918214,PHÁT HIỆN VI PHẠM,Xe máy - 69-18214 - Vi phạm: Đè vạch dừng,Video: demo_video.mp4 - Frame 155
2026-02-08 13:35:03,61R159850,PHÁT HIỆN VI PHẠM,Xe máy - 61R1-59850 - Vi phạm: Đè vạch dừng,Video: demo_video.mp4 - Frame 155
2026-02-08 13:35:04,59P1178079,PHÁT HIỆN VI PHẠM,Xe máy - 59P11-78079 - Vi phạm: Đè vạch dừng,Video: demo_video.mp4 - Frame 300
2026-02-08 13:35:04,59R18214,PHÁT HIỆN VI PHẠM,Xe máy - 59R-18214 - Vi phạm: Đè vạch dừng,Video: demo_video.mp4 - Frame 160
2026-02-08 13:35:04,591178079,PHÁT HIỆN VI PHẠM,Xe máy - 5911-78079 - Vi phạm: Đè vạch dừng,Video: demo_video.mp4 - Frame 305
2026-02-08 13:35:04,59RA18214,PHÁT HIỆN VI PHẠM,Xe máy - 59RA-18214 - Vi phạm: Đè vạch dừng,Video: demo_video.mp4 - Frame 165
2026-02-08 13:35:06,69RA18214,PHÁT HIỆN VI PHẠM,Xe máy - 69RA-18214 - Vi phạm: Đè vạch dừng,Video: demo_video.mp4 - Frame 170
2026-02-08 13:35:08,59178079,PHÁT HIỆN VI PHẠM,Xe máy - 591-78079 - Vi phạm: Đè vạch dừng,Video: demo_video.mp4 - Frame 330
2026-02-08 13:35:08,5R18214,PHÁT HIỆN VI PHẠM,Xe máy - 5R-18214 - Vi phạm: Đè vạch dừng,Video: demo_video.mp4 - Frame 180
2026-02-08 13:35:08,R59850,PHÁT HIỆN VI PHẠM,Xe máy - R-59850 - Vi phạm: Đè vạch dừng,Video: demo_video.mp4 - Frame 180
2026-02-08 13:35:09,69R1821,PHÁT HIỆN VI PHẠM,Xe máy - 69R-1821 - Vi phạm: Đè vạch dừng,Video: demo_video.mp4 - Frame 185
2026-02-08 13:35:09,1Z15980,PHÁT HIỆN VI PHẠM,Xe máy - 1Z1-5980 - Vi phạm: Đè vạch dừng,Video: demo_video.mp4 - Frame 185
2026-02-08 13:35:09,178B2,PHÁT HIỆN VI PHẠM,Xe máy - 1-78B2 - Vi phạm: Đè vạch dừng,Video: demo_video.mp4 - Frame 340
2026-02-08 13:35:10,59R121,PHÁT HIỆN VI PHẠM,Xe máy - 59R-121 - Vi phạm: Đè vạch dừng,Video: demo_video.mp4 - Frame 190
2026-02-08 13:35:11,59A18214,PHÁT HIỆN VI PHẠM,Xe máy - 59A-18214 - Vi phạm: Đè vạch dừng,Video: demo_video.mp4 - Frame 195
2026-02-08 13:35:12,59R1821,PHÁT HIỆN VI PHẠM,Xe máy - 59R-1821 - Vi phạm: Đè vạch dừng,Video: demo_video.mp4 - Frame 200
2026-02-08 13:35:12,5917214,PHÁT HIỆN VI PHẠM,Xe máy - 59-17214 - Vi phạm: Đè vạch dừng,Video: demo_video.mp4 - Frame 205
2026-02-08 13:35:13,59R8214,PHÁT HIỆN VI PHẠM,Xe máy - 59R-8214 - Vi phạm: Đè vạch dừng,Video: demo_video.mp4 - Frame 210
2026-02-08 13:35:14,5982,PHÁT HIỆN VI PHẠM,Xe máy - 59-82 - Vi phạm: Đè vạch dừng,Video: demo_video.mp4 - Frame 215
2026-02-08 13:35:15,5005,PHÁT HIỆN VI PHẠM,Xe máy - 500-5 - Vi phạm: Đè vạch dừng,Video: demo_video.mp4 - Frame 220
2026-02-08 13:35:15,1X1408503,PHÁT HIỆN VI PHẠM,Xe máy - 1X14-08503 - Vi phạm: Đè vạch dừng,Video: demo_video.mp4 - Frame 5
2026-02-08 13:35:16,52425,PHÁT HIỆN VI PHẠM,Xe máy - 52-425 - Vi phạm: Đè vạch dừng,Video: demo_video.mp4 - Frame 375
2026-02-08 13:35:16,597B05868,PHÁT HIỆN VI PHẠM VIDEO,Xe máy - 597B-05868,"Video: demo_video.mp4, Frame: 5, Độ rõ: Rõ"
2026-02-08 13:35:16,1X1408503,PHÁT HIỆN VI PHẠM VIDEO,Xe máy - 1X14-08503 - Vi phạm: Đè vạch dừng,"Video: demo_video.mp4, Frame: 5, Độ rõ: Rõ"
2026-02-08 13:35:16,47A61773,PHÁT HIỆN VI PHẠM VIDEO,Xe máy - 47A-61773,"Video: demo_video.mp4, Frame: 5, Độ rõ: Rõ"
2026-02-08 13:35:16,910861,PHÁT HIỆN VI PHẠM VIDEO,Xe máy - 9-10861,"Video: demo_video.mp4, Frame: 5, Độ rõ: Rõ"
2026-02-08 13:35:16,81108503,PHÁT HIỆN VI PHẠM VIDEO,Xe máy - 811-08503 - Vi phạm: Đè vạch dừng,"Video: demo_video.mp4, Frame: 10, Độ rõ: Rõ"
2026-02-08 13:35:16,59B05868,PHÁT HIỆN VI PHẠM VIDEO,Xe máy - 59B-05868,"Video: demo_video.mp4, Frame: 15, Độ rõ: Rõ"
2026-02-08 13:35:16,59B0568,PHÁT HIỆN VI PHẠM VIDEO,Xe máy - 59B-0568,"Video: demo_video.mp4, Frame: 20, Độ rõ: Rõ"
2026-02-08 13:35:16,97B06868,PHÁT HIỆN VI PHẠM VIDEO,Xe máy - 97B-06868,"Video: demo_video.mp4, Frame: 25, Độ rõ: Rõ"
2026-02-08 13:35:16,51861,PHÁT HIỆN VI PHẠM VIDEO,Xe máy - 5-1861,"Video: demo_video.mp4, Frame: 25, Độ rõ: Rõ"
2026-02-08 13:35:16,597B06868,PHÁT HIỆN VI PHẠM VIDEO,Xe máy - 597B-06868,"Video: demo_video.mp4, Frame: 30, Độ rõ: Rõ"
2026-02-08 13:35:16,59706868,PHÁT HIỆN VI PHẠM VIDEO,Xe máy - 597-06868 - Vi phạm: Đè vạch dừng,"Video: demo_video.mp4, Frame: 35, Độ rõ: Rõ"
2026-02-08 13:35:16,97B0688,PHÁT HIỆN VI PHẠM VIDEO,Xe máy - 97B-0688 - Vi phạm: Đè vạch dừng,"Video: demo_video.mp4, Frame: 40, Độ rõ: Rõ"
2026-02-08 13:35:16,59B06868,PHÁT HIỆN VI PHẠM VIDEO,Xe máy - 59B-06868,"Video: demo_video.mp4, Frame: 45, Độ rõ: Rõ"
2026-02-08 13:35:16,70A26872,PHÁT HIỆN VI PHẠM VIDEO,Xe máy - 70A-26872,"Video: demo_video.mp4, Frame: 45, Độ rõ: Rõ"
2026-02-08 13:35:16,59410861,PHÁT HIỆN VI PHẠM VIDEO,Xe máy - 594-10861 (Mờ),"Video: demo_video.mp4, Frame: 45, Độ rõ: Mờ"
2026-02-08 13:35:16,91B58,PHÁT HIỆN VI PHẠM VIDEO,Xe máy - 91B-58 - Vi phạm: Đè vạch dừng,"Video: demo_video.mp4, Frame: 50, Độ rõ: Rõ"
2026-02-08 13:35:16,7D126872,PHÁT HIỆN VI PHẠM VIDEO,Xe máy - 7D1-26872,"Video: demo_video.mp4, Frame: 50, Độ rõ: Rõ"
2026-02-08 13:35:16,8,PHÁT HIỆN VI PHẠM VIDEO,Xe máy - -8 - Vi phạm: Đè vạch dừng,"Video: demo_video.mp4, Frame: 50, Độ rõ: Rõ"
2026-02-08 13:35:16,991081,PHÁT HIỆN VI PHẠM VIDEO,Xe máy - 99-1081,"Video: demo_video.mp4, Frame: 55, Độ rõ: Rõ"
2026-02-08 13:35:16,7DA26872,PHÁT HIỆN VI PHẠM VIDEO,Xe máy - 7DA-26872,"Video: demo_video.mp4, Frame: 55, Độ rõ: Rõ"
2026-02-08 13:35:16,X910861,PHÁT HIỆN VI PHẠM VIDEO,Xe máy - X9-10861,"Video: demo_video.mp4, Frame: 60, Độ rõ: Rõ"
2026-02-08 13:35:16,5910558,PHÁT HIỆN VI PHẠM VIDEO,Xe máy - 591-0558,"Video: demo_video.mp4, Frame: 65, Độ rõ: Rõ"
2026-02-08 13:35:16,5910861,PHÁT HIỆN VI PHẠM VIDEO,Xe máy - 59-10861,"Video: demo_video.mp4, Frame: 70, Độ rõ: Rõ"
2026-02-08 13:35:16,91110861,PHÁT HIỆN VI PHẠM VIDEO,Xe máy - 911-10861,"Video: demo_video.mp4, Frame: 75, Độ rõ: Rõ"
2026-02-08 13:35:16,59110861,PHÁT HIỆN VI PHẠM VIDEO,Xe máy - 591-10861,"Video: demo_video.mp4, Frame: 105, Độ rõ: Rõ"
2026-02-08 13:35:16,972,PHÁT HIỆN VI PHẠM VIDEO,Xe máy - 9-72 (Mờ),"Video: demo_video.mp4, Frame: 120, Độ rõ: Mờ"
2026-02-08 13:35:16,59R12,PHÁT HIỆN VI PHẠM VIDEO,Xe máy - 59R-12 (Mờ),"Video: demo_video.mp4, Frame: 125, Độ rõ: Mờ"
2026-02-08 13:35:16,F9824,PHÁT HIỆN VI PHẠM VIDEO,Xe máy - F9-824 (Mờ),"Video: demo_video.mp4, Frame: 130, Độ rõ: Mờ"
2026-02-08 13:35:16,9R1212,PHÁT HIỆN VI PHẠM VIDEO,Xe máy - 9R-1212 (Mờ),"Video: demo_video.mp4, Frame: 135, Độ rõ: Mờ"
2026-02-08 13:35:16,61H159850,PHÁT HIỆN VI PHẠM VIDEO,Xe máy - 61H1-59850 - Vi phạm: Đè vạch dừng,"Video: demo_video.mp4, Frame: 135, Độ rõ: Rõ"
2026-02-08 13:35:16,5R78214,PHÁT HIỆN VI PHẠM VIDEO,Xe máy - 5R-78214,"Video: demo_video.mp4, Frame: 140, Độ rõ: Rõ"
2026-02-08 13:35:16,59Y1161,PHÁT HIỆN VI PHẠM VIDEO,Xe máy - 59Y1-161,"Video: demo_video.mp4, Frame: 140, Độ rõ: Rõ"
2026-02-08 13:35:16,59R7821,PHÁT HIỆN VI PHẠM VIDEO,Xe máy - 59R-7821,"Video: demo_video.mp4, Frame: 145, Độ rõ: Rõ"
2026-02-08 13:35:16,59214,PHÁT HIỆN VI PHẠM VIDEO,Xe máy - 59-214 - Vi phạm: Đè vạch dừng,"Video: demo_video.mp4, Frame: 150, Độ rõ: Rõ"
2026-02-08 13:35:16,6918214,PHÁT HIỆN VI PHẠM VIDEO,Xe máy - 69-18214 - Vi phạm: Đè vạch dừng,"Video: demo_video.mp4, Frame: 155, Độ rõ: Rõ"
2026-02-08 13:35:16,61R159850,PHÁT HIỆN VI PHẠM VIDEO,Xe máy - 61R1-59850 - Vi phạm: Đè vạch dừng,"Video: demo_video.mp4, Frame: 155, Độ rõ: Rõ"
2026-02-08 13:35:16,59R18214,PHÁT HIỆN VI PHẠM VIDEO,Xe máy - 59R-18214 - Vi phạm: Đè vạch dừng,"Video: demo_video.mp4, Frame: 160, Độ rõ: Rõ"
2026-02-08 13:35:16,59RA18214,PHÁT HIỆN VI PHẠM VIDEO,Xe máy - 59RA-18214 - Vi phạm: Đè vạch dừng,"Video: demo_video.mp4, Frame: 165, Độ rõ: Rõ"
2026-02-08 13:35:16,69RA18214,PHÁT HIỆN VI PHẠM VIDEO,Xe máy - 69RA-18214 - Vi phạm: Đè vạch dừng,"Video: demo_video.mp4, Frame: 170, Độ rõ: Rõ"
2026-02-08 13:35:16,5R18214,PHÁT HIỆN VI PHẠM VIDEO,Xe máy - 5R-18214 - Vi phạm: Đè vạch dừng,"Video: demo_video.mp4, Frame: 180, Độ rõ: Rõ"
2026-02-08 13:35:16,R59850,PHÁT HIỆN VI PHẠM VIDEO,Xe máy - R-59850 - Vi phạm: Đè vạch dừng,"Video: demo_video.mp4, Frame: 180, Độ rõ: Rõ"
2026-02-08 13:35:16,69R1821,PHÁT HIỆN VI PHẠM VIDEO,Xe máy - 69R-1821 - Vi phạm: Đè vạch dừng,"Video: demo_video.mp4, Frame: 185, Độ rõ: Rõ"
2026-02-08 13:35:16,1Z15980,PHÁT HIỆN VI PHẠM VIDEO,Xe máy - 1Z1-5980 - Vi phạm: Đè vạch dừng,"Video: demo_video.mp4, Frame: 185, Độ rõ: Rõ"
2026-02-08 13:35:16,59R121,PHÁT HIỆN VI PHẠM VIDEO,Xe máy - 59R-121 - Vi phạm: Đè vạch dừng,"Video: demo_video.mp4, Frame: 190, Độ rõ: Rõ"
2026-02-08 13:35:16,59A18214,PHÁT HIỆN VI PHẠM VIDEO,Xe máy - 59A-18214 - Vi phạm: Đè vạch dừng,"Video: demo_video.mp4, Frame: 195, Độ rõ: Rõ"
2026-02-08 13:35:16,59R1821,PHÁT HIỆN VI PHẠM VIDEO,Xe máy - 59R-1821 - Vi phạm: Đè vạch dừng,"Video: demo_video.mp4, Frame: 200, Độ rõ: Rõ"
2026-02-08 13:35:16,5917214,PHÁT HIỆN VI PHẠM VIDEO,Xe máy - 59-17214 - Vi phạm: Đè vạch dừng,"Video: demo_video.mp4, Frame: 205, Độ rõ: Rõ"
2026-02-08 13:35:16,59R8214,PHÁT HIỆN VI PHẠM VIDEO,Xe máy - 59R-8214 - Vi phạm: Đè vạch dừng,"Video: demo_video.mp4, Frame: 210, Độ rõ: Rõ"
2026-02-08 13:35:16,8120,PHÁT HIỆN VI PHẠM VIDEO,Xe máy - 81-20,"Video: demo_video.mp4, Frame: 215, Độ rõ: Rõ"
2026-02-08 13:35:16,5982,PHÁT HIỆN VI PHẠM VIDEO,Xe máy - 59-82 - Vi phạm: Đè vạch dừng,"Video: demo_video.mp4, Frame: 215, Độ rõ: Rõ"
2026-02-08 13:35:16,5005,PHÁT HIỆN VI PHẠM VIDEO,Xe máy - 500-5 - Vi phạm: Đè vạch dừng,"Video: demo_video.mp4, Frame: 220, Độ rõ: Rõ"
2026-02-08 13:35:16,Z8721,PHÁT HIỆN VI PHẠM VIDEO,Xe máy - Z-8721 (Mờ),"Video: demo_video.mp4, Frame: 230, Độ rõ: Mờ"
2026-02-08 13:35:16,814,PHÁT HIỆN VI PHẠM VIDEO,Xe máy - 8-14 - Vi phạm: Đè vạch dừng,"Video: demo_video.mp4, Frame: 235, Độ rõ: Rõ"
2026-02-08 13:35:16,5,PHÁT HIỆN VI PHẠM VIDEO,Xe máy - -5,"Video: demo_video.mp4, Frame: 245, Độ rõ: Rõ"
2026-02-08 13:35:16,70A26822,PHÁT HIỆN VI PHẠM VIDEO,Xe máy - 70A-26822,"Video: demo_video.mp4, Frame: 260, Độ rõ: Rõ"
2026-02-08 13:35:16,591079,PHÁT HIỆN VI PHẠM VIDEO,Xe máy - 591-079,"Video: demo_video.mp4, Frame: 260, Độ rõ: Rõ"
2026-02-08 13:35:16,5R9Y778079,PHÁT HIỆN VI PHẠM VIDEO,Xe máy - 5R9Y7-78079,"Video: demo_video.mp4, Frame: 265, Độ rõ: Rõ"
2026-02-08 13:35:16,59807,PHÁT HIỆN VI PHẠM VIDEO,Xe máy - 59-807 - Vi phạm: Đè vạch dừng,"Video: demo_video.mp4, Frame: 285, Độ rõ: Rõ"
2026-02-08 13:35:16,59178D079,PHÁT HIỆN VI PHẠM VIDEO,Xe máy - 591-78D079 - Vi phạm: Đè vạch dừng,"Video: demo_video.mp4, Frame: 290, Độ rõ: Rõ"
2026-02-08 13:35:16,519178079,PHÁT HIỆN VI PHẠM VIDEO,Xe máy - 5191-78079 - Vi phạm: Đè vạch dừng,"Video: demo_video.mp4, Frame: 295, Độ rõ: Rõ"
2026-02-08 13:35:16,59P1178079,PHÁT HIỆN VI PHẠM VIDEO,Xe máy - 59P11-78079 - Vi phạm: Đè vạch dừng,"Video: demo_video.mp4, Frame: 300, Độ rõ: Rõ"
2026-02-08 13:35:16,591178079,PHÁT HIỆN VI PHẠM VIDEO,Xe máy - 5911-78079 - Vi phạm: Đè vạch dừng,"Video: demo_video.mp4, Frame: 305, Độ rõ: Rõ"
2026-02-08 13:35:16,59178079,PHÁT HIỆN VI PHẠM VIDEO,Xe máy - 591-78079 - Vi phạm: Đè vạch dừng,"Video: demo_video.mp4, Frame: 330, Độ rõ: Rõ"
2026-02-08 13:35:16,178B2,PHÁT HIỆN VI PHẠM VIDEO,Xe máy - 1-78B2 - Vi phạm: Đè vạch dừng,"Video: demo_video.mp4, Frame: 340, Độ rõ: Rõ"
2026-02-08 13:35:16,757,PHÁT HIỆN VI PHẠM VIDEO,Xe máy - 7-57,"Video: demo_video.mp4, Frame: 340, Độ rõ: Rõ"
2026-02-08 13:35:16,525E,PHÁT HIỆN VI PHẠM VIDEO,Xe máy - 52-5E,"Video: demo_video.mp4, Frame: 345, Độ rõ: Rõ"
2026-02-08 13:35:16,59R2553,PHÁT HIỆN VI PHẠM VIDEO,Xe máy - 59R2-553,"Video: demo_video.mp4, Frame: 350, Độ rõ: Rõ"
2026-02-08 13:35:16,59RR27553,PHÁT HIỆN VI PHẠM VIDEO,Xe máy - 59RR2-7553,"Video: demo_video.mp4, Frame: 355, Độ rõ: Rõ"
2026-02-08 13:35:16,59253,PHÁT HIỆN VI PHẠM VIDEO,Xe máy - 592-53,"Video: demo_video.mp4, Frame: 360, Độ rõ: Rõ"
2026-02-08 13:35:16,5TR273,PHÁT HIỆN VI PHẠM VIDEO,Xe máy - 5TR2-73,"Video: demo_video.mp4, Frame: 365, Độ rõ: Rõ"
2026-02-08 13:35:16,9124253,PHÁT HIỆN VI PHẠM VIDEO,Xe máy - 912-4253,"Video: demo_video.mp4, Frame: 370, Độ rõ: Rõ"
2026-02-08 13:35:16,52425,PHÁT HIỆN VI PHẠM VIDEO,Xe máy - 52-425 - Vi phạm: Đè vạch dừng,"Video: demo_video.mp4, Frame: 375, Độ rõ: Rõ"
2026-02-08 13:35:16,81108503,PHÁT HIỆN VI PHẠM,Xe máy - 811-08503 - Vi phạm: Đè vạch dừng,Video: demo_video.mp4 - Frame 10
2026-02-08 13:35:17,Z8721,PHÁT HIỆN VI PHẠM,Xe máy - Z-8721 (Mờ),Video: demo_video.mp4 - Frame 230
2026-02-08 13:35:17,814,PHÁT HIỆN VI PHẠM,Xe máy - 8-14 - Vi phạm: Đè vạch dừng,Video: demo_video.mp4 - Frame 235
2026-02-08 13:35:20,59706868,PHÁT HIỆN VI PHẠM,Xe máy - 597-06868 - Vi phạm: Đè vạch dừng,Video: demo_video.mp4 - Frame 35
2026-02-08 13:35:21,97B0688,PHÁT HIỆN VI PHẠM,Xe máy - 97B-0688 - Vi phạm: Đè vạch dừng,Video: demo_video.mp4 - Frame 40
2026-02-08 13:35:22,91B58,PHÁT HIỆN VI PHẠM,Xe máy - 91B-58 - Vi phạm: Đè vạch dừng,Video: demo_video.mp4 - Frame 50
2026-02-08 13:35:23,8,PHÁT HIỆN VI PHẠM,Xe máy - -8 - Vi phạm: Đè vạch dừng,Video: demo_video.mp4 - Frame 50
2026-02-08 13:35:24,59807,PHÁT HIỆN VI PHẠM,Xe máy - 59-807 - Vi phạm: Đè vạch dừng,Video: demo_video.mp4 - Frame 285
2026-02-08 13:35:24,59178D079,PHÁT HIỆN VI PHẠM,Xe máy - 591-78D079 - Vi phạm: Đè vạch dừng,Video: demo_video.mp4 - Frame 290
2026-02-08 13:35:25,519178079,PHÁT HIỆN VI PHẠM,Xe máy - 5191-78079 - Vi phạm: Đè vạch dừng,Video: demo_video.mp4 - Frame 295
2026-02-08 13:35:26,59P1178079,PHÁT HIỆN VI PHẠM,Xe máy - 59P11-78079 - Vi phạm: Đè vạch dừng,Video: demo_video.mp4 - Frame 300
2026-02-08 13:35:26,591178079,PHÁT HIỆN VI PHẠM,Xe máy - 5911-78079 - Vi phạm: Đè vạch dừng,Video: demo_video.mp4 - Frame 305
2026-02-08 13:35:29,59178079,PHÁT HIỆN VI PHẠM,Xe máy - 591-78079 - Vi phạm: Đè vạch dừng,Video: demo_video.mp4 - Frame 330
2026-02-08 13:35:30,178B2,PHÁT HIỆN VI PHẠM,Xe máy - 1-78B2 - Vi phạm: Đè vạch dừng,Video: demo_video.mp4 - Frame 340
2026-02-08 13:35:33,61H159850,PHÁT HIỆN VI PHẠM,Xe máy - 61H1-59850 - Vi phạm: Đè vạch dừng,Video: demo_video.mp4 - Frame 135
2026-02-08 13:35:35,52425,PHÁT HIỆN VI PHẠM,Xe máy - 52-425 - Vi phạm: Đè vạch dừng,Video: demo_video.mp4 - Frame 375
2026-02-08 13:35:35,59214,PHÁT HIỆN VI PHẠM,Xe máy - 59-214 - Vi phạm: Đè vạch dừng,Video: demo_video.mp4 - Frame 150
2026-02-08 13:35:36,524253,PHÁT HIỆN VI PHẠM,Xe máy - 52-4253 - Vi phạm: Đè vạch dừng,Video: demo_video.mp4 - Frame 380
2026-02-08 13:35:36,6918214,PHÁT HIỆN VI PHẠM,Xe máy - 69-18214 - Vi phạm: Đè vạch dừng,Video: demo_video.mp4 - Frame 155
2026-02-08 13:35:37,61R159850,PHÁT HIỆN VI PHẠM,Xe máy - 61R1-59850 - Vi phạm: Đè vạch dừng,Video: demo_video.mp4 - Frame 155
2026-02-08 13:35:37,3242353,PHÁT HIỆN VI PHẠM,Xe máy - 32-42353 - Vi phạm: Đè vạch dừng,Video: demo_video.mp4 - Frame 385
2026-02-08 13:35:38,59R18214,PHÁT HIỆN VI PHẠM,Xe máy - 59R-18214 - Vi phạm: Đè vạch dừng,Video: demo_video.mp4 - Frame 160
2026-02-08 13:35:38,242553,PHÁT HIỆN VI PHẠM,Xe máy - 2-42553 - Vi phạm: Đè vạch dừng,Video: demo_video.mp4 - Frame 390
2026-02-08 13:35:39,59RA18214,PHÁT HIỆN VI PHẠM,Xe máy - 59RA-18214 - Vi phạm: Đè vạch dừng,Video: demo_video.mp4 - Frame 165
2026-02-08 13:35:39,69RA18214,PHÁT HIỆN VI PHẠM,Xe máy - 69RA-18214 - Vi phạm: Đè vạch dừng,Video: demo_video.mp4 - Frame 170
2026-02-08 13:35:41,5R18214,PHÁT HIỆN VI PHẠM,Xe máy - 5R-18214 - Vi phạm: Đè vạch dừng,Video: demo_video.mp4 - Frame 180
2026-02-08 13:35:41,R59850,PHÁT HIỆN VI PHẠM,Xe máy - R-59850 - Vi phạm: Đè vạch dừng,Video: demo_video.mp4 - Frame 180
2026-02-08 13:35:42,69R1821,PHÁT HIỆN VI PHẠM,Xe máy - 69R-1821 - Vi phạm: Đè vạch dừng,Video: demo_video.mp4 - Frame 185
2026-02-08 13:35:43,1Z15980,PHÁT HIỆN VI PHẠM,Xe máy - 1Z1-5980 - Vi phạm: Đè vạch dừng,Video: demo_video.mp4 - Frame 185
2026-02-08 13:35:43,59R121,PHÁT HIỆN VI PHẠM,Xe máy - 59R-121 - Vi phạm: Đè vạch dừng,Video: demo_video.mp4 - Frame 190
2026-02-08 13:35:44,59A18214,PHÁT HIỆN VI PHẠM,Xe máy - 59A-18214 - Vi phạm: Đè vạch dừng,Video: demo_video.mp4 - Frame 195
2026-02-08 13:35:44,59R1821,PHÁT HIỆN VI PHẠM,Xe máy - 59R-1821 - Vi phạm: Đè vạch dừng,Video: demo_video.mp4 - Frame 200
2026-02-08 13:35:45,59T21630,PHÁT HIỆN VI PHẠM,Xe máy - 59T-21630 - Vi phạm: Đè vạch dừng,Video: demo_video.mp4 - Frame 440
2026-02-08 13:35:45,5917214,PHÁT HIỆN VI PHẠM,Xe máy - 59-17214 - Vi phạm: Đè vạch dừng,Video: demo_video.mp4 - Frame 205
2026-02-08 13:35:45,59321650,PHÁT HIỆN VI PHẠM,Xe máy - 593-21650 - Vi phạm: Đè vạch dừng,Video: demo_video.mp4 - Frame 445
2026-02-08 13:35:46,59R8214,PHÁT HIỆN VI PHẠM,Xe máy - 59R-8214 - Vi phạm: Đè vạch dừng,Video: demo_video.mp4 - Frame 210
2026-02-08 13:35:46,5982,PHÁT HIỆN VI PHẠM,Xe máy - 59-82 - Vi phạm: Đè vạch dừng,Video: demo_video.mp4 - Frame 215
2026-02-08 13:35:47,5005,PHÁT HIỆN VI PHẠM,Xe máy - 500-5 - Vi phạm: Đè vạch dừng,Video: demo_video.mp4 - Frame 220
2026-02-08 13:35:48,39T321650,PHÁT HIỆN VI PHẠM,Xe máy - 39T3-21650 - Vi phạm: Đè vạch dừng,Video: demo_video.mp4 - Frame 465
2026-02-08 13:35:48,Z8721,PHÁT HIỆN VI PHẠM,Xe máy - Z-8721 (Mờ),Video: demo_video.mp4 - Frame 230
2026-02-08 13:35:49,814,PHÁT HIỆN VI PHẠM,Xe máy - 8-14 - Vi phạm: Đè vạch dừng,Video: demo_video.mp4 - Frame 235
2026-02-08 13:35:50,39V321650,PHÁT HIỆN VI PHẠM,Xe máy - 39V3-21650 - Vi phạm: Đè vạch dừng,Video: demo_video.mp4 - Frame 475
2026-02-08 13:35:52,59321630,PHÁT HIỆN VI PHẠM,Xe máy - 593-21630 - Vi phạm: Đè vạch dừng,Video: demo_video.mp4 - Frame 490
2026-02-08 13:35:53,Y960218E0,PHÁT HIỆN VI PHẠM,Xe máy - Y960-218E0 - Vi phạm: Đè vạch dừng,Video: demo_video.mp4 - Frame 500
2026-02-08 13:35:54,59321760,PHÁT HIỆN VI PHẠM,Xe máy - 593-21760 - Vi phạm: Đè vạch dừng,Video: demo_video.mp4 - Frame 505
2026-02-08 13:35:54,597B05868,PHÁT HIỆN VI PHẠM VIDEO,Xe máy - 597B-05868,"Video: demo_video.mp4, Frame: 5, Độ rõ: Rõ"
2026-02-08 13:35:54,1X1408503,PHÁT HIỆN VI PHẠM VIDEO,Xe máy - 1X14-08503 - Vi phạm: Đè vạch dừng,"Video: demo_video.mp4, Frame: 5, Độ rõ: Rõ"
2026-02-08 13:35:54,47A61773,PHÁT HIỆN VI PHẠM VIDEO,Xe máy - 47A-61773,"Video: demo_video.mp4, Frame: 5, Độ rõ: Rõ"
2026-02-08 13:35:54,910861,PHÁT HIỆN VI PHẠM VIDEO,Xe máy - 9-10861,"Video: demo_video.mp4, Frame: 5, Độ rõ: Rõ"
2026-02-08 13:35:54,81108503,PHÁT HIỆN VI PHẠM VIDEO,Xe máy - 811-08503 - Vi phạm: Đè vạch dừng,"Video: demo_video.mp4, Frame: 10, Độ rõ: Rõ"
2026-02-08 13:35:54,59B05868,PHÁT HIỆN VI PHẠM VIDEO,Xe máy - 59B-05868,"Video: demo_video.mp4, Frame: 15, Độ rõ: Rõ"
2026-02-08 13:35:54,59B0568,PHÁT HIỆN VI PHẠM VIDEO,Xe máy - 59B-0568,"Video: demo_video.mp4, Frame: 20, Độ rõ: Rõ"
2026-02-08 13:35:54,97B06868,PHÁT HIỆN VI PHẠM VIDEO,Xe máy - 97B-06868,"Video: demo_video.mp4, Frame: 25, Độ rõ: Rõ"
2026-02-08 13:35:54,51861,PHÁT HIỆN VI PHẠM VIDEO,Xe máy - 5-1861,"Video: demo_video.mp4, Frame: 25, Độ rõ: Rõ"
2026-02-08 13:35:54,597B06868,PHÁT HIỆN VI PHẠM VIDEO,Xe máy - 597B-06868,"Video: demo_video.mp4, Frame: 30, Độ rõ: Rõ"
2026-02-08 13:35:54,59706868,PHÁT HIỆN VI PHẠM VIDEO,Xe máy - 597-06868 - Vi phạm: Đè vạch dừng,"Video: demo_video.mp4, Frame: 35, Độ rõ: Rõ"
2026-02-08 13:35:54,97B0688,PHÁT HIỆN VI PHẠM VIDEO,Xe máy - 97B-0688 - Vi phạm: Đè vạch dừng,"Video: demo_video.mp4, Frame: 40, Độ rõ: Rõ"
2026-02-08 13:35:54,59B06868,PHÁT HIỆN VI PHẠM VIDEO,Xe máy - 59B-06868,"Video: demo_video.mp4, Frame: 45, Độ rõ: Rõ"
2026-02-08 13:35:54,70A26872,PHÁT HIỆN VI PHẠM VIDEO,Xe máy - 70A-26872,"Video: demo_video.mp4, Frame: 45, Độ rõ: Rõ"
2026-02-08 13:35:54,59410861,PHÁT HIỆN VI PHẠM VIDEO,Xe máy - 594-10861 (Mờ),"Video: demo_video.mp4, Frame: 45, Độ rõ: Mờ"
2026-02-08 13:35:54,91B58,PHÁT HIỆN VI PHẠM VIDEO,Xe máy - 91B-58 - Vi phạm: Đè vạch dừng,"Video: demo_video.mp4, Frame: 50, Độ rõ: Rõ"
2026-02-08 13:35:54,7D126872,PHÁT HIỆN VI PHẠM VIDEO,Xe máy - 7D1-26872,"Video: demo_video.mp4, Frame: 50, Độ rõ: Rõ"
2026-02-08 13:35:54,8,PHÁT HIỆN VI PHẠM VIDEO,Xe máy - -8 - Vi phạm: Đè vạch dừng,"Video: demo_video.mp4, Frame: 50, Độ rõ: Rõ"
2026-02-08 13:35:54,991081,PHÁT HIỆN VI PHẠM VIDEO,Xe máy - 99-1081,"Video: demo_video.mp4, Frame: 55, Độ rõ: Rõ"
2026-02-08 13:35:54,7DA26872,PHÁT HIỆN VI PHẠM VIDEO,Xe máy - 7DA-26872,"Video: demo_video.mp4, Frame: 55, Độ rõ: Rõ"
2026-02-08 13:35:54,X910861,PHÁT HIỆN VI PHẠM VIDEO,Xe máy - X9-10861,"Video: demo_video.mp4, Frame: 60, Độ rõ: Rõ"
2026-02-08 13:35:54,5910558,PHÁT HIỆN VI PHẠM VIDEO,Xe máy - 591-0558,"Video: demo_video.mp4, Frame: 65, Độ rõ: Rõ"
2026-02-08 13:35:54,5910861,PHÁT HIỆN VI PHẠM VIDEO,Xe máy - 59-10861,"Video: demo_video.mp4, Frame: 70, Độ rõ: Rõ"
2026-02-08 13:35:54,91110861,PHÁT HIỆN VI PHẠM VIDEO,Xe máy - 911-10861,"Video: demo_video.mp4, Frame: 75, Độ rõ: Rõ"
2026-02-08 13:35:54,59110861,PHÁT HIỆN VI PHẠM VIDEO,Xe máy - 591-10861,"Video: demo_video.mp4, Frame: 105, Độ rõ: Rõ"
2026-02-08 13:35:54,972,PHÁT HIỆN VI PHẠM VIDEO,Xe máy - 9-72 (Mờ),"Video: demo_video.mp4, Frame: 120, Độ rõ: Mờ"
2026-02-08 13:35:54,59R12,PHÁT HIỆN VI PHẠM VIDEO,Xe máy - 59R-12 (Mờ),"Video: demo_video.mp4, Frame: 125, Độ rõ: Mờ"
2026-02-08 13:35:54,F9824,PHÁT HIỆN VI PHẠM VIDEO,Xe máy - F9-824 (Mờ),"Video: demo_video.mp4, Frame: 130, Độ rõ: Mờ"
2026-02-08 13:35:54,9R1212,PHÁT HIỆN VI PHẠM VIDEO,Xe máy - 9R-1212 (Mờ),"Video: demo_video.mp4, Frame: 135, Độ rõ: Mờ"
2026-02-08 13:35:54,61H159850,PHÁT HIỆN VI PHẠM VIDEO,Xe máy - 61H1-59850 - Vi phạm: Đè vạch dừng,"Video: demo_video.mp4, Frame: 135, Độ rõ: Rõ"
2026-02-08 13:35:54,5R78214,PHÁT HIỆN VI PHẠM VIDEO,Xe máy - 5R-78214,"Video: demo_video.mp4, Frame: 140, Độ rõ: Rõ"
2026-02-08 13:35:54,59Y1161,PHÁT HIỆN VI PHẠM VIDEO,Xe máy - 59Y1-161,"Video: demo_video.mp4, Frame: 140, Độ rõ: Rõ"
2026-02-08 13:35:54,59R7821,PHÁT HIỆN VI PHẠM VIDEO,Xe máy - 59R-7821,"Video: demo_video.mp4, Frame: 145, Độ rõ: Rõ"
2026-02-08 13:35:54,59214,PHÁT HIỆN VI PHẠM VIDEO,Xe máy - 59-214 - Vi phạm: Đè vạch dừng,"Video: demo_video.mp4, Frame: 150, Độ rõ: Rõ"
2026-02-08 13:35:54,6918214,PHÁT HIỆN VI PHẠM VIDEO,Xe máy - 69-18214 - Vi phạm: Đè vạch dừng,"Video: demo_video.mp4, Frame: 155, Độ rõ: Rõ"
2026-02-08 13:35:54,61R159850,PHÁT HIỆN VI PHẠM VIDEO,Xe máy - 61R1-59850 - Vi phạm: Đè vạch dừng,"Video: demo_video.mp4, Frame: 155, Độ rõ: Rõ"
2026-02-08 13:35:54,59R18214,PHÁT HIỆN VI PHẠM VIDEO,Xe máy - 59R-18214 - Vi phạm: Đè vạch dừng,"Video: demo_video.mp4, Frame: 160, Độ rõ: Rõ"
2026-02-08 13:35:54,59RA18214,PHÁT HIỆN VI PHẠM VIDEO,Xe máy - 59RA-18214 - Vi phạm: Đè vạch dừng,"Video: demo_video.mp4, Frame: 165, Độ rõ: Rõ"
2026-02-08 13:35:54,69RA18214,PHÁT HIỆN VI PHẠM VIDEO,Xe máy - 69RA-18214 - Vi phạm: Đè vạch dừng,"Video: demo_video.mp4, Frame: 170, Độ rõ: Rõ"
2026-02-08 13:35:54,5R18214,PHÁT HIỆN VI PHẠM VIDEO,Xe máy - 5R-18214 - Vi phạm: Đè vạch dừng,"Video: demo_video.mp4, Frame: 180, Độ rõ: Rõ"
2026-02-08 13:35:54,R59850,PHÁT HIỆN VI PHẠM VIDEO,Xe máy - R-59850 - Vi phạm: Đè vạch dừng,"Video: demo_video.mp4, Frame: 180, Độ rõ: Rõ"
2026-02-08 13:35:54,69R1821,PHÁT HIỆN VI PHẠM VIDEO,Xe máy - 69R-1821 - Vi phạm: Đè vạch dừng,"Video: demo_video.mp4, Frame: 185, Độ rõ: Rõ"
2026-02-08 13:35:54,1Z15980,PHÁT HIỆN VI PHẠM VIDEO,Xe máy - 1Z1-5980 - Vi phạm: Đè vạch dừng,"Video: demo_video.mp4, Frame: 185, Độ rõ: Rõ"
2026-02-08 13:35:54,59R121,PHÁT HIỆN VI PHẠM VIDEO,Xe máy - 59R-121 - Vi phạm: Đè vạch dừng,"Video: demo_video.mp4, Frame: 190, Độ rõ: Rõ"
2026-02-08 13:35:54,59A18214,PHÁT HIỆN VI PHẠM VIDEO,Xe máy - 59A-18214 - Vi phạm: Đè vạch dừng,"Video: demo_video.mp4, Frame: 195, Độ rõ: Rõ"
2026-02-08 13:35:54,59R1821,PHÁT HIỆN VI PHẠM VIDEO,Xe máy - 59R-1821 - Vi phạm: Đè vạch dừng,"Video: demo_video.mp4, Frame: 200, Độ rõ: Rõ"
2026-02-08 13:35:54,5917214,PHÁT HIỆN VI PHẠM VIDEO,Xe máy - 59-17214 - Vi phạm: Đè vạch dừng,"Video: demo_video.mp4, Frame: 205, Độ rõ: Rõ"
2026-02-08 13:35:54,59R8214,PHÁT HIỆN VI PHẠM VIDEO,Xe máy - 59R-8214 - Vi phạm: Đè vạch dừng,"Video: demo_video.mp4, Frame: 210, Độ rõ: Rõ"
2026-02-08 13:35:54,8120,PHÁT HIỆN VI PHẠM VIDEO,Xe máy - 81-20,"Video: demo_video.mp4, Frame: 215, Độ rõ: Rõ"
2026-02-08 13:35:54,5982,PHÁT HIỆN VI PHẠM VIDEO,Xe máy - 59-82 - Vi phạm: Đè vạch dừng,"Video: demo_video.mp4, Frame: 215, Độ rõ: Rõ"
2026-02-08 13:35:54,5005,PHÁT HIỆN VI PHẠM VIDEO,Xe máy - 500-5 - Vi phạm: Đè vạch dừng,"Video: demo_video.mp4, Frame: 220, Độ rõ: Rõ"
2026-02-08 13:35:54,Z8721,PHÁT HIỆN VI PHẠM VIDEO,Xe máy - Z-8721 (Mờ),"Video: demo_video.mp4, Frame: 230, Độ rõ: Mờ"
2026-02-08 13:35:54,814,PHÁT HIỆN VI PHẠM VIDEO,Xe máy - 8-14 - Vi phạm: Đè vạch dừng,"Video: demo_video.mp4, Frame: 235, Độ rõ: Rõ"
2026-02-08 13:35:54,5,PHÁT HIỆN VI PHẠM VIDEO,Xe máy - -5,"Video: demo_video.mp4, Frame: 245, Độ rõ: Rõ"
2026-02-08 13:35:54,70A26822,PHÁT HIỆN VI PHẠM VIDEO,Xe máy - 70A-26822,"Video: demo_video.mp4, Frame: 260, Độ rõ: Rõ"
2026-02-08 13:35:54,591079,PHÁT HIỆN VI PHẠM VIDEO,Xe máy - 591-079,"Video: demo_video.mp4, Frame: 260, Độ rõ: Rõ"
2026-02-08 13:35:54,5R9Y778079,PHÁT HIỆN VI PHẠM VIDEO,Xe máy - 5R9Y7-78079,"Video: demo_video.mp4, Frame: 265, Độ rõ: Rõ"
2026-02-08 13:35:54,59807,PHÁT HIỆN VI PHẠM VIDEO,Xe máy - 59-807 - Vi phạm: Đè vạch dừng,"Video: demo_video.mp4, Frame: 285, Độ rõ: Rõ"
2026-02-08 13:35:54,59178D079,PHÁT HIỆN VI PHẠM VIDEO,Xe máy - 591-78D079 - Vi phạm: Đè vạch dừng,"Video: demo_video.mp4, Frame: 290, Độ rõ: Rõ"
2026-02-08 13:35:54,519178079,PHÁT HIỆN VI PHẠM VIDEO,Xe máy - 5191-78079 - Vi phạm: Đè vạch dừng,"Video: demo_video.mp4, Frame: 295, Độ rõ: Rõ"
2026-02-08 13:35:54,59P1178079,PHÁT HIỆN VI PHẠM VIDEO,Xe máy - 59P11-78079 - Vi phạm: Đè vạch dừng,"Video: demo_video.mp4, Frame: 300, Độ rõ: Rõ"
2026-02-08 13:35:54,591178079,PHÁT HIỆN VI PHẠM VIDEO,Xe máy - 5911-78079 - Vi phạm: Đè vạch dừng,"Video: demo_video.mp4, Frame: 305, Độ rõ: Rõ"
2026-02-08 13:35:54,59178079,PHÁT HIỆN VI PHẠM VIDEO,Xe máy - 591-78079 - Vi phạm: Đè vạch dừng,"Video: demo_video.mp4, Frame: 330, Độ rõ: Rõ"
2026-02-08 13:35:54,178B2,PHÁT HIỆN VI PHẠM VIDEO,Xe máy - 1-78B2 - Vi phạm: Đè vạch dừng,"Video: demo_video.mp4, Frame: 340, Độ rõ: Rõ"
2026-02-08 13:35:54,757,PHÁT HIỆN VI PHẠM VIDEO,Xe máy - 7-57,"Video: demo_video.mp4, Frame: 340, Độ rõ: Rõ"
2026-02-08 13:35:54,525E,PHÁT HIỆN VI PHẠM VIDEO,Xe máy - 52-5E,"Video: demo_video.mp4, Frame: 345, Độ rõ: Rõ"
2026-02-08 13:35:54,59R2553,PHÁT HIỆN VI PHẠM VIDEO,Xe máy - 59R2-553,"Video: demo_video.mp4, Frame: 350, Độ rõ: Rõ"
2026-02-08 13:35:54,59RR27553,PHÁT HIỆN VI PHẠM VIDEO,Xe máy - 59RR2-7553,"Video: demo_video.mp4, Frame: 355, Độ rõ: Rõ"
2026-02-08 13:35:54,59253,PHÁT HIỆN VI PHẠM VIDEO,Xe máy - 592-53,"Video: demo_video.mp4, Frame: 360, Độ rõ: Rõ"
2026-02-08 13:35:54,5TR273,PHÁT HIỆN VI PHẠM VIDEO,Xe máy - 5TR2-73,"Video: demo_video.mp4, Frame: 365, Độ rõ: Rõ"
2026-02-08 13:35:54,9124253,PHÁT HIỆN VI PHẠM VIDEO,Xe máy - 912-4253,"Video: demo_video.mp4, Frame: 370, Độ rõ: Rõ"
2026-02-08 13:35:54,52425,PHÁT HIỆN VI PHẠM VIDEO,Xe máy - 52-425 - Vi phạm: Đè vạch dừng,"Video: demo_video.mp4, Frame: 375, Độ rõ: Rõ"
2026-02-08 13:35:54,524253,PHÁT HIỆN VI PHẠM VIDEO,Xe máy - 52-4253 - Vi phạm: Đè vạch dừng,"Video: demo_video.mp4, Frame: 380, Độ rõ: Rõ"
2026-02-08 13:35:54,3242353,PHÁT HIỆN VI PHẠM VIDEO,Xe máy - 32-42353 - Vi phạm: Đè vạch dừng,"Video: demo_video.mp4, Frame: 385, Độ rõ: Rõ"
2026-02-08 13:35:54,242553,PHÁT HIỆN VI PHẠM VIDEO,Xe máy - 2-42553 - Vi phạm: Đè vạch dừng,"Video: demo_video.mp4, Frame: 390, Độ rõ: Rõ"
2026-02-08 13:35:54,527T31650,PHÁT HIỆN VI PHẠM VIDEO,Xe máy - 527T3-1650,"Video: demo_video.mp4, Frame: 415, Độ rõ: Rõ"
2026-02-08 13:35:54,59T321650,PHÁT HIỆN VI PHẠM VIDEO,Xe máy - 59T3-21650,"Video: demo_video.mp4, Frame: 420, Độ rõ: Rõ"
2026-02-08 13:35:54,592T321650,PHÁT HIỆN VI PHẠM VIDEO,Xe máy - 592T3-21650,"Video: demo_video.mp4, Frame: 425, Độ rõ: Rõ"
2026-02-08 13:35:54,59T21630,PHÁT HIỆN VI PHẠM VIDEO,Xe máy - 59T-21630 - Vi phạm: Đè vạch dừng,"Video: demo_video.mp4, Frame: 440, Độ rõ: Rõ"
2026-02-08 13:35:54,59321650,PHÁT HIỆN VI PHẠM VIDEO,Xe máy - 593-21650 - Vi phạm: Đè vạch dừng,"Video: demo_video.mp4, Frame: 445, Độ rõ: Rõ"
2026-02-08 13:35:54,5D106,PHÁT HIỆN VI PHẠM VIDEO,Xe máy - 5D-106,"Video: demo_video.mp4, Frame: 465, Độ rõ: Rõ"
2026-02-08 13:35:54,39T321650,PHÁT HIỆN VI PHẠM VIDEO,Xe máy - 39T3-21650 - Vi phạm: Đè vạch dừng,"Video: demo_video.mp4, Frame: 465, Độ rõ: Rõ"
2026-02-08 13:35:54,50E106E,PHÁT HIỆN VI PHẠM VIDEO,Xe máy - 50E-106E,"Video: demo_video.mp4, Frame: 470, Độ rõ: Rõ"
2026-02-08 13:35:54,59T3260,PHÁT HIỆN VI PHẠM VIDEO,Xe máy - 59T3-260,"Video: demo_video.mp4, Frame: 470, Độ rõ: Rõ"
2026-02-08 13:35:54,5DE10630,PHÁT HIỆN VI PHẠM VIDEO,Xe máy - 5DE-10630,"Video: demo_video.mp4, Frame: 475, Độ rõ: Rõ"
2026-02-08 13:35:54,39V321650,PHÁT HIỆN VI PHẠM VIDEO,Xe máy - 39V3-21650 - Vi phạm: Đè vạch dừng,"Video: demo_video.mp4, Frame: 475, Độ rõ: Rõ"
2026-02-08 13:35:54,5E10630,PHÁT HIỆN VI PHẠM VIDEO,Xe máy - 5E-10630,"Video: demo_video.mp4, Frame: 485, Độ rõ: Rõ"
2026-02-08 13:35:54,50E10630,PHÁT HIỆN VI PHẠM VIDEO,Xe máy - 50E-10630,"Video: demo_video.mp4, Frame: 490, Độ rõ: Rõ"
2026-02-08 13:35:54,59321630,PHÁT HIỆN VI PHẠM VIDEO,Xe máy - 593-21630 - Vi phạm: Đè vạch dừng,"Video: demo_video.mp4, Frame: 490, Độ rõ: Rõ"
2026-02-08 13:35:54,6DE10623D,PHÁT HIỆN VI PHẠM VIDEO,Xe máy - 6DE-10623D,"Video: demo_video.mp4, Frame: 500, Độ rõ: Rõ"
2026-02-08 13:35:54,47A81773,PHÁT HIỆN VI PHẠM VIDEO,Xe máy - 47A-81773,"Video: demo_video.mp4, Frame: 500, Độ rõ: Rõ"
2026-02-08 13:35:54,Y960218E0,PHÁT HIỆN VI PHẠM VIDEO,Xe máy - Y960-218E0 - Vi phạm: Đè vạch dừng,"Video: demo_video.mp4, Frame: 500, Độ rõ: Rõ"
2026-02-08 13:35:54,5010630,PHÁT HIỆN VI PHẠM VIDEO,Xe máy - 50-10630,"Video: demo_video.mp4, Frame: 505, Độ rõ: Rõ"
2026-02-08 13:35:54,59321760,PHÁT HIỆN VI PHẠM VIDEO,Xe máy - 593-21760 - Vi phạm: Đè vạch dừng,"Video: demo_video.mp4, Frame: 505, Độ rõ: Rõ"
2026-02-08 13:35:55,59807,PHÁT HIỆN VI PHẠM,Xe máy - 59-807 - Vi phạm: Đè vạch dừng,Video: demo_video.mp4 - Frame 285
2026-02-08 13:35:55,59178D079,PHÁT HIỆN VI PHẠM,Xe máy - 591-78D079 - Vi phạm: Đè vạch dừng,Video: demo_video.mp4 - Frame 290
2026-02-08 13:35:55,519178079,PHÁT HIỆN VI PHẠM,Xe máy - 5191-78079 - Vi phạm: Đè vạch dừng,Video: demo_video.mp4 - Frame 295
2026-02-08 13:35:56,59P1178079,PHÁT HIỆN VI PHẠM,Xe máy - 59P11-78079 - Vi phạm: Đè vạch dừng,Video: demo_video.mp4 - Frame 300
2026-02-08 13:35:56,591178079,PHÁT HIỆN VI PHẠM,Xe máy - 5911-78079 - Vi phạm: Đè vạch dừng,Video: demo_video.mp4 - Frame 305
2026-02-08 13:35:58,59178079,PHÁT HIỆN VI PHẠM,Xe máy - 591-78079 - Vi phạm: Đè vạch dừng,Video: demo_video.mp4 - Frame 330
2026-02-08 13:35:59,178B2,PHÁT HIỆN VI PHẠM,Xe máy - 1-78B2 - Vi phạm: Đè vạch dừng,Video: demo_video.mp4 - Frame 340
2026-02-08 13:36:02,52425,PHÁT HIỆN VI PHẠM,Xe máy - 52-425 - Vi phạm: Đè vạch dừng,Video: demo_video.mp4 - Frame 375
2026-02-08 13:36:03,524253,PHÁT HIỆN VI PHẠM,Xe máy - 52-4253 - Vi phạm: Đè vạch dừng,Video: demo_video.mp4 - Frame 380
2026-02-08 13:36:03,3242353,PHÁT HIỆN VI PHẠM,Xe máy - 32-42353 - Vi phạm: Đè vạch dừng,Video: demo_video.mp4 - Frame 385
2026-02-08 13:36:04,242553,PHÁT HIỆN VI PHẠM,Xe máy - 2-42553 - Vi phạm: Đè vạch dừng,Video: demo_video.mp4 - Frame 390
2026-02-08 13:36:07,59T21630,PHÁT HIỆN VI PHẠM,Xe máy - 59T-21630 - Vi phạm: Đè vạch dừng,Video: demo_video.mp4 - Frame 440
2026-02-08 13:36:08,59321650,PHÁT HIỆN VI PHẠM,Xe máy - 593-21650 - Vi phạm: Đè vạch dừng,Video: demo_video.mp4 - Frame 445
2026-02-08 13:36:10,39T321650,PHÁT HIỆN VI PHẠM,Xe máy - 39T3-21650 - Vi phạm: Đè vạch dừng,Video: demo_video.mp4 - Frame 465
2026-02-08 13:36:11,39V321650,PHÁT HIỆN VI PHẠM,Xe máy - 39V3-21650 - Vi phạm: Đè vạch dừng,Video: demo_video.mp4 - Frame 475
2026-02-08 13:36:12,59321630,PHÁT HIỆN VI PHẠM,Xe máy - 593-21630 - Vi phạm: Đè vạch dừng,Video: demo_video.mp4 - Frame 490
2026-02-08 13:36:13,Y960218E0,PHÁT HIỆN VI PHẠM,Xe máy - Y960-218E0 - Vi phạm: Đè vạch dừng,Video: demo_video.mp4 - Frame 500
2026-02-08 13:36:13,59321760,PHÁT HIỆN VI PHẠM,Xe máy - 593-21760 - Vi phạm: Đè vạch dừng,Video: demo_video.mp4 - Frame 505
2026-02-08 13:36:13,597B05868,PHÁT HIỆN VI PHẠM VIDEO,Xe máy - 597B-05868,"Video: demo_video.mp4, Frame: 5, Độ rõ: Rõ"
2026-02-08 13:36:14,1X1408503,PHÁT HIỆN VI PHẠM VIDEO,Xe máy - 1X14-08503 - Vi phạm: Đè vạch dừng,"Video: demo_video.mp4, Frame: 5, Độ rõ: Rõ"
2026-02-08 13:36:14,47A61773,PHÁT HIỆN VI PHẠM VIDEO,Xe máy - 47A-61773,"Video: demo_video.mp4, Frame: 5, Độ rõ: Rõ"
2026-02-08 13:36:14,910861,PHÁT HIỆN VI PHẠM VIDEO,Xe máy - 9-10861,"Video: demo_video.mp4, Frame: 5, Độ rõ: Rõ"
2026-02-08 13:36:14,81108503,PHÁT HIỆN VI PHẠM VIDEO,Xe máy - 811-08503 - Vi phạm: Đè vạch dừng,"Video: demo_video.mp4, Frame: 10, Độ rõ: Rõ"
2026-02-08 13:36:14,59B05868,PHÁT HIỆN VI PHẠM VIDEO,Xe máy - 59B-05868,"Video: demo_video.mp4, Frame: 15, Độ rõ: Rõ"
2026-02-08 13:36:14,59B0568,PHÁT HIỆN VI PHẠM VIDEO,Xe máy - 59B-0568,"Video: demo_video.mp4, Frame: 20, Độ rõ: Rõ"
2026-02-08 13:36:14,97B06868,PHÁT HIỆN VI PHẠM VIDEO,Xe máy - 97B-06868,"Video: demo_video.mp4, Frame: 25, Độ rõ: Rõ"
2026-02-08 13:36:14,51861,PHÁT HIỆN VI PHẠM VIDEO,Xe máy - 5-1861,"Video: demo_video.mp4, Frame: 25, Độ rõ: Rõ"
2026-02-08 13:36:14,597B06868,PHÁT HIỆN VI PHẠM VIDEO,Xe máy - 597B-06868,"Video: demo_video.mp4, Frame: 30, Độ rõ: Rõ"
2026-02-08 13:36:14,59706868,PHÁT HIỆN VI PHẠM VIDEO,Xe máy - 597-06868 - Vi phạm: Đè vạch dừng,"Video: demo_video.mp4, Frame: 35, Độ rõ: Rõ"
2026-02-08 13:36:14,97B0688,PHÁT HIỆN VI PHẠM VIDEO,Xe máy - 97B-0688 - Vi phạm: Đè vạch dừng,"Video: demo_video.mp4, Frame: 40, Độ rõ: Rõ"
2026-02-08 13:36:14,59B06868,PHÁT HIỆN VI PHẠM VIDEO,Xe máy - 59B-06868,"Video: demo_video.mp4, Frame: 45, Độ rõ: Rõ"
2026-02-08 13:36:14,70A26872,PHÁT HIỆN VI PHẠM VIDEO,Xe máy - 70A-26872,"Video: demo_video.mp4, Frame: 45, Độ rõ: Rõ"
2026-02-08 13:36:14,59410861,PHÁT HIỆN VI PHẠM VIDEO,Xe máy - 594-10861 (Mờ),"Video: demo_video.mp4, Frame: 45, Độ rõ: Mờ"
2026-02-08 13:36:14,91B58,PHÁT HIỆN VI PHẠM VIDEO,Xe máy - 91B-58 - Vi phạm: Đè vạch dừng,"Video: demo_video.mp4, Frame: 50, Độ rõ: Rõ"
2026-02-08 13:36:14,7D126872,PHÁT HIỆN VI PHẠM VIDEO,Xe máy - 7D1-26872,"Video: demo_video.mp4, Frame: 50, Độ rõ: Rõ"
2026-02-08 13:36:14,8,PHÁT HIỆN VI PHẠM VIDEO,Xe máy - -8 - Vi phạm: Đè vạch dừng,"Video: demo_video.mp4, Frame: 50, Độ rõ: Rõ"
2026-02-08 13:36:14,991081,PHÁT HIỆN VI PHẠM VIDEO,Xe máy - 99-1081,"Video: demo_video.mp4, Frame: 55, Độ rõ: Rõ"
2026-02-08 13:36:14,7DA26872,PHÁT HIỆN VI PHẠM VIDEO,Xe máy - 7DA-26872,"Video: demo_video.mp4, Frame: 55, Độ rõ: Rõ"
2026-02-08 13:36:14,X910861,PHÁT HIỆN VI PHẠM VIDEO,Xe máy - X9-10861,"Video: demo_video.mp4, Frame: 60, Độ rõ: Rõ"
2026-02-08 13:36:14,5910558,PHÁT HIỆN VI PHẠM VIDEO,Xe máy - 591-0558,"Video: demo_video.mp4, Frame: 65, Độ rõ: Rõ"
2026-02-08 13:36:14,5910861,PHÁT HIỆN VI PHẠM VIDEO,Xe máy - 59-10861,"Video: demo_video.mp4, Frame: 70, Độ rõ: Rõ"
2026-02-08 13:36:14,91110861,PHÁT HIỆN VI PHẠM VIDEO,Xe máy - 911-10861,"Video: demo_video.mp4, Frame: 75, Độ rõ: Rõ"
2026-02-08 13:36:14,59110861,PHÁT HIỆN VI PHẠM VIDEO,Xe máy - 591-10861,"Video: demo_video.mp4, Frame: 105, Độ rõ: Rõ"
2026-02-08 13:36:14,972,PHÁT HIỆN VI PHẠM VIDEO,Xe máy - 9-72 (Mờ),"Video: demo_video.mp4, Frame: 120, Độ rõ: Mờ"
2026-02-08 13:36:14,59R12,PHÁT HIỆN VI PHẠM VIDEO,Xe máy - 59R-12 (Mờ),"Video: demo_video.mp4, Frame: 125, Độ rõ: Mờ"
2026-02-08 13:36:14,F9824,PHÁT HIỆN VI PHẠM VIDEO,Xe máy - F9-824 (Mờ),"Video: demo_video.mp4, Frame: 130, Độ rõ: Mờ"
2026-02-08 13:36:14,9R1212,PHÁT HIỆN VI PHẠM VIDEO,Xe máy - 9R-1212 (Mờ),"Video: demo_video.mp4, Frame: 135, Độ rõ: Mờ"
2026-02-08 13:36:14,61H159850,PHÁT HIỆN VI PHẠM VIDEO,Xe máy - 61H1-59850 - Vi phạm: Đè vạch dừng,"Video: demo_video.mp4, Frame: 135, Độ rõ: Rõ"
2026-02-08 13:36:14,5R78214,PHÁT HIỆN VI PHẠM VIDEO,Xe máy - 5R-78214,"Video: demo_video.mp4, Frame: 140, Độ rõ: Rõ"
2026-02-08 13:36:14,59Y1161,PHÁT HIỆN VI PHẠM VIDEO,Xe máy - 59Y1-161,"Video: demo_video.mp4, Frame: 140, Độ rõ: Rõ"
2026-02-08 13:36:14,59R7821,PHÁT HIỆN VI PHẠM VIDEO,Xe máy - 59R-7821,"Video: demo_video.mp4, Frame: 145, Độ rõ: Rõ"
2026-02-08 13:36:14,59214,PHÁT HIỆN VI PHẠM VIDEO,Xe máy - 59-214 - Vi phạm: Đè vạch dừng,"Video: demo_video.mp4, Frame: 150, Độ rõ: Rõ"
2026-02-08 13:36:14,6918214,PHÁT HIỆN VI PHẠM VIDEO,Xe máy - 69-18214 - Vi phạm: Đè vạch dừng,"Video: demo_video.mp4, Frame: 155, Độ rõ: Rõ"
2026-02-08 13:36:14,61R159850,PHÁT HIỆN VI PHẠM VIDEO,Xe máy - 61R1-59850 - Vi phạm: Đè vạch dừng,"Video: demo_video.mp4, Frame: 155, Độ rõ: Rõ"
2026-02-08 13:36:14,59R18214,PHÁT HIỆN VI PHẠM VIDEO,Xe máy - 59R-18214 - Vi phạm: Đè vạch dừng,"Video: demo_video.mp4, Frame: 160, Độ rõ: Rõ"
2026-02-08 13:36:14,59RA18214,PHÁT HIỆN VI PHẠM VIDEO,Xe máy - 59RA-18214 - Vi phạm: Đè vạch dừng,"Video: demo_video.mp4, Frame: 165, Độ rõ: Rõ"
2026-02-08 13:36:14,69RA18214,PHÁT HIỆN VI PHẠM VIDEO,Xe máy - 69RA-18214 - Vi phạm: Đè vạch dừng,"Video: demo_video.mp4, Frame: 170, Độ rõ: Rõ"
2026-02-08 13:36:14,5R18214,PHÁT HIỆN VI PHẠM VIDEO,Xe máy - 5R-18214 - Vi phạm: Đè vạch dừng,"Video: demo_video.mp4, Frame: 180, Độ rõ: Rõ"
2026-02-08 13:36:14,R59850,PHÁT HIỆN VI PHẠM VIDEO,Xe máy - R-59850 - Vi phạm: Đè vạch dừng,"Video: demo_video.mp4, Frame: 180, Độ rõ: Rõ"
2026-02-08 13:36:14,69R1821,PHÁT HIỆN VI PHẠM VIDEO,Xe máy - 69R-1821 - Vi phạm: Đè vạch dừng,"Video: demo_video.mp4, Frame: 185, Độ rõ: Rõ"
2026-02-08 13:36:14,1Z15980,PHÁT HIỆN VI PHẠM VIDEO,Xe máy - 1Z1-5980 - Vi phạm: Đè vạch dừng,"Video: demo_video.mp4, Frame: 185, Độ rõ: Rõ"
2026-02-08 13:36:14,59R121,PHÁT HIỆN VI PHẠM VIDEO,Xe máy - 59R-121 - Vi phạm: Đè vạch dừng,"Video: demo_video.mp4, Frame: 190, Độ rõ: Rõ"
2026-02-08 13:36:14,59A18214,PHÁT HIỆN VI PHẠM VIDEO,Xe máy - 59A-18214 - Vi phạm: Đè vạch dừng,"Video: demo_video.mp4, Frame: 195, Độ rõ: Rõ"
2026-02-08 13:36:14,59R1821,PHÁT HIỆN VI PHẠM VIDEO,Xe máy - 59R-1821 - Vi phạm: Đè vạch dừng,"Video: demo_video.mp4, Frame: 200, Độ rõ: Rõ"
2026-02-08 13:36:14,5917214,PHÁT HIỆN VI PHẠM VIDEO,Xe máy - 59-17214 - Vi phạm: Đè vạch dừng,"Video: demo_video.mp4, Frame: 205, Độ rõ: Rõ"
2026-02-08 13:36:14,59R8214,PHÁT HIỆN VI PHẠM VIDEO,Xe máy - 59R-8214 - Vi phạm: Đè vạch dừng,"Video: demo_video.mp4, Frame: 210, Độ rõ: Rõ"
2026-02-08 13:36:14,8120,PHÁT HIỆN VI PHẠM VIDEO,Xe máy - 81-20,"Video: demo_video.mp4, Frame: 215, Độ rõ: Rõ"
2026-02-08 13:36:14,5982,PHÁT HIỆN VI PHẠM VIDEO,Xe máy - 59-82 - Vi phạm: Đè vạch dừng,"Video: demo_video.mp4, Frame: 215, Độ rõ: Rõ"
2026-02-08 13:36:14,5005,PHÁT HIỆN VI PHẠM VIDEO,Xe máy - 500-5 - Vi phạm: Đè vạch dừng,"Video: demo_video.mp4, Frame: 220, Độ rõ: Rõ"
2026-02-08 13:36:14,Z8721,PHÁT HIỆN VI PHẠM VIDEO,Xe máy - Z-8721 (Mờ),"Video: demo_video.mp4, Frame: 230, Độ rõ: Mờ"
2026-02-08 13:36:14,814,PHÁT HIỆN VI PHẠM VIDEO,Xe máy - 8-14 - Vi phạm: Đè vạch dừng,"Video: demo_video.mp4, Frame: 235, Độ rõ: Rõ"
2026-02-08 13:36:14,5,PHÁT HIỆN VI PHẠM VIDEO,Xe máy - -5,"Video: demo_video.mp4, Frame: 245, Độ rõ: Rõ"
2026-02-08 13:36:14,70A26822,PHÁT HIỆN VI PHẠM VIDEO,Xe máy - 70A-26822,"Video: demo_video.mp4, Frame: 260, Độ rõ: Rõ"
2026-02-08 13:36:14,591079,PHÁT HIỆN VI PHẠM VIDEO,Xe máy - 591-079,"Video: demo_video.mp4, Frame: 260, Độ rõ: Rõ"
2026-02-08 13:36:14,5R9Y778079,PHÁT HIỆN VI PHẠM VIDEO,Xe máy - 5R9Y7-78079,"Video: demo_video.mp4, Frame: 265, Độ rõ: Rõ"
2026-02-08 13:36:14,59807,PHÁT HIỆN VI PHẠM VIDEO,Xe máy - 59-807 - Vi phạm: Đè vạch dừng,"Video: demo_video.mp4, Frame: 285, Độ rõ: Rõ"
2026-02-08 13:36:14,59178D079,PHÁT HIỆN VI PHẠM VIDEO,Xe máy - 591-78D079 - Vi phạm: Đè vạch dừng,"Video: demo_video.mp4, Frame: 290, Độ rõ: Rõ"
2026-02-08 13:36:14,519178079,PHÁT HIỆN VI PHẠM VIDEO,Xe máy - 5191-78079 - Vi phạm: Đè vạch dừng,"Video: demo_video.mp4, Frame: 295, Độ rõ: Rõ"
2026-02-08 13:36:14,59P1178079,PHÁT HIỆN VI PHẠM VIDEO,Xe máy - 59P11-78079 - Vi phạm: Đè vạch dừng,"Video: demo_video.mp4, Frame: 300, Độ rõ: Rõ"
2026-02-08 13:36:14,591178079,PHÁT HIỆN VI PHẠM VIDEO,Xe máy - 5911-78079 - Vi phạm: Đè vạch dừng,"Video: demo_video.mp4, Frame: 305, Độ rõ: Rõ"
2026-02-08 13:36:14,59178079,PHÁT HIỆN VI PHẠM VIDEO,Xe máy - 591-78079 - Vi phạm: Đè vạch dừng,"Video: demo_video.mp4, Frame: 330, Độ rõ: Rõ"
2026-02-08 13:36:14,178B2,PHÁT HIỆN VI PHẠM VIDEO,Xe máy - 1-78B2 - Vi phạm: Đè vạch dừng,"Video: demo_video.mp4, Frame: 340, Độ rõ: Rõ"
2026-02-08 13:36:14,757,PHÁT HIỆN VI PHẠM VIDEO,Xe máy - 7-57,"Video: demo_video.mp4, Frame: 340, Độ rõ: Rõ"
2026-02-08 13:36:14,525E,PHÁT HIỆN VI PHẠM VIDEO,Xe máy - 52-5E,"Video: demo_video.mp4, Frame: 345, Độ rõ: Rõ"
2026-02-08 13:36:14,59R2553,PHÁT HIỆN VI PHẠM VIDEO,Xe máy - 59R2-553,"Video: demo_video.mp4, Frame: 350, Độ rõ: Rõ"
2026-02-08 13:36:14,59RR27553,PHÁT HIỆN VI PHẠM VIDEO,Xe máy - 59RR2-7553,"Video: demo_video.mp4, Frame: 355, Độ rõ: Rõ"
2026-02-08 13:36:14,59253,PHÁT HIỆN VI PHẠM VIDEO,Xe máy - 592-53,"Video: demo_video.mp4, Frame: 360, Độ rõ: Rõ"
2026-02-08 13:36:14,5TR273,PHÁT HIỆN VI PHẠM VIDEO,Xe máy - 5TR2-73,"Video: demo_video.mp4, Frame: 365, Độ rõ: Rõ"
2026-02-08 13:36:14,9124253,PHÁT HIỆN VI PHẠM VIDEO,Xe máy - 912-4253,"Video: demo_video.mp4, Frame: 370, Độ rõ: Rõ"
2026-02-08 13:36:14,52425,PHÁT HIỆN VI PHẠM VIDEO,Xe máy - 52-425 - Vi phạm: Đè vạch dừng,"Video: demo_video.mp4, Frame: 375, Độ rõ: Rõ"
2026-02-08 13:36:14,524253,PHÁT HIỆN VI PHẠM VIDEO,Xe máy - 52-4253 - Vi phạm: Đè vạch dừng,"Video: demo_video.mp4, Frame: 380, Độ rõ: Rõ"
2026-02-08 13:36:14,3242353,PHÁT HIỆN VI PHẠM VIDEO,Xe máy - 32-42353 - Vi phạm: Đè vạch dừng,"Video: demo_video.mp4, Frame: 385, Độ rõ: Rõ"
2026-02-08 13:36:14,242553,PHÁT HIỆN VI PHẠM VIDEO,Xe máy - 2-42553 - Vi phạm: Đè vạch dừng,"Video: demo_video.mp4, Frame: 390, Độ rõ: Rõ"
2026-02-08 13:36:14,527T31650,PHÁT HIỆN VI PHẠM VIDEO,Xe máy - 527T3-1650,"Video: demo_video.mp4, Frame: 415, Độ rõ: Rõ"
2026-02-08 13:36:14,59T321650,PHÁT HIỆN VI PHẠM VIDEO,Xe máy - 59T3-21650,"Video: demo_video.mp4, Frame: 420, Độ rõ: Rõ"
2026-02-08 13:36:14,592T321650,PHÁT HIỆN VI PHẠM VIDEO,Xe máy - 592T3-21650,"Video: demo_video.mp4, Frame: 425, Độ rõ: Rõ"
2026-02-08 13:36:14,59T21630,PHÁT HIỆN VI PHẠM VIDEO,Xe máy - 59T-21630 - Vi phạm: Đè vạch dừng,"Video: demo_video.mp4, Frame: 440, Độ rõ: Rõ"
2026-02-08 13:36:14,59321650,PHÁT HIỆN VI PHẠM VIDEO,Xe máy - 593-21650 - Vi phạm: Đè vạch dừng,"Video: demo_video.mp4, Frame: 445, Độ rõ: Rõ"
2026-02-08 13:36:14,5D106,PHÁT HIỆN VI PHẠM VIDEO,Xe máy - 5D-106,"Video: demo_video.mp4, Frame: 465, Độ rõ: Rõ"
2026-02-08 13:36:14,39T321650,PHÁT HIỆN VI PHẠM VIDEO,Xe máy - 39T3-21650 - Vi phạm: Đè vạch dừng,"Video: demo_video.mp4, Frame: 465, Độ rõ: Rõ"
2026-02-08 13:36:14,50E106E,PHÁT HIỆN VI PHẠM VIDEO,Xe máy - 50E-106E,"Video: demo_video.mp4, Frame: 470, Độ rõ: Rõ"
2026-02-08 13:36:14,59T3260,PHÁT HIỆN VI PHẠM VIDEO,Xe máy - 59T3-260,"Video: demo_video.mp4, Frame: 470, Độ rõ: Rõ"
2026-02-08 13:36:14,5DE10630,PHÁT HIỆN VI PHẠM VIDEO,Xe máy - 5DE-10630,"Video: demo_video.mp4, Frame: 475, Độ rõ: Rõ"
2026-02-08 13:36:14,39V321650,PHÁT HIỆN VI PHẠM VIDEO,Xe máy - 39V3-21650 - Vi phạm: Đè vạch dừng,"Video: demo_video.mp4, Frame: 475, Độ rõ: Rõ"
2026-02-08 13:36:14,5E10630,PHÁT HIỆN VI PHẠM VIDEO,Xe máy - 5E-10630,"Video: demo_video.mp4, Frame: 485, Độ rõ: Rõ"
2026-02-08 13:36:14,50E10630,PHÁT HIỆN VI PHẠM VIDEO,Xe máy - 50E-10630,"Video: demo_video.mp4, Frame: 490, Độ rõ: Rõ"
2026-02-08 13:36:14,59321630,PHÁT HIỆN VI PHẠM VIDEO,Xe máy - 593-21630 - Vi phạm: Đè vạch dừng,"Video: demo_video.mp4, Frame: 490, Độ rõ: Rõ"
2026-02-08 13:36:14,6DE10623D,PHÁT HIỆN VI PHẠM VIDEO,Xe máy - 6DE-10623D,"Video: demo_video.mp4, Frame: 500, Độ rõ: Rõ"
2026-02-08 13:36:14,47A81773,PHÁT HIỆN VI PHẠM VIDEO,Xe máy - 47A-81773,"Video: demo_video.mp4, Frame: 500, Độ rõ: Rõ"
2026-02-08 13:36:14,Y960218E0,PHÁT HIỆN VI PHẠM VIDEO,Xe máy - Y960-218E0 - Vi phạm: Đè vạch dừng,"Video: demo_video.mp4, Frame: 500, Độ rõ: Rõ"
2026-02-08 13:36:14,5010630,PHÁT HIỆN VI PHẠM VIDEO,Xe máy - 50-10630,"Video: demo_video.mp4, Frame: 505, Độ rõ: Rõ"
2026-02-08 13:36:14,59321760,PHÁT HIỆN VI PHẠM VIDEO,Xe máy - 593-21760 - Vi phạm: Đè vạch dừng,"Video: demo_video.mp4, Frame: 505, Độ rõ: Rõ"
2026-02-08 13:45:10,63E-00006,PHÁT HIỆN VI PHẠM,Ô tô - 63E-00006 - Vi phạm: Đè làn đường,Ảnh: bienso1.jpg
2026-02-08 13:45:20,1X1408503,PHÁT HIỆN VI PHẠM,Xe máy - 1X14-08503 - Vi phạm: Đè vạch dừng,Video: demo_video.mp4 - Frame 5
2026-02-08 13:45:21,81108503,PHÁT HIỆN VI PHẠM,Xe máy - 811-08503 - Vi phạm: Đè vạch dừng,Video: demo_video.mp4 - Frame 10
2026-02-08 13:45:23,59706868,PHÁT HIỆN VI PHẠM,Xe máy - 597-06868 - Vi phạm: Đè vạch dừng,Video: demo_video.mp4 - Frame 35
2026-02-08 13:45:24,97B0688,PHÁT HIỆN VI PHẠM,Xe máy - 97B-0688 - Vi phạm: Đè vạch dừng,Video: demo_video.mp4 - Frame 40
2026-02-08 13:45:25,91B58,PHÁT HIỆN VI PHẠM,Xe máy - 91B-58 - Vi phạm: Đè vạch dừng,Video: demo_video.mp4 - Frame 50
2026-02-08 13:45:25,8,PHÁT HIỆN VI PHẠM,Xe máy - -8 - Vi phạm: Đè vạch dừng,Video: demo_video.mp4 - Frame 50
2026-02-08 13:45:32,61H159850,PHÁT HIỆN VI PHẠM,Xe máy - 61H1-59850 - Vi phạm: Đè vạch dừng,Video: demo_video.mp4 - Frame 135
2026-02-08 13:45:33,59214,PHÁT HIỆN VI PHẠM,Xe máy - 59-214 - Vi phạm: Đè vạch dừng,Video: demo_video.mp4 - Frame 150
2026-02-08 13:45:34,6918214,PHÁT HIỆN VI PHẠM,Xe máy - 69-18214 - Vi phạm: Đè vạch dừng,Video: demo_video.mp4 - Frame 155
2026-02-08 13:45:34,61R159850,PHÁT HIỆN VI PHẠM,Xe máy - 61R1-59850 - Vi phạm: Đè vạch dừng,Video: demo_video.mp4 - Frame 155
2026-02-08 13:45:34,59R18214,PHÁT HIỆN VI PHẠM,Xe máy - 59R-18214 - Vi phạm: Đè vạch dừng,Video: demo_video.mp4 - Frame 160
2026-02-08 13:45:35,59RA18214,PHÁT HIỆN VI PHẠM,Xe máy - 59RA-18214 - Vi phạm: Đè vạch dừng,Video: demo_video.mp4 - Frame 165
2026-02-08 13:45:35,69RA18214,PHÁT HIỆN VI PHẠM,Xe máy - 69RA-18214 - Vi phạm: Đè vạch dừng,Video: demo_video.mp4 - Frame 170
2026-02-08 13:45:36,5R18214,PHÁT HIỆN VI PHẠM,Xe máy - 5R-18214 - Vi phạm: Đè vạch dừng,Video: demo_video.mp4 - Frame 180
2026-02-08 13:45:36,R59850,PHÁT HIỆN VI PHẠM,Xe máy - R-59850 - Vi phạm: Đè vạch dừng,Video: demo_video.mp4 - Frame 180
2026-02-08 13:45:37,69R1821,PHÁT HIỆN VI PHẠM,Xe máy - 69R-1821 - Vi phạm: Đè vạch dừng,Video: demo_video.mp4 - Frame 185
2026-02-08 13:45:37,1Z15980,PHÁT HIỆN VI PHẠM,Xe máy - 1Z1-5980 - Vi phạm: Đè vạch dừng,Video: demo_video.mp4 - Frame 185
2026-02-08 13:45:37,59R121,PHÁT HIỆN VI PHẠM,Xe máy - 59R-121 - Vi phạm: Đè vạch dừng,Video: demo_video.mp4 - Frame 190
2026-02-08 13:45:38,59A18214,PHÁT HIỆN VI PHẠM,Xe máy - 59A-18214 - Vi phạm: Đè vạch dừng,Video: demo_video.mp4 - Frame 195
2026-02-08 13:45:38,59R1821,PHÁT HIỆN VI PHẠM,Xe máy - 59R-1821 - Vi phạm: Đè vạch dừng,Video: demo_video.mp4 - Frame 200
2026-02-08 13:45:39,5917214,PHÁT HIỆN VI PHẠM,Xe máy - 59-17214 - Vi phạm: Đè vạch dừng,Video: demo_video.mp4 - Frame 205
2026-02-08 13:45:39,59R8214,PHÁT HIỆN VI PHẠM,Xe máy - 59R-8214 - Vi phạm: Đè vạch dừng,Video: demo_video.mp4 - Frame 210
2026-02-08 13:45:40,5982,PHÁT HIỆN VI PHẠM,Xe máy - 59-82 - Vi phạm: Đè vạch dừng,Video: demo_video.mp4 - Frame 215
2026-02-08 13:45:40,5005,PHÁT HIỆN VI PHẠM,Xe máy - 500-5 - Vi phạm: Đè vạch dừng,Video: demo_video.mp4 - Frame 220
2026-02-08 13:45:41,Z8721,PHÁT HIỆN VI PHẠM,Xe máy - Z-8721 (Mờ),Video: demo_video.mp4 - Frame 230
2026-02-08 13:45:41,814,PHÁT HIỆN VI PHẠM,Xe máy - 8-14 - Vi phạm: Đè vạch dừng,Video: demo_video.mp4 - Frame 235
2026-02-08 13:45:45,59807,PHÁT HIỆN VI PHẠM,Xe máy - 59-807 - Vi phạm: Đè vạch dừng,Video: demo_video.mp4 - Frame 285
2026-02-08 13:45:46,59178D079,PHÁT HIỆN VI PHẠM,Xe máy - 591-78D079 - Vi phạm: Đè vạch dừng,Video: demo_video.mp4 - Frame 290
2026-02-08 13:45:46,519178079,PHÁT HIỆN VI PHẠM,Xe máy - 5191-78079 - Vi phạm: Đè vạch dừng,Video: demo_video.mp4 - Frame 295
2026-02-08 13:45:46,59P1178079,PHÁT HIỆN VI PHẠM,Xe máy - 59P11-78079 - Vi phạm: Đè vạch dừng,Video: demo_video.mp4 - Frame 300
2026-02-08 13:45:47,591178079,PHÁT HIỆN VI PHẠM,Xe máy - 5911-78079 - Vi phạm: Đè vạch dừng,Video: demo_video.mp4 - Frame 305
2026-02-08 13:45:49,59178079,PHÁT HIỆN VI PHẠM,Xe máy - 591-78079 - Vi phạm: Đè vạch dừng,Video: demo_video.mp4 - Frame 330
2026-02-08 13:45:49,178B2,PHÁT HIỆN VI PHẠM,Xe máy - 1-78B2 - Vi phạm: Đè vạch dừng,Video: demo_video.mp4 - Frame 340
2026-02-08 13:45:53,52425,PHÁT HIỆN VI PHẠM,Xe máy - 52-425 - Vi phạm: Đè vạch dừng,Video: demo_video.mp4 - Frame 375
2026-02-08 13:45:53,524253,PHÁT HIỆN VI PHẠM,Xe máy - 52-4253 - Vi phạm: Đè vạch dừng,Video: demo_video.mp4 - Frame 380
2026-02-08 13:45:54,3242353,PHÁT HIỆN VI PHẠM,Xe máy - 32-42353 - Vi phạm: Đè vạch dừng,Video: demo_video.mp4 - Frame 385
2026-02-08 13:45:54,242553,PHÁT HIỆN VI PHẠM,Xe máy - 2-42553 - Vi phạm: Đè vạch dừng,Video: demo_video.mp4 - Frame 390
2026-02-08 13:45:58,59T21630,PHÁT HIỆN VI PHẠM,Xe máy - 59T-21630 - Vi phạm: Đè vạch dừng,Video: demo_video.mp4 - Frame 440
2026-02-08 13:45:58,59321650,PHÁT HIỆN VI PHẠM,Xe máy - 593-21650 - Vi phạm: Đè vạch dừng,Video: demo_video.mp4 - Frame 445
2026-02-08 13:46:00,39T321650,PHÁT HIỆN VI PHẠM,Xe máy - 39T3-21650 - Vi phạm: Đè vạch dừng,Video: demo_video.mp4 - Frame 465
2026-02-08 13:46:01,39V321650,PHÁT HIỆN VI PHẠM,Xe máy - 39V3-21650 - Vi phạm: Đè vạch dừng,Video: demo_video.mp4 - Frame 475
2026-02-08 13:46:03,59321630,PHÁT HIỆN VI PHẠM,Xe máy - 593-21630 - Vi phạm: Đè vạch dừng,Video: demo_video.mp4 - Frame 490
2026-02-08 13:46:04,Y960218E0,PHÁT HIỆN VI PHẠM,Xe máy - Y960-218E0 - Vi phạm: Đè vạch dừng,Video: demo_video.mp4 - Frame 500
2026-02-08 13:46:04,59321760,PHÁT HIỆN VI PHẠM,Xe máy - 593-21760 - Vi phạm: Đè vạch dừng,Video: demo_video.mp4 - Frame 505
2026-02-08 13:46:04,597B05868,PHÁT HIỆN VI PHẠM VIDEO,Xe máy - 597B-05868,"Video: demo_video.mp4, Frame: 5, Độ rõ: Rõ"
2026-02-08 13:46:04,1X1408503,PHÁT HIỆN VI PHẠM VIDEO,Xe máy - 1X14-08503 - Vi phạm: Đè vạch dừng,"Video: demo_video.mp4, Frame: 5, Độ rõ: Rõ"
2026-02-08 13:46:04,47A61773,PHÁT HIỆN VI PHẠM VIDEO,Xe máy - 47A-61773,"Video: demo_video.mp4, Frame: 5, Độ rõ: Rõ"
2026-02-08 13:46:04,910861,PHÁT HIỆN VI PHẠM VIDEO,Xe máy - 9-10861,"Video: demo_video.mp4, Frame: 5, Độ rõ: Rõ"
2026-02-08 13:46:04,81108503,PHÁT HIỆN VI PHẠM VIDEO,Xe máy - 811-08503 - Vi phạm: Đè vạch dừng,"Video: demo_video.mp4, Frame: 10, Độ rõ: Rõ"
2026-02-08 13:46:04,59B05868,PHÁT HIỆN VI PHẠM VIDEO,Xe máy - 59B-05868,"Video: demo_video.mp4, Frame: 15, Độ rõ: Rõ"
2026-02-08 13:46:04,59B0568,PHÁT HIỆN VI PHẠM VIDEO,Xe máy - 59B-0568,"Video: demo_video.mp4, Frame: 20, Độ rõ: Rõ"
2026-02-08 13:46:04,97B06868,PHÁT HIỆN VI PHẠM VIDEO,Xe máy - 97B-06868,"Video: demo_video.mp4, Frame: 25, Độ rõ: Rõ"
2026-02-08 13:46:04,51861,PHÁT HIỆN VI PHẠM VIDEO,Xe máy - 5-1861,"Video: demo_video.mp4, Frame: 25, Độ rõ: Rõ"
2026-02-08 13:46:04,597B06868,PHÁT HIỆN VI PHẠM VIDEO,Xe máy - 597B-06868,"Video: demo_video.mp4, Frame: 30, Độ rõ: Rõ"
2026-02-08 13:46:04,59706868,PHÁT HIỆN VI PHẠM VIDEO,Xe máy - 597-06868 - Vi phạm: Đè vạch dừng,"Video: demo_video.mp4, Frame: 35, Độ rõ: Rõ"
2026-02-08 13:46:04,97B0688,PHÁT HIỆN VI PHẠM VIDEO,Xe máy - 97B-0688 - Vi phạm: Đè vạch dừng,"Video: demo_video.mp4, Frame: 40, Độ rõ: Rõ"
2026-02-08 13:46:04,59B06868,PHÁT HIỆN VI PHẠM VIDEO,Xe máy - 59B-06868,"Video: demo_video.mp4, Frame: 45, Độ rõ: Rõ"
2026-02-08 13:46:04,70A26872,PHÁT HIỆN VI PHẠM VIDEO,Xe máy - 70A-26872,"Video: demo_video.mp4, Frame: 45, Độ rõ: Rõ"
2026-02-08 13:46:04,59410861,PHÁT HIỆN VI PHẠM VIDEO,Xe máy - 594-10861 (Mờ),"Video: demo_video.mp4, Frame: 45, Độ rõ: Mờ"
2026-02-08 13:46:04,91B58,PHÁT HIỆN VI PHẠM VIDEO,Xe máy - 91B-58 - Vi phạm: Đè vạch dừng,"Video: demo_video.mp4, Frame: 50, Độ rõ: Rõ"
2026-02-08 13:46:04,7D126872,PHÁT HIỆN VI PHẠM VIDEO,Xe máy - 7D1-26872,"Video: demo_video.mp4, Frame: 50, Độ rõ: Rõ"
2026-02-08 13:46:04,8,PHÁT HIỆN VI PHẠM VIDEO,Xe máy - -8 - Vi phạm: Đè vạch dừng,"Video: demo_video.mp4, Frame: 50, Độ rõ: Rõ"
2026-02-08 13:46:04,991081,PHÁT HIỆN VI PHẠM VIDEO,Xe máy - 99-1081,"Video: demo_video.mp4, Frame: 55, Độ rõ: Rõ"
2026-02-08 13:46:04,7DA26872,PHÁT HIỆN VI PHẠM VIDEO,Xe máy - 7DA-26872,"Video: demo_video.mp4, Frame: 55, Độ rõ: Rõ"
2026-02-08 13:46:04,X910861,PHÁT HIỆN VI PHẠM VIDEO,Xe máy - X9-10861,"Video: demo_video.mp4, Frame: 60, Độ rõ: Rõ"
2026-02-08 13:46:04,5910558,PHÁT HIỆN VI PHẠM VIDEO,Xe máy - 591-0558,"Video: demo_video.mp4, Frame: 65, Độ rõ: Rõ"
2026-02-08 13:46:04,5910861,PHÁT HIỆN VI PHẠM VIDEO,Xe máy - 59-10861,"Video: demo_video.mp4, Frame: 70, Độ rõ: Rõ"
2026-02-08 13:46:04,91110861,PHÁT HIỆN VI PHẠM VIDEO,Xe máy - 911-10861,"Video: demo_video.mp4, Frame: 75, Độ rõ: Rõ"
2026-02-08 13:46:04,59110861,PHÁT HIỆN VI PHẠM VIDEO,Xe máy - 591-10861,"Video: demo_video.mp4, Frame: 105, Độ rõ: Rõ"
2026-02-08 13:46:04,972,PHÁT HIỆN VI PHẠM VIDEO,Xe máy - 9-72 (Mờ),"Video: demo_video.mp4, Frame: 120, Độ rõ: Mờ"
2026-02-08 13:46:04,59R12,PHÁT HIỆN VI PHẠM VIDEO,Xe máy - 59R-12 (Mờ),"Video: demo_video.mp4, Frame: 125, Độ rõ: Mờ"
2026-02-08 13:46:04,F9824,PHÁT HIỆN VI PHẠM VIDEO,Xe máy - F9-824 (Mờ),"Video: demo_video.mp4, Frame: 130, Độ rõ: Mờ"
2026-02-08 13:46:04,9R1212,PHÁT HIỆN VI PHẠM VIDEO,Xe máy - 9R-1212 (Mờ),"Video: demo_video.mp4, Frame: 135, Độ rõ: Mờ"
2026-02-08 13:46:04,61H159850,PHÁT HIỆN VI PHẠM VIDEO,Xe máy - 61H1-59850 - Vi phạm: Đè vạch dừng,"Video: demo_video.mp4, Frame: 135, Độ rõ: Rõ"
2026-02-08 13:46:04,5R78214,PHÁT HIỆN VI PHẠM VIDEO,Xe máy - 5R-78214,"Video: demo_video.mp4, Frame: 140, Độ rõ: Rõ"
2026-02-08 13:46:04,59Y1161,PHÁT HIỆN VI PHẠM VIDEO,Xe máy - 59Y1-161,"Video: demo_video.mp4, Frame: 140, Độ rõ: Rõ"
2026-02-08 13:46:04,59R7821,PHÁT HIỆN VI PHẠM VIDEO,Xe máy - 59R-7821,"Video: demo_video.mp4, Frame: 145, Độ rõ: Rõ"
2026-02-08 13:46:04,59214,PHÁT HIỆN VI PHẠM VIDEO,Xe máy - 59-214 - Vi phạm: Đè vạch dừng,"Video: demo_video.mp4, Frame: 150, Độ rõ: Rõ"
2026-02-08 13:46:04,6918214,PHÁT HIỆN VI PHẠM VIDEO,Xe máy - 69-18214 - Vi phạm: Đè vạch dừng,"Video: demo_video.mp4, Frame: 155, Độ rõ: Rõ"
2026-02-08 13:46:04,61R159850,PHÁT HIỆN VI PHẠM VIDEO,Xe máy - 61R1-59850 - Vi phạm: Đè vạch dừng,"Video: demo_video.mp4, Frame: 155, Độ rõ: Rõ"
2026-02-08 13:46:04,59R18214,PHÁT HIỆN VI PHẠM VIDEO,Xe máy - 59R-18214 - Vi phạm: Đè vạch dừng,"Video: demo_video.mp4, Frame: 160, Độ rõ: Rõ"
2026-02-08 13:46:04,59RA18214,PHÁT HIỆN VI PHẠM VIDEO,Xe máy - 59RA-18214 - Vi phạm: Đè vạch dừng,"Video: demo_video.mp4, Frame: 165, Độ rõ: Rõ"
2026-02-08 13:46:04,69RA18214,PHÁT HIỆN VI PHẠM VIDEO,Xe máy - 69RA-18214 - Vi phạm: Đè vạch dừng,"Video: demo_video.mp4, Frame: 170, Độ rõ: Rõ"
2026-02-08 13:46:04,5R18214,PHÁT HIỆN VI PHẠM VIDEO,Xe máy - 5R-18214 - Vi phạm: Đè vạch dừng,"Video: demo_video.mp4, Frame: 180, Độ rõ: Rõ"
2026-02-08 13:46:04,R59850,PHÁT HIỆN VI PHẠM VIDEO,Xe máy - R-59850 - Vi phạm: Đè vạch dừng,"Video: demo_video.mp4, Frame: 180, Độ rõ: Rõ"
2026-02-08 13:46:04,69R1821,PHÁT HIỆN VI PHẠM VIDEO,Xe máy - 69R-1821 - Vi phạm: Đè vạch dừng,"Video: demo_video.mp4, Frame: 185, Độ rõ: Rõ"
2026-02-08 13:46:04,1Z15980,PHÁT HIỆN VI PHẠM VIDEO,Xe máy - 1Z1-5980 - Vi phạm: Đè vạch dừng,"Video: demo_video.mp4, Frame: 185, Độ rõ: Rõ"
2026-02-08 13:46:04,59R121,PHÁT HIỆN VI PHẠM VIDEO,Xe máy - 59R-121 - Vi phạm: Đè vạch dừng,"Video: demo_video.mp4, Frame: 190, Độ rõ: Rõ"
2026-02-08 13:46:04,59A18214,PHÁT HIỆN VI PHẠM VIDEO,Xe máy - 59A-18214 - Vi phạm: Đè vạch dừng,"Video: demo_video.mp4, Frame: 195, Độ rõ: Rõ"
2026-02-08 13:46:04,59R1821,PHÁT HIỆN VI PHẠM VIDEO,Xe máy - 59R-1821 - Vi phạm: Đè vạch dừng,"Video: demo_video.mp4, Frame: 200, Độ rõ: Rõ"
2026-02-08 13:46:04,5917214,PHÁT HIỆN VI PHẠM VIDEO,Xe máy - 59-17214 - Vi phạm: Đè vạch dừng,"Video: demo_video.mp4, Frame: 205, Độ rõ: Rõ"
2026-02-08 13:46:04,59R8214,PHÁT HIỆN VI PHẠM VIDEO,Xe máy - 59R-8214 - Vi phạm: Đè vạch dừng,"Video: demo_video.mp4, Frame: 210, Độ rõ: Rõ"
2026-02-08 13:46:04,8120,PHÁT HIỆN VI PHẠM VIDEO,Xe máy - 81-20,"Video: demo_video.mp4, Frame: 215, Độ rõ: Rõ"
2026-02-08 13:46:04,5982,PHÁT HIỆN VI PHẠM VIDEO,Xe máy - 59-82 - Vi phạm: Đè vạch dừng,"Video: demo_video.mp4, Frame: 215, Độ rõ: Rõ"
2026-02-08 13:46:04,5005,PHÁT HIỆN VI PHẠM VIDEO,Xe máy - 500-5 - Vi phạm: Đè vạch dừng,"Video: demo_video.mp4, Frame: 220, Độ rõ: Rõ"
2026-02-08 13:46:04,Z8721,PHÁT HIỆN VI PHẠM VIDEO,Xe máy - Z-8721 (Mờ),"Video: demo_video.mp4, Frame: 230, Độ rõ: Mờ"
2026-02-08 13:46:04,814,PHÁT HIỆN VI PHẠM VIDEO,Xe máy - 8-14 - Vi phạm: Đè vạch dừng,"Video: demo_video.mp4, Frame: 235, Độ rõ: Rõ"
2026-02-08 13:46:04,5,PHÁT HIỆN VI PHẠM VIDEO,Xe máy - -5,"Video: demo_video.mp4, Frame: 245, Độ rõ: Rõ"
2026-02-08 13:46:04,70A26822,PHÁT HIỆN VI PHẠM VIDEO,Xe máy - 70A-26822,"Video: demo_video.mp4, Frame: 260, Độ rõ: Rõ"
2026-02-08 13:46:04,591079,PHÁT HIỆN VI PHẠM VIDEO,Xe máy - 591-079,"Video: demo_video.mp4, Frame: 260, Độ rõ: Rõ"
2026-02-08 13:46:04,5R9Y778079,PHÁT HIỆN VI PHẠM VIDEO,Xe máy - 5R9Y7-78079,"Video: demo_video.mp4, Frame: 265, Độ rõ: Rõ"
2026-02-08 13:46:04,59807,PHÁT HIỆN VI PHẠM VIDEO,Xe máy - 59-807 - Vi phạm: Đè vạch dừng,"Video: demo_video.mp4, Frame: 285, Độ rõ: Rõ"
2026-02-08 13:46:04,59178D079,PHÁT HIỆN VI PHẠM VIDEO,Xe máy - 591-78D079 - Vi phạm: Đè vạch dừng,"Video: demo_video.mp4, Frame: 290, Độ rõ: Rõ"
2026-02-08 13:46:04,519178079,PHÁT HIỆN VI PHẠM VIDEO,Xe máy - 5191-78079 - Vi phạm: Đè vạch dừng,"Video: demo_video.mp4, Frame: 295, Độ rõ: Rõ"
2026-02-08 13:46:04,59P1178079,PHÁT HIỆN VI PHẠM VIDEO,Xe máy - 59P11-78079 - Vi phạm: Đè vạch dừng,"Video: demo_video.mp4, Frame: 300, Độ rõ: Rõ"
2026-02-08 13:46:04,591178079,PHÁT HIỆN VI PHẠM VIDEO,Xe máy - 5911-78079 - Vi phạm: Đè vạch dừng,"Video: demo_video.mp4, Frame: 305, Độ rõ: Rõ"
2026-02-08 13:46:04,59178079,PHÁT HIỆN VI PHẠM VIDEO,Xe máy - 591-78079 - Vi phạm: Đè vạch dừng,"Video: demo_video.mp4, Frame: 330, Độ rõ: Rõ"
2026-02-08 13:46:04,178B2,PHÁT HIỆN VI PHẠM VIDEO,Xe máy - 1-78B2 - Vi phạm: Đè vạch dừng,"Video: demo_video.mp4, Frame: 340, Độ rõ: Rõ"
2026-02-08 13:46:04,757,PHÁT HIỆN VI PHẠM VIDEO,Xe máy - 7-57,"Video: demo_video.mp4, Frame: 340, Độ rõ: Rõ"
2026-02-08 13:46:04,525E,PHÁT HIỆN VI PHẠM VIDEO,Xe máy - 52-5E,"Video: demo_video.mp4, Frame: 345, Độ rõ: Rõ"
2026-02-08 13:46:04,59R2553,PHÁT HIỆN VI PHẠM VIDEO,Xe máy - 59R2-553,"Video: demo_video.mp4, Frame: 350, Độ rõ: Rõ"
2026-02-08 13:46:04,59RR27553,PHÁT HIỆN VI PHẠM VIDEO,Xe máy - 59RR2-7553,"Video: demo_video.mp4, Frame: 355, Độ rõ: Rõ"
2026-02-08 13:46:04,59253,PHÁT HIỆN VI PHẠM VIDEO,Xe máy - 592-53,"Video: demo_video.mp4, Frame: 360, Độ rõ: Rõ"
2026-02-08 13:46:04,5TR273,PHÁT HIỆN VI PHẠM VIDEO,Xe máy - 5TR2-73,"Video: demo_video.mp4, Frame: 365, Độ rõ: Rõ"
2026-02-08 13:46:04,9124253,PHÁT HIỆN VI PHẠM VIDEO,Xe máy - 912-4253,"Video: demo_video.mp4, Frame: 370, Độ rõ: Rõ"
2026-02-08 13:46:04,52425,PHÁT HIỆN VI PHẠM VIDEO,Xe máy - 52-425 - Vi phạm: Đè vạch dừng,"Video: demo_video.mp4, Frame: 375, Độ rõ: Rõ"
2026-02-08 13:46:04,524253,PHÁT HIỆN VI PHẠM VIDEO,Xe máy - 52-4253 - Vi phạm: Đè vạch dừng,"Video: demo_video.mp4, Frame: 380, Độ rõ: Rõ"
2026-02-08 13:46:04,3242353,PHÁT HIỆN VI PHẠM VIDEO,Xe máy - 32-42353 - Vi phạm: Đè vạch dừng,"Video: demo_video.mp4, Frame: 385, Độ rõ: Rõ"
2026-02-08 13:46:04,242553,PHÁT HIỆN VI PHẠM VIDEO,Xe máy - 2-42553 - Vi phạm: Đè vạch dừng,"Video: demo_video.mp4, Frame: 390, Độ rõ: Rõ"
2026-02-08 13:46:04,527T31650,PHÁT HIỆN VI PHẠM VIDEO,Xe máy - 527T3-1650,"Video: demo_video.mp4, Frame: 415, Độ rõ: Rõ"
2026-02-08 13:46:04,59T321650,PHÁT HIỆN VI PHẠM VIDEO,Xe máy - 59T3-21650,"Video: demo_video.mp4, Frame: 420, Độ rõ: Rõ"
2026-02-08 13:46:04,592T321650,PHÁT HIỆN VI PHẠM VIDEO,Xe máy - 592T3-21650,"Video: demo_video.mp4, Frame: 425, Độ rõ: Rõ"
2026-02-08 13:46:04,59T21630,PHÁT HIỆN VI PHẠM VIDEO,Xe máy - 59T-21630 - Vi phạm: Đè vạch dừng,"Video: demo_video.mp4, Frame: 440, Độ rõ: Rõ"
2026-02-08 13:46:04,59321650,PHÁT HIỆN VI PHẠM VIDEO,Xe máy - 593-21650 - Vi phạm: Đè vạch dừng,"Video: demo_video.mp4, Frame: 445, Độ rõ: Rõ"
2026-02-08 13:46:04,5D106,PHÁT HIỆN VI PHẠM VIDEO,Xe máy - 5D-106,"Video: demo_video.mp4, Frame: 465, Độ rõ: Rõ"
2026-02-08 13:46:04,39T321650,PHÁT HIỆN VI PHẠM VIDEO,Xe máy - 39T3-21650 - Vi phạm: Đè vạch dừng,"Video: demo_video.mp4, Frame: 465, Độ rõ: Rõ"
2026-02-08 13:46:04,50E106E,PHÁT HIỆN VI PHẠM VIDEO,Xe máy - 50E-106E,"Video: demo_video.mp4, Frame: 470, Độ rõ: Rõ"
2026-02-08 13:46:04,59T3260,PHÁT HIỆN VI PHẠM VIDEO,Xe máy - 59T3-260,"Video: demo_video.mp4, Frame: 470, Độ rõ: Rõ"
2026-02-08 13:46:04,5DE10630,PHÁT HIỆN VI PHẠM VIDEO,Xe máy - 5DE-10630,"Video: demo_video.mp4, Frame: 475, Độ rõ: Rõ"
2026-02-08 13:46:04,39V321650,PHÁT HIỆN VI PHẠM VIDEO,Xe máy - 39V3-21650 - Vi phạm: Đè vạch dừng,"Video: demo_video.mp4, Frame: 475, Độ rõ: Rõ"
2026-02-08 13:46:04,5E10630,PHÁT HIỆN VI PHẠM VIDEO,Xe máy - 5E-10630,"Video: demo_video.mp4, Frame: 485, Độ rõ: Rõ"
2026-02-08 13:46:04,50E10630,PHÁT HIỆN VI PHẠM VIDEO,Xe máy - 50E-10630,"Video: demo_video.mp4, Frame: 490, Độ rõ: Rõ"
2026-02-08 13:46:04,59321630,PHÁT HIỆN VI PHẠM VIDEO,Xe máy - 593-21630 - Vi phạm: Đè vạch dừng,"Video: demo_video.mp4, Frame: 490, Độ rõ: Rõ"
2026-02-08 13:46:04,6DE10623D,PHÁT HIỆN VI PHẠM VIDEO,Xe máy - 6DE-10623D,"Video: demo_video.mp4, Frame: 500, Độ rõ: Rõ"
2026-02-08 13:46:04,47A81773,PHÁT HIỆN VI PHẠM VIDEO,Xe máy - 47A-81773,"Video: demo_video.mp4, Frame: 500, Độ rõ: Rõ"
2026-02-08 13:46:04,Y960218E0,PHÁT HIỆN VI PHẠM VIDEO,Xe máy - Y960-218E0 - Vi phạm: Đè vạch dừng,"Video: demo_video.mp4, Frame: 500, Độ rõ: Rõ"
2026-02-08 13:46:04,5010630,PHÁT HIỆN VI PHẠM VIDEO,Xe máy - 50-10630,"Video: demo_video.mp4, Frame: 505, Độ rõ: Rõ"
2026-02-08 13:46:04,59321760,PHÁT HIỆN VI PHẠM VIDEO,Xe máy - 593-21760 - Vi phạm: Đè vạch dừng,"Video: demo_video.mp4, Frame: 505, Độ rõ: Rõ"
2026-02-08 13:52:01,1X1408503,PHÁT HIỆN VI PHẠM,Xe máy - 1X14-08503 - Vi phạm: Đè vạch dừng,Video: demo_video.mp4 - Frame 5
2026-02-08 13:52:02,81108503,PHÁT HIỆN VI PHẠM,Xe máy - 811-08503 - Vi phạm: Đè vạch dừng,Video: demo_video.mp4 - Frame 10
2026-02-08 13:52:04,59706868,PHÁT HIỆN VI PHẠM,Xe máy - 597-06868 - Vi phạm: Đè vạch dừng,Video: demo_video.mp4 - Frame 35
2026-02-08 13:52:05,97B0688,PHÁT HIỆN VI PHẠM,Xe máy - 97B-0688 - Vi phạm: Đè vạch dừng,Video: demo_video.mp4 - Frame 40
2026-02-08 13:52:06,91B58,PHÁT HIỆN VI PHẠM,Xe máy - 91B-58 - Vi phạm: Đè vạch dừng,Video: demo_video.mp4 - Frame 50
2026-02-08 13:52:06,8,PHÁT HIỆN VI PHẠM,Xe máy - -8 - Vi phạm: Đè vạch dừng,Video: demo_video.mp4 - Frame 50
2026-02-08 13:52:13,61H159850,PHÁT HIỆN VI PHẠM,Xe máy - 61H1-59850 - Vi phạm: Đè vạch dừng,Video: demo_video.mp4 - Frame 135
2026-02-08 13:52:15,59214,PHÁT HIỆN VI PHẠM,Xe máy - 59-214 - Vi phạm: Đè vạch dừng,Video: demo_video.mp4 - Frame 150
2026-02-08 13:52:15,6918214,PHÁT HIỆN VI PHẠM,Xe máy - 69-18214 - Vi phạm: Đè vạch dừng,Video: demo_video.mp4 - Frame 155
2026-02-08 13:52:15,61R159850,PHÁT HIỆN VI PHẠM,Xe máy - 61R1-59850 - Vi phạm: Đè vạch dừng,Video: demo_video.mp4 - Frame 155
2026-02-08 13:52:16,59R18214,PHÁT HIỆN VI PHẠM,Xe máy - 59R-18214 - Vi phạm: Đè vạch dừng,Video: demo_video.mp4 - Frame 160
2026-02-08 13:52:16,59RA18214,PHÁT HIỆN VI PHẠM,Xe máy - 59RA-18214 - Vi phạm: Đè vạch dừng,Video: demo_video.mp4 - Frame 165
2026-02-08 13:52:17,69RA18214,PHÁT HIỆN VI PHẠM,Xe máy - 69RA-18214 - Vi phạm: Đè vạch dừng,Video: demo_video.mp4 - Frame 170
2026-02-08 13:52:18,5R18214,PHÁT HIỆN VI PHẠM,Xe máy - 5R-18214 - Vi phạm: Đè vạch dừng,Video: demo_video.mp4 - Frame 180
2026-02-08 13:52:18,R59850,PHÁT HIỆN VI PHẠM,Xe máy - R-59850 - Vi phạm: Đè vạch dừng,Video: demo_video.mp4 - Frame 180
2026-02-08 13:52:18,69R1821,PHÁT HIỆN VI PHẠM,Xe máy - 69R-1821 - Vi phạm: Đè vạch dừng,Video: demo_video.mp4 - Frame 185
2026-02-08 13:52:18,1Z15980,PHÁT HIỆN VI PHẠM,Xe máy - 1Z1-5980 - Vi phạm: Đè vạch dừng,Video: demo_video.mp4 - Frame 185
2026-02-08 13:52:19,59R121,PHÁT HIỆN VI PHẠM,Xe máy - 59R-121 - Vi phạm: Đè vạch dừng,Video: demo_video.mp4 - Frame 190
2026-02-08 13:52:19,59A18214,PHÁT HIỆN VI PHẠM,Xe máy - 59A-18214 - Vi phạm: Đè vạch dừng,Video: demo_video.mp4 - Frame 195
2026-02-08 13:52:20,59R1821,PHÁT HIỆN VI PHẠM,Xe máy - 59R-1821 - Vi phạm: Đè vạch dừng,Video: demo_video.mp4 - Frame 200
2026-02-08 13:52:20,5917214,PHÁT HIỆN VI PHẠM,Xe máy - 59-17214 - Vi phạm: Đè vạch dừng,Video: demo_video.mp4 - Frame 205
2026-02-08 13:52:21,59R8214,PHÁT HIỆN VI PHẠM,Xe máy - 59R-8214 - Vi phạm: Đè vạch dừng,Video: demo_video.mp4 - Frame 210
2026-02-08 13:52:21,5982,PHÁT HIỆN VI PHẠM,Xe máy - 59-82 - Vi phạm: Đè vạch dừng,Video: demo_video.mp4 - Frame 215
2026-02-08 13:52:22,5005,PHÁT HIỆN VI PHẠM,Xe máy - 500-5 - Vi phạm: Đè vạch dừng,Video: demo_video.mp4 - Frame 220
2026-02-08 13:52:22,Z8721,PHÁT HIỆN VI PHẠM,Xe máy - Z-8721 (Mờ),Video: demo_video.mp4 - Frame 230
2026-02-08 13:52:23,814,PHÁT HIỆN VI PHẠM,Xe máy - 8-14 - Vi phạm: Đè vạch dừng,Video: demo_video.mp4 - Frame 235
2026-02-08 13:52:27,59807,PHÁT HIỆN VI PHẠM,Xe máy - 59-807 - Vi phạm: Đè vạch dừng,Video: demo_video.mp4 - Frame 285
2026-02-08 13:52:27,59178D079,PHÁT HIỆN VI PHẠM,Xe máy - 591-78D079 - Vi phạm: Đè vạch dừng,Video: demo_video.mp4 - Frame 290
2026-02-08 13:52:28,519178079,PHÁT HIỆN VI PHẠM,Xe máy - 5191-78079 - Vi phạm: Đè vạch dừng,Video: demo_video.mp4 - Frame 295
2026-02-08 13:52:28,59P1178079,PHÁT HIỆN VI PHẠM,Xe máy - 59P11-78079 - Vi phạm: Đè vạch dừng,Video: demo_video.mp4 - Frame 300
2026-02-08 13:52:29,591178079,PHÁT HIỆN VI PHẠM,Xe máy - 5911-78079 - Vi phạm: Đè vạch dừng,Video: demo_video.mp4 - Frame 305
2026-02-08 13:52:30,59178079,PHÁT HIỆN VI PHẠM,Xe máy - 591-78079 - Vi phạm: Đè vạch dừng,Video: demo_video.mp4 - Frame 330
2026-02-08 13:52:31,178B2,PHÁT HIỆN VI PHẠM,Xe máy - 1-78B2 - Vi phạm: Đè vạch dừng,Video: demo_video.mp4 - Frame 340
2026-02-08 13:52:35,52425,PHÁT HIỆN VI PHẠM,Xe máy - 52-425 - Vi phạm: Đè vạch dừng,Video: demo_video.mp4 - Frame 375
2026-02-08 13:52:35,524253,PHÁT HIỆN VI PHẠM,Xe máy - 52-4253 - Vi phạm: Đè vạch dừng,Video: demo_video.mp4 - Frame 380
2026-02-08 13:52:36,3242353,PHÁT HIỆN VI PHẠM,Xe máy - 32-42353 - Vi phạm: Đè vạch dừng,Video: demo_video.mp4 - Frame 385
2026-02-08 13:52:36,242553,PHÁT HIỆN VI PHẠM,Xe máy - 2-42553 - Vi phạm: Đè vạch dừng,Video: demo_video.mp4 - Frame 390
2026-02-08 13:52:40,59T21630,PHÁT HIỆN VI PHẠM,Xe máy - 59T-21630 - Vi phạm: Đè vạch dừng,Video: demo_video.mp4 - Frame 440
2026-02-08 13:52:40,59321650,PHÁT HIỆN VI PHẠM,Xe máy - 593-21650 - Vi phạm: Đè vạch dừng,Video: demo_video.mp4 - Frame 445
2026-02-08 13:52:42,39T321650,PHÁT HIỆN VI PHẠM,Xe máy - 39T3-21650 - Vi phạm: Đè vạch dừng,Video: demo_video.mp4 - Frame 465
2026-02-08 13:52:43,39V321650,PHÁT HIỆN VI PHẠM,Xe máy - 39V3-21650 - Vi phạm: Đè vạch dừng,Video: demo_video.mp4 - Frame 475
2026-02-08 13:52:45,59321630,PHÁT HIỆN VI PHẠM,Xe máy - 593-21630 - Vi phạm: Đè vạch dừng,Video: demo_video.mp4 - Frame 490
2026-02-08 13:52:46,Y960218E0,PHÁT HIỆN VI PHẠM,Xe máy - Y960-218E0 - Vi phạm: Đè vạch dừng,Video: demo_video.mp4 - Frame 500
2026-02-08 13:52:47,59321760,PHÁT HIỆN VI PHẠM,Xe máy - 593-21760 - Vi phạm: Đè vạch dừng,Video: demo_video.mp4 - Frame 505
2026-02-08 13:52:47,597B05868,PHÁT HIỆN VI PHẠM VIDEO,Xe máy - 597B-05868,"Video: demo_video.mp4, Frame: 5, Độ rõ: Rõ"
2026-02-08 13:52:47,1X1408503,PHÁT HIỆN VI PHẠM VIDEO,Xe máy - 1X14-08503 - Vi phạm: Đè vạch dừng,"Video: demo_video.mp4, Frame: 5, Độ rõ: Rõ"
2026-02-08 13:52:47,47A61773,PHÁT HIỆN VI PHẠM VIDEO,Xe máy - 47A-61773,"Video: demo_video.mp4, Frame: 5, Độ rõ: Rõ"
2026-02-08 13:52:47,910861,PHÁT HIỆN VI PHẠM VIDEO,Xe máy - 9-10861,"Video: demo_video.mp4, Frame: 5, Độ rõ: Rõ"
2026-02-08 13:52:47,81108503,PHÁT HIỆN VI PHẠM VIDEO,Xe máy - 811-08503 - Vi phạm: Đè vạch dừng,"Video: demo_video.mp4, Frame: 10, Độ rõ: Rõ"
2026-02-08 13:52:47,59B05868,PHÁT HIỆN VI PHẠM VIDEO,Xe máy - 59B-05868,"Video: demo_video.mp4, Frame: 15, Độ rõ: Rõ"
2026-02-08 13:52:47,59B0568,PHÁT HIỆN VI PHẠM VIDEO,Xe máy - 59B-0568,"Video: demo_video.mp4, Frame: 20, Độ rõ: Rõ"
2026-02-08 13:52:47,97B06868,PHÁT HIỆN VI PHẠM VIDEO,Xe máy - 97B-06868,"Video: demo_video.mp4, Frame: 25, Độ rõ: Rõ"
2026-02-08 13:52:47,51861,PHÁT HIỆN VI PHẠM VIDEO,Xe máy - 5-1861,"Video: demo_video.mp4, Frame: 25, Độ rõ: Rõ"
2026-02-08 13:52:47,597B06868,PHÁT HIỆN VI PHẠM VIDEO,Xe máy - 597B-06868,"Video: demo_video.mp4, Frame: 30, Độ rõ: Rõ"
2026-02-08 13:52:47,59706868,PHÁT HIỆN VI PHẠM VIDEO,Xe máy - 597-06868 - Vi phạm: Đè vạch dừng,"Video: demo_video.mp4, Frame: 35, Độ rõ: Rõ"
2026-02-08 13:52:47,97B0688,PHÁT HIỆN VI PHẠM VIDEO,Xe máy - 97B-0688 - Vi phạm: Đè vạch dừng,"Video: demo_video.mp4, Frame: 40, Độ rõ: Rõ"
2026-02-08 13:52:47,59B06868,PHÁT HIỆN VI PHẠM VIDEO,Xe máy - 59B-06868,"Video: demo_video.mp4, Frame: 45, Độ rõ: Rõ"
2026-02-08 13:52:47,70A26872,PHÁT HIỆN VI PHẠM VIDEO,Xe máy - 70A-26872,"Video: demo_video.mp4, Frame: 45, Độ rõ: Rõ"
2026-02-08 13:52:47,59410861,PHÁT HIỆN VI PHẠM VIDEO,Xe máy - 594-10861 (Mờ),"Video: demo_video.mp4, Frame: 45, Độ rõ: Mờ"
2026-02-08 13:52:47,91B58,PHÁT HIỆN VI PHẠM VIDEO,Xe máy - 91B-58 - Vi phạm: Đè vạch dừng,"Video: demo_video.mp4, Frame: 50, Độ rõ: Rõ"
2026-02-08 13:52:47,7D126872,PHÁT HIỆN VI PHẠM VIDEO,Xe máy - 7D1-26872,"Video: demo_video.mp4, Frame: 50, Độ rõ: Rõ"
2026-02-08 13:52:47,8,PHÁT HIỆN VI PHẠM VIDEO,Xe máy - -8 - Vi phạm: Đè vạch dừng,"Video: demo_video.mp4, Frame: 50, Độ rõ: Rõ"
2026-02-08 13:52:47,991081,PHÁT HIỆN VI PHẠM VIDEO,Xe máy - 99-1081,"Video: demo_video.mp4, Frame: 55, Độ rõ: Rõ"
2026-02-08 13:52:47,7DA26872,PHÁT HIỆN VI PHẠM VIDEO,Xe máy - 7DA-26872,"Video: demo_video.mp4, Frame: 55, Độ rõ: Rõ"
2026-02-08 13:52:47,X910861,PHÁT HIỆN VI PHẠM VIDEO,Xe máy - X9-10861,"Video: demo_video.mp4, Frame: 60, Độ rõ: Rõ"
2026-02-08 13:52:47,5910558,PHÁT HIỆN VI PHẠM VIDEO,Xe máy - 591-0558,"Video: demo_video.mp4, Frame: 65, Độ rõ: Rõ"
2026-02-08 13:52:47,5910861,PHÁT HIỆN VI PHẠM VIDEO,Xe máy - 59-10861,"Video: demo_video.mp4, Frame: 70, Độ rõ: Rõ"
2026-02-08 13:52:47,91110861,PHÁT HIỆN VI PHẠM VIDEO,Xe máy - 911-10861,"Video: demo_video.mp4, Frame: 75, Độ rõ: Rõ"
2026-02-08 13:52:47,59110861,PHÁT HIỆN VI PHẠM VIDEO,Xe máy - 591-10861,"Video: demo_video.mp4, Frame: 105, Độ rõ: Rõ"
2026-02-08 13:52:47,972,PHÁT HIỆN VI PHẠM VIDEO,Xe máy - 9-72 (Mờ),"Video: demo_video.mp4, Frame: 120, Độ rõ: Mờ"
2026-02-08 13:52:47,59R12,PHÁT HIỆN VI PHẠM VIDEO,Xe máy - 59R-12 (Mờ),"Video: demo_video.mp4, Frame: 125, Độ rõ: Mờ"
2026-02-08 13:52:47,F9824,PHÁT HIỆN VI PHẠM VIDEO,Xe máy - F9-824 (Mờ),"Video: demo_video.mp4, Frame: 130, Độ rõ: Mờ"
2026-02-08 13:52:47,9R1212,PHÁT HIỆN VI PHẠM VIDEO,Xe máy - 9R-1212 (Mờ),"Video: demo_video.mp4, Frame: 135, Độ rõ: Mờ"
2026-02-08 13:52:47,61H159850,PHÁT HIỆN VI PHẠM VIDEO,Xe máy - 61H1-59850 - Vi phạm: Đè vạch dừng,"Video: demo_video.mp4, Frame: 135, Độ rõ: Rõ"
2026-02-08 13:52:47,5R78214,PHÁT HIỆN VI PHẠM VIDEO,Xe máy - 5R-78214,"Video: demo_video.mp4, Frame: 140, Độ rõ: Rõ"
2026-02-08 13:52:47,59Y1161,PHÁT HIỆN VI PHẠM VIDEO,Xe máy - 59Y1-161,"Video: demo_video.mp4, Frame: 140, Độ rõ: Rõ"
2026-02-08 13:52:47,59R7821,PHÁT HIỆN VI PHẠM VIDEO,Xe máy - 59R-7821,"Video: demo_video.mp4, Frame: 145, Độ rõ: Rõ"
2026-02-08 13:52:47,59214,PHÁT HIỆN VI PHẠM VIDEO,Xe máy - 59-214 - Vi phạm: Đè vạch dừng,"Video: demo_video.mp4, Frame: 150, Độ rõ: Rõ"
2026-02-08 13:52:47,6918214,PHÁT HIỆN VI PHẠM VIDEO,Xe máy - 69-18214 - Vi phạm: Đè vạch dừng,"Video: demo_video.mp4, Frame: 155, Độ rõ: Rõ"
2026-02-08 13:52:47,61R159850,PHÁT HIỆN VI PHẠM VIDEO,Xe máy - 61R1-59850 - Vi phạm: Đè vạch dừng,"Video: demo_video.mp4, Frame: 155, Độ rõ: Rõ"
2026-02-08 13:52:47,59R18214,PHÁT HIỆN VI PHẠM VIDEO,Xe máy - 59R-18214 - Vi phạm: Đè vạch dừng,"Video: demo_video.mp4, Frame: 160, Độ rõ: Rõ"
2026-02-08 13:52:47,59RA18214,PHÁT HIỆN VI PHẠM VIDEO,Xe máy - 59RA-18214 - Vi phạm: Đè vạch dừng,"Video: demo_video.mp4, Frame: 165, Độ rõ: Rõ"
2026-02-08 13:52:47,69RA18214,PHÁT HIỆN VI PHẠM VIDEO,Xe máy - 69RA-18214 - Vi phạm: Đè vạch dừng,"Video: demo_video.mp4, Frame: 170, Độ rõ: Rõ"
2026-02-08 13:52:47,5R18214,PHÁT HIỆN VI PHẠM VIDEO,Xe máy - 5R-18214 - Vi phạm: Đè vạch dừng,"Video: demo_video.mp4, Frame: 180, Độ rõ: Rõ"
2026-02-08 13:52:47,R59850,PHÁT HIỆN VI PHẠM VIDEO,Xe máy - R-59850 - Vi phạm: Đè vạch dừng,"Video: demo_video.mp4, Frame: 180, Độ rõ: Rõ"
2026-02-08 13:52:47,69R1821,PHÁT HIỆN VI PHẠM VIDEO,Xe máy - 69R-1821 - Vi phạm: Đè vạch dừng,"Video: demo_video.mp4, Frame: 185, Độ rõ: Rõ"
2026-02-08 13:52:47,1Z15980,PHÁT HIỆN VI PHẠM VIDEO,Xe máy - 1Z1-5980 - Vi phạm: Đè vạch dừng,"Video: demo_video.mp4, Frame: 185, Độ rõ: Rõ"
2026-02-08 13:52:47,59R121,PHÁT HIỆN VI PHẠM VIDEO,Xe máy - 59R-121 - Vi phạm: Đè vạch dừng,"Video: demo_video.mp4, Frame: 190, Độ rõ: Rõ"
2026-02-08 13:52:47,59A18214,PHÁT HIỆN VI PHẠM VIDEO,Xe máy - 59A-18214 - Vi phạm: Đè vạch dừng,"Video: demo_video.mp4, Frame: 195, Độ rõ: Rõ"
2026-02-08 13:52:47,59R1821,PHÁT HIỆN VI PHẠM VIDEO,Xe máy - 59R-1821 - Vi phạm: Đè vạch dừng,"Video: demo_video.mp4, Frame: 200, Độ rõ: Rõ"
2026-02-08 13:52:47,5917214,PHÁT HIỆN VI PHẠM VIDEO,Xe máy - 59-17214 - Vi phạm: Đè vạch dừng,"Video: demo_video.mp4, Frame: 205, Độ rõ: Rõ"
2026-02-08 13:52:47,59R8214,PHÁT HIỆN VI PHẠM VIDEO,Xe máy - 59R-8214 - Vi phạm: Đè vạch dừng,"Video: demo_video.mp4, Frame: 210, Độ rõ: Rõ"
2026-02-08 13:52:47,8120,PHÁT HIỆN VI PHẠM VIDEO,Xe máy - 81-20,"Video: demo_video.mp4, Frame: 215, Độ rõ: Rõ"
2026-02-08 13:52:47,5982,PHÁT HIỆN VI PHẠM VIDEO,Xe máy - 59-82 - Vi phạm: Đè vạch dừng,"Video: demo_video.mp4, Frame: 215, Độ rõ: Rõ"
2026-02-08 13:52:47,5005,PHÁT HIỆN VI PHẠM VIDEO,Xe máy - 500-5 - Vi phạm: Đè vạch dừng,"Video: demo_video.mp4, Frame: 220, Độ rõ: Rõ"
2026-02-08 13:52:47,Z8721,PHÁT HIỆN VI PHẠM VIDEO,Xe máy - Z-8721 (Mờ),"Video: demo_video.mp4, Frame: 230, Độ rõ: Mờ"
2026-02-08 13:52:47,814,PHÁT HIỆN VI PHẠM VIDEO,Xe máy - 8-14 - Vi phạm: Đè vạch dừng,"Video: demo_video.mp4, Frame: 235, Độ rõ: Rõ"
2026-02-08 13:52:47,5,PHÁT HIỆN VI PHẠM VIDEO,Xe máy - -5,"Video: demo_video.mp4, Frame: 245, Độ rõ: Rõ"
2026-02-08 13:52:47,70A26822,PHÁT HIỆN VI PHẠM VIDEO,Xe máy - 70A-26822,"Video: demo_video.mp4, Frame: 260, Độ rõ: Rõ"
2026-02-08 13:52:47,591079,PHÁT HIỆN VI PHẠM VIDEO,Xe máy - 591-079,"Video: demo_video.mp4, Frame: 260, Độ rõ: Rõ"
2026-02-08 13:52:47,5R9Y778079,PHÁT HIỆN VI PHẠM VIDEO,Xe máy - 5R9Y7-78079,"Video: demo_video.mp4, Frame: 265, Độ rõ: Rõ"
2026-02-08 13:52:47,59807,PHÁT HIỆN VI PHẠM VIDEO,Xe máy - 59-807 - Vi phạm: Đè vạch dừng,"Video: demo_video.mp4, Frame: 285, Độ rõ: Rõ"
2026-02-08 13:52:47,59178D079,PHÁT HIỆN VI PHẠM VIDEO,Xe máy - 591-78D079 - Vi phạm: Đè vạch dừng,"Video: demo_video.mp4, Frame: 290, Độ rõ: Rõ"
2026-02-08 13:52:47,519178079,PHÁT HIỆN VI PHẠM VIDEO,Xe máy - 5191-78079 - Vi phạm: Đè vạch dừng,"Video: demo_video.mp4, Frame: 295, Độ rõ: Rõ"
2026-02-08 13:52:47,59P1178079,PHÁT HIỆN VI PHẠM VIDEO,Xe máy - 59P11-78079 - Vi phạm: Đè vạch dừng,"Video: demo_video.mp4, Frame: 300, Độ rõ: Rõ"
2026-02-08 13:52:47,591178079,PHÁT HIỆN VI PHẠM VIDEO,Xe máy - 5911-78079 - Vi phạm: Đè vạch dừng,"Video: demo_video.mp4, Frame: 305, Độ rõ: Rõ"
2026-02-08 13:52:47,59178079,PHÁT HIỆN VI PHẠM VIDEO,Xe máy - 591-78079 - Vi phạm: Đè vạch dừng,"Video: demo_video.mp4, Frame: 330, Độ rõ: Rõ"
2026-02-08 13:52:47,178B2,PHÁT HIỆN VI PHẠM VIDEO,Xe máy - 1-78B2 - Vi phạm: Đè vạch dừng,"Video: demo_video.mp4, Frame: 340, Độ rõ: Rõ"
2026-02-08 13:52:47,757,PHÁT HIỆN VI PHẠM VIDEO,Xe máy - 7-57,"Video: demo_video.mp4, Frame: 340, Độ rõ: Rõ"
2026-02-08 13:52:47,525E,PHÁT HIỆN VI PHẠM VIDEO,Xe máy - 52-5E,"Video: demo_video.mp4, Frame: 345, Độ rõ: Rõ"
2026-02-08 13:52:47,59R2553,PHÁT HIỆN VI PHẠM VIDEO,Xe máy - 59R2-553,"Video: demo_video.mp4, Frame: 350, Độ rõ: Rõ"
2026-02-08 13:52:47,59RR27553,PHÁT HIỆN VI PHẠM VIDEO,Xe máy - 59RR2-7553,"Video: demo_video.mp4, Frame: 355, Độ rõ: Rõ"
2026-02-08 13:52:47,59253,PHÁT HIỆN VI PHẠM VIDEO,Xe máy - 592-53,"Video: demo_video.mp4, Frame: 360, Độ rõ: Rõ"
2026-02-08 13:52:47,5TR273,PHÁT HIỆN VI PHẠM VIDEO,Xe máy - 5TR2-73,"Video: demo_video.mp4, Frame: 365, Độ rõ: Rõ"
2026-02-08 13:52:47,9124253,PHÁT HIỆN VI PHẠM VIDEO,Xe máy - 912-4253,"Video: demo_video.mp4, Frame: 370, Độ rõ: Rõ"
2026-02-08 13:52:47,52425,PHÁT HIỆN VI PHẠM VIDEO,Xe máy - 52-425 - Vi phạm: Đè vạch dừng,"Video: demo_video.mp4, Frame: 375, Độ rõ: Rõ"
2026-02-08 13:52:47,524253,PHÁT HIỆN VI PHẠM VIDEO,Xe máy - 52-4253 - Vi phạm: Đè vạch dừng,"Video: demo_video.mp4, Frame: 380, Độ rõ: Rõ"
2026-02-08 13:52:47,3242353,PHÁT HIỆN VI PHẠM VIDEO,Xe máy - 32-42353 - Vi phạm: Đè vạch dừng,"Video: demo_video.mp4, Frame: 385, Độ rõ: Rõ"
2026-02-08 13:52:47,242553,PHÁT HIỆN VI PHẠM VIDEO,Xe máy - 2-42553 - Vi phạm: Đè vạch dừng,"Video: demo_video.mp4, Frame: 390, Độ rõ: Rõ"
2026-02-08 13:52:47,527T31650,PHÁT HIỆN VI PHẠM VIDEO,Xe máy - 527T3-1650,"Video: demo_video.mp4, Frame: 415, Độ rõ: Rõ"
2026-02-08 13:52:47,59T321650,PHÁT HIỆN VI PHẠM VIDEO,Xe máy - 59T3-21650,"Video: demo_video.mp4, Frame: 420, Độ rõ: Rõ"
2026-02-08 13:52:47,592T321650,PHÁT HIỆN VI PHẠM VIDEO,Xe máy - 592T3-21650,"Video: demo_video.mp4, Frame: 425, Độ rõ: Rõ"
2026-02-08 13:52:47,59T21630,PHÁT HIỆN VI PHẠM VIDEO,Xe máy - 59T-21630 - Vi phạm: Đè vạch dừng,"Video: demo_video.mp4, Frame: 440, Độ rõ: Rõ"
2026-02-08 13:52:47,59321650,PHÁT HIỆN VI PHẠM VIDEO,Xe máy - 593-21650 - Vi phạm: Đè vạch dừng,"Video: demo_video.mp4, Frame: 445, Độ rõ: Rõ"
2026-02-08 13:52:47,5D106,PHÁT HIỆN VI PHẠM VIDEO,Xe máy - 5D-106,"Video: demo_video.mp4, Frame: 465, Độ rõ: Rõ"
2026-02-08 13:52:47,39T321650,PHÁT HIỆN VI PHẠM VIDEO,Xe máy - 39T3-21650 - Vi phạm: Đè vạch dừng,"Video: demo_video.mp4, Frame: 465, Độ rõ: Rõ"
2026-02-08 13:52:47,50E106E,PHÁT HIỆN VI PHẠM VIDEO,Xe máy - 50E-106E,"Video: demo_video.mp4, Frame: 470, Độ rõ: Rõ"
2026-02-08 13:52:47,59T3260,PHÁT HIỆN VI PHẠM VIDEO,Xe máy - 59T3-260,"Video: demo_video.mp4, Frame: 470, Độ rõ: Rõ"
2026-02-08 13:52:47,5DE10630,PHÁT HIỆN VI PHẠM VIDEO,Xe máy - 5DE-10630,"Video: demo_video.mp4, Frame: 475, Độ rõ: Rõ"
2026-02-08 13:52:47,39V321650,PHÁT HIỆN VI PHẠM VIDEO,Xe máy - 39V3-21650 - Vi phạm: Đè vạch dừng,"Video: demo_video.mp4, Frame: 475, Độ rõ: Rõ"
2026-02-08 13:52:47,5E10630,PHÁT HIỆN VI PHẠM VIDEO,Xe máy - 5E-10630,"Video: demo_video.mp4, Frame: 485, Độ rõ: Rõ"
2026-02-08 13:52:47,50E10630,PHÁT HIỆN VI PHẠM VIDEO,Xe máy - 50E-10630,"Video: demo_video.mp4, Frame: 490, Độ rõ: Rõ"
2026-02-08 13:52:47,59321630,PHÁT HIỆN VI PHẠM VIDEO,Xe máy - 593-21630 - Vi phạm: Đè vạch dừng,"Video: demo_video.mp4, Frame: 490, Độ rõ: Rõ"
2026-02-08 13:52:47,6DE10623D,PHÁT HIỆN VI PHẠM VIDEO,Xe máy - 6DE-10623D,"Video: demo_video.mp4, Frame: 500, Độ rõ: Rõ"
2026-02-08 13:52:47,47A81773,PHÁT HIỆN VI PHẠM VIDEO,Xe máy - 47A-81773,"Video: demo_video.mp4, Frame: 500, Độ rõ: Rõ"
2026-02-08 13:52:47,Y960218E0,PHÁT HIỆN VI PHẠM VIDEO,Xe máy - Y960-218E0 - Vi phạm: Đè vạch dừng,"Video: demo_video.mp4, Frame: 500, Độ rõ: Rõ"
2026-02-08 13:52:47,5010630,PHÁT HIỆN VI PHẠM VIDEO,Xe máy - 50-10630,"Video: demo_video.mp4, Frame: 505, Độ rõ: Rõ"
2026-02-08 13:52:47,59321760,PHÁT HIỆN VI PHẠM VIDEO,Xe máy - 593-21760 - Vi phạm: Đè vạch dừng,"Video: demo_video.mp4, Frame: 505, Độ rõ: Rõ"
2026-02-08 14:01:04,1100503,PHÁT HIỆN VI PHẠM VIDEO,Xe máy - 11-00503 - Vi phạm: Đ,"Video: demo_video.mp4, Frame: 1, Độ rõ: Rõ"
2026-02-08 14:01:04,81100E03,PHÁT HIỆN VI PHẠM VIDEO,Xe máy - 811-00E03 - Vi phạm: ,"Video: demo_video.mp4, Frame: 2, Độ rõ: Rõ"
2026-02-08 14:01:04,81108503,PHÁT HIỆN VI PHẠM VIDEO,Xe máy - 811-08503 - Vi phạm: ,"Video: demo_video.mp4, Frame: 3, Độ rõ: Rõ"
2026-02-08 14:01:04,59B05868,PHÁT HIỆN VI PHẠM VIDEO,Xe máy - 59B-05868 - Vi phạm: ,"Video: demo_video.mp4, Frame: 4, Độ rõ: Rõ"
2026-02-08 14:01:04,597B05868,PHÁT HIỆN VI PHẠM VIDEO,Xe máy - 597B-05868,"Video: demo_video.mp4, Frame: 5, Độ rõ: Rõ"
2026-02-08 14:01:04,5T50F,PHÁT HIỆN VI PHẠM VIDEO,Xe máy - 5T-50F (Mờ),"Video: demo_video.mp4, Frame: 18, Độ rõ: Mờ"
2026-02-08 14:01:04,59B58,PHÁT HIỆN VI PHẠM VIDEO,Xe máy - 59B-58,"Video: demo_video.mp4, Frame: 19, Độ rõ: Rõ"
2026-02-08 14:01:04,59B0568,PHÁT HIỆN VI PHẠM VIDEO,Xe máy - 59B-0568,"Video: demo_video.mp4, Frame: 20, Độ rõ: Rõ"
2026-02-08 14:01:04,597B5568,PHÁT HIỆN VI PHẠM VIDEO,Xe máy - 597B-5568,"Video: demo_video.mp4, Frame: 21, Độ rõ: Rõ"
2026-02-08 14:01:04,597BB68,PHÁT HIỆN VI PHẠM VIDEO,Xe máy - 597B-B68,"Video: demo_video.mp4, Frame: 22, Độ rõ: Rõ"
2026-02-08 14:01:04,597B0868,PHÁT HIỆN VI PHẠM VIDEO,Xe máy - 597B-0868,"Video: demo_video.mp4, Frame: 23, Độ rõ: Rõ"
2026-02-08 14:01:04,47A61773,PHÁT HIỆN VI PHẠM VIDEO,Xe máy - 47A-61773,"Video: demo_video.mp4, Frame: 25, Độ rõ: Rõ"
2026-02-08 14:01:04,597B06868,PHÁT HIỆN VI PHẠM VIDEO,Xe máy - 597B-06868,"Video: demo_video.mp4, Frame: 27, Độ rõ: Rõ"
2026-02-08 14:01:04,59M706868,PHÁT HIỆN VI PHẠM VIDEO,Xe máy - 59M7-06868,"Video: demo_video.mp4, Frame: 28, Độ rõ: Rõ"
2026-02-08 14:01:04,59706868,PHÁT HIỆN VI PHẠM VIDEO,Xe máy - 597-06868 - Vi phạm: ,"Video: demo_video.mp4, Frame: 35, Độ rõ: Rõ"
2026-02-08 14:01:04,97B0688,PHÁT HIỆN VI PHẠM VIDEO,Xe máy - 97B-0688 - Vi phạm: Đ,"Video: demo_video.mp4, Frame: 40, Độ rõ: Rõ"
2026-02-08 14:01:04,59B0868,PHÁT HIỆN VI PHẠM VIDEO,Xe máy - 59B-0868,"Video: demo_video.mp4, Frame: 43, Độ rõ: Rõ"
2026-02-08 14:01:04,91B58,PHÁT HIỆN VI PHẠM VIDEO,Xe máy - 91B-58 - Vi phạm: Đè ,"Video: demo_video.mp4, Frame: 50, Độ rõ: Rõ"
2026-02-08 14:01:04,5Z10861,PHÁT HIỆN VI PHẠM VIDEO,Xe máy - 5Z-10861 - Vi phạm: Đ,"Video: demo_video.mp4, Frame: 97, Độ rõ: Rõ"
2026-02-08 14:01:04,911081,PHÁT HIỆN VI PHẠM VIDEO,Xe máy - 91-1081,"Video: demo_video.mp4, Frame: 107, Độ rõ: Rõ"
2026-02-08 14:01:04,61R159850,PHÁT HIỆN VI PHẠM VIDEO,Xe máy - 61R1-59850 - Vi phạm:,"Video: demo_video.mp4, Frame: 108, Độ rõ: Rõ"
2026-02-08 14:01:04,5910861,PHÁT HIỆN VI PHẠM VIDEO,Xe máy - 59-10861,"Video: demo_video.mp4, Frame: 109, Độ rõ: Rõ"
2026-02-08 14:01:04,59Y10861,PHÁT HIỆN VI PHẠM VIDEO,Xe máy - 59Y-10861,"Video: demo_video.mp4, Frame: 111, Độ rõ: Rõ"
2026-02-08 14:01:04,59110861,PHÁT HIỆN VI PHẠM VIDEO,Xe máy - 591-10861,"Video: demo_video.mp4, Frame: 112, Độ rõ: Rõ"
2026-02-08 14:01:04,R,PHÁT HIỆN VI PHẠM VIDEO,Xe máy - -R (Mờ),"Video: demo_video.mp4, Frame: 122, Độ rõ: Mờ"
2026-02-08 14:01:04,59R12,PHÁT HIỆN VI PHẠM VIDEO,Xe máy - 59R-12 (Mờ),"Video: demo_video.mp4, Frame: 125, Độ rõ: Mờ"
2026-02-08 14:01:04,59R112,PHÁT HIỆN VI PHẠM VIDEO,Xe máy - 59R-112,"Video: demo_video.mp4, Frame: 127, Độ rõ: Rõ"
2026-02-08 14:01:04,59H1,PHÁT HIỆN VI PHẠM VIDEO,Xe máy - 59H-1,"Video: demo_video.mp4, Frame: 129, Độ rõ: Rõ"
2026-02-08 14:01:04,9R1212,PHÁT HIỆN VI PHẠM VIDEO,Xe máy - 9R-1212 (Mờ),"Video: demo_video.mp4, Frame: 135, Độ rõ: Mờ"
2026-02-08 14:01:04,R2122,PHÁT HIỆN VI PHẠM VIDEO,Xe máy - R-2122,"Video: demo_video.mp4, Frame: 136, Độ rõ: Rõ"
2026-02-08 14:01:04,59R18214,PHÁT HIỆN VI PHẠM VIDEO,Xe máy - 59R-18214,"Video: demo_video.mp4, Frame: 138, Độ rõ: Rõ"
2026-02-08 14:01:04,59RR1821,PHÁT HIỆN VI PHẠM VIDEO,Xe máy - 59RR-1821,"Video: demo_video.mp4, Frame: 141, Độ rõ: Rõ"
2026-02-08 14:01:04,59R8271,PHÁT HIỆN VI PHẠM VIDEO,Xe máy - 59R-8271,"Video: demo_video.mp4, Frame: 142, Độ rõ: Rõ"
2026-02-08 14:01:04,59R118212,PHÁT HIỆN VI PHẠM VIDEO,Xe máy - 59R1-18212,"Video: demo_video.mp4, Frame: 143, Độ rõ: Rõ"
2026-02-08 14:01:04,579R7821,PHÁT HIỆN VI PHẠM VIDEO,Xe máy - 579R-7821,"Video: demo_video.mp4, Frame: 144, Độ rõ: Rõ"
2026-02-08 14:01:04,59R7821,PHÁT HIỆN VI PHẠM VIDEO,Xe máy - 59R-7821,"Video: demo_video.mp4, Frame: 145, Độ rõ: Rõ"
2026-02-08 14:01:04,579R78214,PHÁT HIỆN VI PHẠM VIDEO,Xe máy - 579R-78214,"Video: demo_video.mp4, Frame: 146, Độ rõ: Rõ"
2026-02-08 14:01:04,59N7081,PHÁT HIỆN VI PHẠM VIDEO,Xe máy - 59N-7081 (Mờ),"Video: demo_video.mp4, Frame: 147, Độ rõ: Mờ"
2026-02-08 14:01:04,5R47714,PHÁT HIỆN VI PHẠM VIDEO,Xe máy - 5R4-7714,"Video: demo_video.mp4, Frame: 148, Độ rõ: Rõ"
2026-02-08 14:01:04,5414,PHÁT HIỆN VI PHẠM VIDEO,Xe máy - 54-14 - Vi phạm: Đè v,"Video: demo_video.mp4, Frame: 149, Độ rõ: Rõ"
2026-02-08 14:01:04,59214,PHÁT HIỆN VI PHẠM VIDEO,Xe máy - 59-214 - Vi phạm: Đè ,"Video: demo_video.mp4, Frame: 150, Độ rõ: Rõ"
2026-02-08 14:01:04,59R214,PHÁT HIỆN VI PHẠM VIDEO,Xe máy - 59R-214 - Vi phạm: Đè,"Video: demo_video.mp4, Frame: 151, Độ rõ: Rõ"
2026-02-08 14:01:05,5978214,PHÁT HIỆN VI PHẠM VIDEO,Xe máy - 59-78214,"Video: demo_video.mp4, Frame: 152, Độ rõ: Rõ"
2026-02-08 14:01:05,5418214,PHÁT HIỆN VI PHẠM VIDEO,Xe máy - 54-18214,"Video: demo_video.mp4, Frame: 153, Độ rõ: Rõ"
2026-02-08 14:01:05,9R418214,PHÁT HIỆN VI PHẠM VIDEO,Xe máy - 9R4-18214,"Video: demo_video.mp4, Frame: 154, Độ rõ: Rõ"
2026-02-08 14:01:05,6918214,PHÁT HIỆN VI PHẠM VIDEO,Xe máy - 69-18214 - Vi phạm: Đ,"Video: demo_video.mp4, Frame: 155, Độ rõ: Rõ"
2026-02-08 14:01:05,69R18214,PHÁT HIỆN VI PHẠM VIDEO,Xe máy - 69R-18214 - Vi phạm: ,"Video: demo_video.mp4, Frame: 159, Độ rõ: Rõ"
2026-02-08 14:01:05,579RA18214,PHÁT HIỆN VI PHẠM VIDEO,Xe máy - 579RA-18214 - Vi phạm,"Video: demo_video.mp4, Frame: 163, Độ rõ: Rõ"
2026-02-08 14:01:05,59RA18214,PHÁT HIỆN VI PHẠM VIDEO,Xe máy - 59RA-18214 - Vi phạm:,"Video: demo_video.mp4, Frame: 165, Độ rõ: Rõ"
2026-02-08 14:01:05,69RA18214,PHÁT HIỆN VI PHẠM VIDEO,Xe máy - 69RA-18214 - Vi phạm:,"Video: demo_video.mp4, Frame: 167, Độ rõ: Rõ"
2026-02-08 14:01:05,659RA78214,PHÁT HIỆN VI PHẠM VIDEO,Xe máy - 659RA-78214 - Vi phạm,"Video: demo_video.mp4, Frame: 171, Độ rõ: Rõ"
2026-02-08 14:01:05,69RA78214,PHÁT HIỆN VI PHẠM VIDEO,Xe máy - 69RA-78214 - Vi phạm:,"Video: demo_video.mp4, Frame: 172, Độ rõ: Rõ"
2026-02-08 14:01:05,69R1821,PHÁT HIỆN VI PHẠM VIDEO,Xe máy - 69R-1821 - Vi phạm: Đ,"Video: demo_video.mp4, Frame: 173, Độ rõ: Rõ"
2026-02-08 14:01:05,9R18214,PHÁT HIỆN VI PHẠM VIDEO,Xe máy - 9R-18214 - Vi phạm: Đ,"Video: demo_video.mp4, Frame: 177, Độ rõ: Rõ"
2026-02-08 14:01:05,69RA1821,PHÁT HIỆN VI PHẠM VIDEO,Xe máy - 69RA-1821 - Vi phạm: ,"Video: demo_video.mp4, Frame: 182, Độ rõ: Rõ"
2026-02-08 14:01:05,591721,PHÁT HIỆN VI PHẠM VIDEO,Xe máy - 59-1721 - Vi phạm: Đè,"Video: demo_video.mp4, Frame: 183, Độ rõ: Rõ"
2026-02-08 14:01:05,5918271,PHÁT HIỆN VI PHẠM VIDEO,Xe máy - 59-18271 - Vi phạm: Đ,"Video: demo_video.mp4, Frame: 184, Độ rõ: Rõ"
2026-02-08 14:01:05,9R12714,PHÁT HIỆN VI PHẠM VIDEO,Xe máy - 9R-12714 - Vi phạm: Đ,"Video: demo_video.mp4, Frame: 186, Độ rõ: Rõ"
2026-02-08 14:01:05,59A18214,PHÁT HIỆN VI PHẠM VIDEO,Xe máy - 59A-18214 - Vi phạm: ,"Video: demo_video.mp4, Frame: 204, Độ rõ: Rõ"
2026-02-08 14:01:05,5917214,PHÁT HIỆN VI PHẠM VIDEO,Xe máy - 59-17214 - Vi phạm: Đ,"Video: demo_video.mp4, Frame: 205, Độ rõ: Rõ"
2026-02-08 14:01:05,5918214,PHÁT HIỆN VI PHẠM VIDEO,Xe máy - 59-18214 - Vi phạm: Đ,"Video: demo_video.mp4, Frame: 206, Độ rõ: Rõ"
2026-02-08 14:01:05,5,PHÁT HIỆN VI PHẠM VIDEO,Xe máy - -5 - Vi phạm: Đè vạch,"Video: demo_video.mp4, Frame: 219, Độ rõ: Rõ"
2026-02-08 14:01:05,Z21,PHÁT HIỆN VI PHẠM VIDEO,Xe máy - Z-21 (Mờ),"Video: demo_video.mp4, Frame: 231, Độ rõ: Mờ"
2026-02-08 14:01:05,5Z8714,PHÁT HIỆN VI PHẠM VIDEO,Xe máy - 5Z-8714 (Mờ),"Video: demo_video.mp4, Frame: 234, Độ rõ: Mờ"
2026-02-08 14:01:05,47A161773,PHÁT HIỆN VI PHẠM VIDEO,Xe máy - 47A1-61773,"Video: demo_video.mp4, Frame: 312, Độ rõ: Rõ"
2026-02-08 14:01:05,59R2553,PHÁT HIỆN VI PHẠM VIDEO,Xe máy - 59R2-553,"Video: demo_video.mp4, Frame: 349, Độ rõ: Rõ"
2026-02-08 14:01:05,592553,PHÁT HIỆN VI PHẠM VIDEO,Xe máy - 592-553,"Video: demo_video.mp4, Frame: 351, Độ rõ: Rõ"
2026-02-08 14:01:05,5927553,PHÁT HIỆN VI PHẠM VIDEO,Xe máy - 592-7553,"Video: demo_video.mp4, Frame: 352, Độ rõ: Rõ"
2026-02-08 14:01:05,R2753,PHÁT HIỆN VI PHẠM VIDEO,Xe máy - R2-753,"Video: demo_video.mp4, Frame: 366, Độ rõ: Rõ"
2026-02-08 14:01:05,2475,PHÁT HIỆN VI PHẠM VIDEO,Xe máy - 2-475,"Video: demo_video.mp4, Frame: 367, Độ rõ: Rõ"
2026-02-08 14:01:05,51242353,PHÁT HIỆN VI PHẠM VIDEO,Xe máy - 512-42353 (Mờ),"Video: demo_video.mp4, Frame: 369, Độ rõ: Mờ"
2026-02-08 14:01:05,92472553,PHÁT HIỆN VI PHẠM VIDEO,Xe máy - 92-472553,"Video: demo_video.mp4, Frame: 371, Độ rõ: Rõ"
2026-02-08 14:01:05,524255,PHÁT HIỆN VI PHẠM VIDEO,Xe máy - 52-4255 - Vi phạm: Đè,"Video: demo_video.mp4, Frame: 377, Độ rõ: Rõ"
2026-02-08 14:01:05,522353,PHÁT HIỆN VI PHẠM VIDEO,Xe máy - 52-2353 - Vi phạm: Đè,"Video: demo_video.mp4, Frame: 379, Độ rõ: Rõ"
2026-02-08 14:01:05,59N24253,PHÁT HIỆN VI PHẠM VIDEO,Xe máy - 59N2-4253 - Vi phạm: ,"Video: demo_video.mp4, Frame: 382, Độ rõ: Rõ"
2026-02-08 14:01:05,59242553,PHÁT HIỆN VI PHẠM VIDEO,Xe máy - 592-42553 - Vi phạm: ,"Video: demo_video.mp4, Frame: 383, Độ rõ: Rõ"
2026-02-08 14:01:05,5927T37650,PHÁT HIỆN VI PHẠM VIDEO,Xe máy - 5927T3-7650,"Video: demo_video.mp4, Frame: 417, Độ rõ: Rõ"
2026-02-08 14:01:05,59T3217650,PHÁT HIỆN VI PHẠM VIDEO,Xe máy - 59T3-217650,"Video: demo_video.mp4, Frame: 418, Độ rõ: Rõ"
2026-02-08 14:01:05,592T321650,PHÁT HIỆN VI PHẠM VIDEO,Xe máy - 592T3-21650,"Video: demo_video.mp4, Frame: 419, Độ rõ: Rõ"
2026-02-08 14:01:05,59T321650,PHÁT HIỆN VI PHẠM VIDEO,Xe máy - 59T3-21650,"Video: demo_video.mp4, Frame: 420, Độ rõ: Rõ"
2026-02-08 14:01:05,529T321650,PHÁT HIỆN VI PHẠM VIDEO,Xe máy - 529T3-21650,"Video: demo_video.mp4, Frame: 426, Độ rõ: Rõ"
2026-02-08 14:01:05,59T321850,PHÁT HIỆN VI PHẠM VIDEO,Xe máy - 59T3-21850 - Vi phạm:,"Video: demo_video.mp4, Frame: 437, Độ rõ: Rõ"
2026-02-08 14:01:05,59321650,PHÁT HIỆN VI PHẠM VIDEO,Xe máy - 593-21650,"Video: demo_video.mp4, Frame: 443, Độ rõ: Rõ"
2026-02-08 14:01:05,510,PHÁT HIỆN VI PHẠM VIDEO,Xe máy - 5-10,"Video: demo_video.mp4, Frame: 463, Độ rõ: Rõ"
2026-02-08 14:01:05,50E1063D,PHÁT HIỆN VI PHẠM VIDEO,Xe máy - 50E-1063D,"Video: demo_video.mp4, Frame: 472, Độ rõ: Rõ"
2026-02-08 14:01:05,5DE10630,PHÁT HIỆN VI PHẠM VIDEO,Xe máy - 5DE-10630,"Video: demo_video.mp4, Frame: 473, Độ rõ: Rõ"
2026-02-08 14:01:05,50E10630,PHÁT HIỆN VI PHẠM VIDEO,Xe máy - 50E-10630,"Video: demo_video.mp4, Frame: 488, Độ rõ: Rõ"
2026-02-08 14:01:05,6DE10623D,PHÁT HIỆN VI PHẠM VIDEO,Xe máy - 6DE-10623D,"Video: demo_video.mp4, Frame: 500, Độ rõ: Rõ"
2026-02-08 14:01:05,47A81773,PHÁT HIỆN VI PHẠM VIDEO,Xe máy - 47A-81773,"Video: demo_video.mp4, Frame: 501, Độ rõ: Rõ"
2026-02-08 14:05:41,1100503,PHÁT HIỆN VI PHẠM VIDEO,Xe máy - 11-00503 - Vi phạm: Đ,"Video: demo_video.mp4, Frame: 1, Độ rõ: Rõ"
2026-02-08 14:05:41,81100E03,PHÁT HIỆN VI PHẠM VIDEO,Xe máy - 811-00E03 - Vi phạm: ,"Video: demo_video.mp4, Frame: 2, Độ rõ: Rõ"
2026-02-08 14:05:41,81108503,PHÁT HIỆN VI PHẠM VIDEO,Xe máy - 811-08503 - Vi phạm: ,"Video: demo_video.mp4, Frame: 3, Độ rõ: Rõ"
2026-02-08 14:05:41,59B05868,PHÁT HIỆN VI PHẠM VIDEO,Xe máy - 59B-05868 - Vi phạm: ,"Video: demo_video.mp4, Frame: 4, Độ rõ: Rõ"
2026-02-08 14:05:41,597B05868,PHÁT HIỆN VI PHẠM VIDEO,Xe máy - 597B-05868,"Video: demo_video.mp4, Frame: 5, Độ rõ: Rõ"
2026-02-08 14:05:41,5T50F,PHÁT HIỆN VI PHẠM VIDEO,Xe máy - 5T-50F (Mờ),"Video: demo_video.mp4, Frame: 18, Độ rõ: Mờ"
2026-02-08 14:05:41,59B58,PHÁT HIỆN VI PHẠM VIDEO,Xe máy - 59B-58,"Video: demo_video.mp4, Frame: 19, Độ rõ: Rõ"
2026-02-08 14:05:41,59B0568,PHÁT HIỆN VI PHẠM VIDEO,Xe máy - 59B-0568,"Video: demo_video.mp4, Frame: 20, Độ rõ: Rõ"
2026-02-08 14:05:41,597B5568,PHÁT HIỆN VI PHẠM VIDEO,Xe máy - 597B-5568,"Video: demo_video.mp4, Frame: 21, Độ rõ: Rõ"
2026-02-08 14:05:41,597BB68,PHÁT HIỆN VI PHẠM VIDEO,Xe máy - 597B-B68,"Video: demo_video.mp4, Frame: 22, Độ rõ: Rõ"
2026-02-08 14:05:41,597B0868,PHÁT HIỆN VI PHẠM VIDEO,Xe máy - 597B-0868,"Video: demo_video.mp4, Frame: 23, Độ rõ: Rõ"
2026-02-08 14:05:41,47A61773,PHÁT HIỆN VI PHẠM VIDEO,Xe máy - 47A-61773,"Video: demo_video.mp4, Frame: 25, Độ rõ: Rõ"
2026-02-08 14:05:41,597B06868,PHÁT HIỆN VI PHẠM VIDEO,Xe máy - 597B-06868,"Video: demo_video.mp4, Frame: 27, Độ rõ: Rõ"
2026-02-08 14:05:41,59M706868,PHÁT HIỆN VI PHẠM VIDEO,Xe máy - 59M7-06868,"Video: demo_video.mp4, Frame: 28, Độ rõ: Rõ"
2026-02-08 14:05:41,59706868,PHÁT HIỆN VI PHẠM VIDEO,Xe máy - 597-06868 - Vi phạm: ,"Video: demo_video.mp4, Frame: 35, Độ rõ: Rõ"
2026-02-08 14:05:41,97B0688,PHÁT HIỆN VI PHẠM VIDEO,Xe máy - 97B-0688 - Vi phạm: Đ,"Video: demo_video.mp4, Frame: 40, Độ rõ: Rõ"
2026-02-08 14:05:41,59B0868,PHÁT HIỆN VI PHẠM VIDEO,Xe máy - 59B-0868,"Video: demo_video.mp4, Frame: 43, Độ rõ: Rõ"
2026-02-08 14:05:41,91B58,PHÁT HIỆN VI PHẠM VIDEO,Xe máy - 91B-58 - Vi phạm: Đè ,"Video: demo_video.mp4, Frame: 50, Độ rõ: Rõ"
2026-02-08 14:05:41,5Z10861,PHÁT HIỆN VI PHẠM VIDEO,Xe máy - 5Z-10861 - Vi phạm: Đ,"Video: demo_video.mp4, Frame: 97, Độ rõ: Rõ"
2026-02-08 14:05:41,911081,PHÁT HIỆN VI PHẠM VIDEO,Xe máy - 91-1081,"Video: demo_video.mp4, Frame: 107, Độ rõ: Rõ"
2026-02-08 14:05:41,61R159850,PHÁT HIỆN VI PHẠM VIDEO,Xe máy - 61R1-59850 - Vi phạm:,"Video: demo_video.mp4, Frame: 108, Độ rõ: Rõ"
2026-02-08 14:05:41,5910861,PHÁT HIỆN VI PHẠM VIDEO,Xe máy - 59-10861,"Video: demo_video.mp4, Frame: 109, Độ rõ: Rõ"
2026-02-08 14:05:41,59Y10861,PHÁT HIỆN VI PHẠM VIDEO,Xe máy - 59Y-10861,"Video: demo_video.mp4, Frame: 111, Độ rõ: Rõ"
2026-02-08 14:05:41,59110861,PHÁT HIỆN VI PHẠM VIDEO,Xe máy - 591-10861,"Video: demo_video.mp4, Frame: 112, Độ rõ: Rõ"
2026-02-08 14:05:41,R,PHÁT HIỆN VI PHẠM VIDEO,Xe máy - -R (Mờ),"Video: demo_video.mp4, Frame: 122, Độ rõ: Mờ"
2026-02-08 14:05:41,59R12,PHÁT HIỆN VI PHẠM VIDEO,Xe máy - 59R-12 (Mờ),"Video: demo_video.mp4, Frame: 125, Độ rõ: Mờ"
2026-02-08 14:05:41,59R112,PHÁT HIỆN VI PHẠM VIDEO,Xe máy - 59R-112,"Video: demo_video.mp4, Frame: 127, Độ rõ: Rõ"
2026-02-08 14:05:41,59H1,PHÁT HIỆN VI PHẠM VIDEO,Xe máy - 59H-1,"Video: demo_video.mp4, Frame: 129, Độ rõ: Rõ"
2026-02-08 14:05:41,9R1212,PHÁT HIỆN VI PHẠM VIDEO,Xe máy - 9R-1212 (Mờ),"Video: demo_video.mp4, Frame: 135, Độ rõ: Mờ"
2026-02-08 14:05:41,R2122,PHÁT HIỆN VI PHẠM VIDEO,Xe máy - R-2122,"Video: demo_video.mp4, Frame: 136, Độ rõ: Rõ"
2026-02-08 14:05:41,59R18214,PHÁT HIỆN VI PHẠM VIDEO,Xe máy - 59R-18214,"Video: demo_video.mp4, Frame: 138, Độ rõ: Rõ"
2026-02-08 14:05:41,59RR1821,PHÁT HIỆN VI PHẠM VIDEO,Xe máy - 59RR-1821,"Video: demo_video.mp4, Frame: 141, Độ rõ: Rõ"
2026-02-08 14:05:41,59R8271,PHÁT HIỆN VI PHẠM VIDEO,Xe máy - 59R-8271,"Video: demo_video.mp4, Frame: 142, Độ rõ: Rõ"
2026-02-08 14:05:41,59R118212,PHÁT HIỆN VI PHẠM VIDEO,Xe máy - 59R1-18212,"Video: demo_video.mp4, Frame: 143, Độ rõ: Rõ"
2026-02-08 14:05:41,579R7821,PHÁT HIỆN VI PHẠM VIDEO,Xe máy - 579R-7821,"Video: demo_video.mp4, Frame: 144, Độ rõ: Rõ"
2026-02-08 14:05:41,59R7821,PHÁT HIỆN VI PHẠM VIDEO,Xe máy - 59R-7821,"Video: demo_video.mp4, Frame: 145, Độ rõ: Rõ"
2026-02-08 14:05:41,579R78214,PHÁT HIỆN VI PHẠM VIDEO,Xe máy - 579R-78214,"Video: demo_video.mp4, Frame: 146, Độ rõ: Rõ"
2026-02-08 14:05:41,59N7081,PHÁT HIỆN VI PHẠM VIDEO,Xe máy - 59N-7081 (Mờ),"Video: demo_video.mp4, Frame: 147, Độ rõ: Mờ"
2026-02-08 14:05:41,5R47714,PHÁT HIỆN VI PHẠM VIDEO,Xe máy - 5R4-7714,"Video: demo_video.mp4, Frame: 148, Độ rõ: Rõ"
2026-02-08 14:05:41,5414,PHÁT HIỆN VI PHẠM VIDEO,Xe máy - 54-14 - Vi phạm: Đè v,"Video: demo_video.mp4, Frame: 149, Độ rõ: Rõ"
2026-02-08 14:05:41,59214,PHÁT HIỆN VI PHẠM VIDEO,Xe máy - 59-214 - Vi phạm: Đè ,"Video: demo_video.mp4, Frame: 150, Độ rõ: Rõ"
2026-02-08 14:05:41,59R214,PHÁT HIỆN VI PHẠM VIDEO,Xe máy - 59R-214 - Vi phạm: Đè,"Video: demo_video.mp4, Frame: 151, Độ rõ: Rõ"
2026-02-08 14:05:41,5978214,PHÁT HIỆN VI PHẠM VIDEO,Xe máy - 59-78214,"Video: demo_video.mp4, Frame: 152, Độ rõ: Rõ"
2026-02-08 14:05:41,5418214,PHÁT HIỆN VI PHẠM VIDEO,Xe máy - 54-18214,"Video: demo_video.mp4, Frame: 153, Độ rõ: Rõ"
2026-02-08 14:05:41,9R418214,PHÁT HIỆN VI PHẠM VIDEO,Xe máy - 9R4-18214,"Video: demo_video.mp4, Frame: 154, Độ rõ: Rõ"
2026-02-08 14:05:41,6918214,PHÁT HIỆN VI PHẠM VIDEO,Xe máy - 69-18214 - Vi phạm: Đ,"Video: demo_video.mp4, Frame: 155, Độ rõ: Rõ"
2026-02-08 14:05:41,69R18214,PHÁT HIỆN VI PHẠM VIDEO,Xe máy - 69R-18214 - Vi phạm: ,"Video: demo_video.mp4, Frame: 159, Độ rõ: Rõ"
2026-02-08 14:05:41,579RA18214,PHÁT HIỆN VI PHẠM VIDEO,Xe máy - 579RA-18214 - Vi phạm,"Video: demo_video.mp4, Frame: 163, Độ rõ: Rõ"
2026-02-08 14:05:41,59RA18214,PHÁT HIỆN VI PHẠM VIDEO,Xe máy - 59RA-18214 - Vi phạm:,"Video: demo_video.mp4, Frame: 165, Độ rõ: Rõ"
2026-02-08 14:05:41,69RA18214,PHÁT HIỆN VI PHẠM VIDEO,Xe máy - 69RA-18214 - Vi phạm:,"Video: demo_video.mp4, Frame: 167, Độ rõ: Rõ"
2026-02-08 14:05:41,659RA78214,PHÁT HIỆN VI PHẠM VIDEO,Xe máy - 659RA-78214 - Vi phạm,"Video: demo_video.mp4, Frame: 171, Độ rõ: Rõ"
2026-02-08 14:05:41,69RA78214,PHÁT HIỆN VI PHẠM VIDEO,Xe máy - 69RA-78214 - Vi phạm:,"Video: demo_video.mp4, Frame: 172, Độ rõ: Rõ"
2026-02-08 14:05:41,69R1821,PHÁT HIỆN VI PHẠM VIDEO,Xe máy - 69R-1821 - Vi phạm: Đ,"Video: demo_video.mp4, Frame: 173, Độ rõ: Rõ"
2026-02-08 14:05:41,9R18214,PHÁT HIỆN VI PHẠM VIDEO,Xe máy - 9R-18214 - Vi phạm: Đ,"Video: demo_video.mp4, Frame: 177, Độ rõ: Rõ"
2026-02-08 14:05:41,69RA1821,PHÁT HIỆN VI PHẠM VIDEO,Xe máy - 69RA-1821 - Vi phạm: ,"Video: demo_video.mp4, Frame: 182, Độ rõ: Rõ"
2026-02-08 14:05:41,591721,PHÁT HIỆN VI PHẠM VIDEO,Xe máy - 59-1721 - Vi phạm: Đè,"Video: demo_video.mp4, Frame: 183, Độ rõ: Rõ"
2026-02-08 14:05:41,5918271,PHÁT HIỆN VI PHẠM VIDEO,Xe máy - 59-18271 - Vi phạm: Đ,"Video: demo_video.mp4, Frame: 184, Độ rõ: Rõ"
2026-02-08 14:05:41,9R12714,PHÁT HIỆN VI PHẠM VIDEO,Xe máy - 9R-12714 - Vi phạm: Đ,"Video: demo_video.mp4, Frame: 186, Độ rõ: Rõ"
2026-02-08 14:05:41,59A18214,PHÁT HIỆN VI PHẠM VIDEO,Xe máy - 59A-18214 - Vi phạm: ,"Video: demo_video.mp4, Frame: 204, Độ rõ: Rõ"
2026-02-08 14:05:41,5917214,PHÁT HIỆN VI PHẠM VIDEO,Xe máy - 59-17214 - Vi phạm: Đ,"Video: demo_video.mp4, Frame: 205, Độ rõ: Rõ"
2026-02-08 14:05:41,5918214,PHÁT HIỆN VI PHẠM VIDEO,Xe máy - 59-18214 - Vi phạm: Đ,"Video: demo_video.mp4, Frame: 206, Độ rõ: Rõ"
2026-02-08 14:05:41,5,PHÁT HIỆN VI PHẠM VIDEO,Xe máy - -5 - Vi phạm: Đè vạch,"Video: demo_video.mp4, Frame: 219, Độ rõ: Rõ"
2026-02-08 14:05:41,Z21,PHÁT HIỆN VI PHẠM VIDEO,Xe máy - Z-21 (Mờ),"Video: demo_video.mp4, Frame: 231, Độ rõ: Mờ"
2026-02-08 14:05:41,5Z8714,PHÁT HIỆN VI PHẠM VIDEO,Xe máy - 5Z-8714 (Mờ),"Video: demo_video.mp4, Frame: 234, Độ rõ: Mờ"
2026-02-08 14:05:41,47A161773,PHÁT HIỆN VI PHẠM VIDEO,Xe máy - 47A1-61773,"Video: demo_video.mp4, Frame: 312, Độ rõ: Rõ"
2026-02-08 14:05:41,59R2553,PHÁT HIỆN VI PHẠM VIDEO,Xe máy - 59R2-553,"Video: demo_video.mp4, Frame: 349, Độ rõ: Rõ"
2026-02-08 14:05:41,592553,PHÁT HIỆN VI PHẠM VIDEO,Xe máy - 592-553,"Video: demo_video.mp4, Frame: 351, Độ rõ: Rõ"
2026-02-08 14:05:41,5927553,PHÁT HIỆN VI PHẠM VIDEO,Xe máy - 592-7553,"Video: demo_video.mp4, Frame: 352, Độ rõ: Rõ"
2026-02-08 14:05:41,R2753,PHÁT HIỆN VI PHẠM VIDEO,Xe máy - R2-753,"Video: demo_video.mp4, Frame: 366, Độ rõ: Rõ"
2026-02-08 14:05:41,2475,PHÁT HIỆN VI PHẠM VIDEO,Xe máy - 2-475,"Video: demo_video.mp4, Frame: 367, Độ rõ: Rõ"
2026-02-08 14:05:42,51242353,PHÁT HIỆN VI PHẠM VIDEO,Xe máy - 512-42353 (Mờ),"Video: demo_video.mp4, Frame: 369, Độ rõ: Mờ"
2026-02-08 14:05:42,92472553,PHÁT HIỆN VI PHẠM VIDEO,Xe máy - 92-472553,"Video: demo_video.mp4, Frame: 371, Độ rõ: Rõ"
2026-02-08 14:05:42,524255,PHÁT HIỆN VI PHẠM VIDEO,Xe máy - 52-4255 - Vi phạm: Đè,"Video: demo_video.mp4, Frame: 377, Độ rõ: Rõ"
2026-02-08 14:05:42,522353,PHÁT HIỆN VI PHẠM VIDEO,Xe máy - 52-2353 - Vi phạm: Đè,"Video: demo_video.mp4, Frame: 379, Độ rõ: Rõ"
2026-02-08 14:05:42,59N24253,PHÁT HIỆN VI PHẠM VIDEO,Xe máy - 59N2-4253 - Vi phạm: ,"Video: demo_video.mp4, Frame: 382, Độ rõ: Rõ"
2026-02-08 14:05:42,59242553,PHÁT HIỆN VI PHẠM VIDEO,Xe máy - 592-42553 - Vi phạm: ,"Video: demo_video.mp4, Frame: 383, Độ rõ: Rõ"
2026-02-08 14:05:42,5927T37650,PHÁT HIỆN VI PHẠM VIDEO,Xe máy - 5927T3-7650,"Video: demo_video.mp4, Frame: 417, Độ rõ: Rõ"
2026-02-08 14:05:42,59T3217650,PHÁT HIỆN VI PHẠM VIDEO,Xe máy - 59T3-217650,"Video: demo_video.mp4, Frame: 418, Độ rõ: Rõ"
2026-02-08 14:05:42,592T321650,PHÁT HIỆN VI PHẠM VIDEO,Xe máy - 592T3-21650,"Video: demo_video.mp4, Frame: 419, Độ rõ: Rõ"
2026-02-08 14:05:42,59T321650,PHÁT HIỆN VI PHẠM VIDEO,Xe máy - 59T3-21650,"Video: demo_video.mp4, Frame: 420, Độ rõ: Rõ"
2026-02-08 14:05:42,529T321650,PHÁT HIỆN VI PHẠM VIDEO,Xe máy - 529T3-21650,"Video: demo_video.mp4, Frame: 426, Độ rõ: Rõ"
2026-02-08 14:05:42,59T321850,PHÁT HIỆN VI PHẠM VIDEO,Xe máy - 59T3-21850 - Vi phạm:,"Video: demo_video.mp4, Frame: 437, Độ rõ: Rõ"
2026-02-08 14:05:42,59321650,PHÁT HIỆN VI PHẠM VIDEO,Xe máy - 593-21650,"Video: demo_video.mp4, Frame: 443, Độ rõ: Rõ"
2026-02-08 14:05:42,510,PHÁT HIỆN VI PHẠM VIDEO,Xe máy - 5-10,"Video: demo_video.mp4, Frame: 463, Độ rõ: Rõ"
2026-02-08 14:05:42,50E1063D,PHÁT HIỆN VI PHẠM VIDEO,Xe máy - 50E-1063D,"Video: demo_video.mp4, Frame: 472, Độ rõ: Rõ"
2026-02-08 14:05:42,5DE10630,PHÁT HIỆN VI PHẠM VIDEO,Xe máy - 5DE-10630,"Video: demo_video.mp4, Frame: 473, Độ rõ: Rõ"
2026-02-08 14:05:42,50E10630,PHÁT HIỆN VI PHẠM VIDEO,Xe máy - 50E-10630,"Video: demo_video.mp4, Frame: 488, Độ rõ: Rõ"
2026-02-08 14:05:42,6DE10623D,PHÁT HIỆN VI PHẠM VIDEO,Xe máy - 6DE-10623D,"Video: demo_video.mp4, Frame: 500, Độ rõ: Rõ"
2026-02-08 14:05:42,47A81773,PHÁT HIỆN VI PHẠM VIDEO,Xe máy - 47A-81773,"Video: demo_video.mp4, Frame: 501, Độ rõ: Rõ"
2026-02-08 14:13:41,59706868,PHÁT HIỆN VI PHẠM,Xe máy - 597-06868 - Vi phạm: Đè vạch dừng,Video: demo_video.mp4 - Frame 35
2026-02-08 14:13:42,97B0688,PHÁT HIỆN VI PHẠM,Xe máy - 97B-0688 - Vi phạm: Đè vạch dừng,Video: demo_video.mp4 - Frame 40
2026-02-08 14:13:42,91B58,PHÁT HIỆN VI PHẠM,Xe máy - 91B-58 - Vi phạm: Đè vạch dừng,Video: demo_video.mp4 - Frame 50
2026-02-08 14:13:50,59214,PHÁT HIỆN VI PHẠM,Xe máy - 59-214 - Vi phạm: Đè vạch dừng,Video: demo_video.mp4 - Frame 150
2026-02-08 14:13:50,6918214,PHÁT HIỆN VI PHẠM,Xe máy - 69-18214 - Vi phạm: Đè vạch dừng,Video: demo_video.mp4 - Frame 155
2026-02-08 14:13:51,59R18214,PHÁT HIỆN VI PHẠM,Xe máy - 59R-18214 - Vi phạm: Đè vạch dừng,Video: demo_video.mp4 - Frame 160
2026-02-08 14:13:51,59RA18214,PHÁT HIỆN VI PHẠM,Xe máy - 59RA-18214 - Vi phạm: Đè vạch dừng,Video: demo_video.mp4 - Frame 165
2026-02-08 14:13:51,69RA18214,PHÁT HIỆN VI PHẠM,Xe máy - 69RA-18214 - Vi phạm: Đè vạch dừng,Video: demo_video.mp4 - Frame 170
2026-02-08 14:13:53,69R1821,PHÁT HIỆN VI PHẠM,Xe máy - 69R-1821 - Vi phạm: Đè vạch dừng,Video: demo_video.mp4 - Frame 185
2026-02-08 14:13:54,5917214,PHÁT HIỆN VI PHẠM,Xe máy - 59-17214 - Vi phạm: Đè vạch dừng,Video: demo_video.mp4 - Frame 205
2026-02-08 14:14:17,597B05868,PHÁT HIỆN VI PHẠM VIDEO,Xe máy - 597B-05868,"Video: demo_video.mp4, Frame: 5, Độ rõ: Rõ"
2026-02-08 14:14:17,59B05868,PHÁT HIỆN VI PHẠM VIDEO,Xe máy - 59B-05868,"Video: demo_video.mp4, Frame: 15, Độ rõ: Rõ"
2026-02-08 14:14:17,59B0568,PHÁT HIỆN VI PHẠM VIDEO,Xe máy - 59B-0568,"Video: demo_video.mp4, Frame: 20, Độ rõ: Rõ"
2026-02-08 14:14:17,47A61773,PHÁT HIỆN VI PHẠM VIDEO,Xe máy - 47A-61773,"Video: demo_video.mp4, Frame: 25, Độ rõ: Rõ"
2026-02-08 14:14:17,597B06868,PHÁT HIỆN VI PHẠM VIDEO,Xe máy - 597B-06868,"Video: demo_video.mp4, Frame: 30, Độ rõ: Rõ"
2026-02-08 14:14:17,59706868,PHÁT HIỆN VI PHẠM VIDEO,Xe máy - 597-06868 - Vi phạm: Đè vạch dừng,"Video: demo_video.mp4, Frame: 35, Độ rõ: Rõ"
2026-02-08 14:14:17,97B0688,PHÁT HIỆN VI PHẠM VIDEO,Xe máy - 97B-0688 - Vi phạm: Đè vạch dừng,"Video: demo_video.mp4, Frame: 40, Độ rõ: Rõ"
2026-02-08 14:14:17,91B58,PHÁT HIỆN VI PHẠM VIDEO,Xe máy - 91B-58 - Vi phạm: Đè vạch dừng,"Video: demo_video.mp4, Frame: 50, Độ rõ: Rõ"
2026-02-08 14:14:17,5910861,PHÁT HIỆN VI PHẠM VIDEO,Xe máy - 59-10861,"Video: demo_video.mp4, Frame: 110, Độ rõ: Rõ"
2026-02-08 14:14:17,59R12,PHÁT HIỆN VI PHẠM VIDEO,Xe máy - 59R-12 (Mờ),"Video: demo_video.mp4, Frame: 125, Độ rõ: Mờ"
2026-02-08 14:14:17,9R1212,PHÁT HIỆN VI PHẠM VIDEO,Xe máy - 9R-1212 (Mờ),"Video: demo_video.mp4, Frame: 135, Độ rõ: Mờ"
2026-02-08 14:14:17,59R7821,PHÁT HIỆN VI PHẠM VIDEO,Xe máy - 59R-7821,"Video: demo_video.mp4, Frame: 145, Độ rõ: Rõ"
2026-02-08 14:14:17,59214,PHÁT HIỆN VI PHẠM VIDEO,Xe máy - 59-214 - Vi phạm: Đè vạch dừng,"Video: demo_video.mp4, Frame: 150, Độ rõ: Rõ"
2026-02-08 14:14:17,6918214,PHÁT HIỆN VI PHẠM VIDEO,Xe máy - 69-18214 - Vi phạm: Đè vạch dừng,"Video: demo_video.mp4, Frame: 155, Độ rõ: Rõ"
2026-02-08 14:14:17,59R18214,PHÁT HIỆN VI PHẠM VIDEO,Xe máy - 59R-18214 - Vi phạm: Đè vạch dừng,"Video: demo_video.mp4, Frame: 160, Độ rõ: Rõ"
2026-02-08 14:14:17,59RA18214,PHÁT HIỆN VI PHẠM VIDEO,Xe máy - 59RA-18214 - Vi phạm: Đè vạch dừng,"Video: demo_video.mp4, Frame: 165, Độ rõ: Rõ"
2026-02-08 14:14:17,69RA18214,PHÁT HIỆN VI PHẠM VIDEO,Xe máy - 69RA-18214 - Vi phạm: Đè vạch dừng,"Video: demo_video.mp4, Frame: 170, Độ rõ: Rõ"
2026-02-08 14:14:17,69R1821,PHÁT HIỆN VI PHẠM VIDEO,Xe máy - 69R-1821 - Vi phạm: Đè vạch dừng,"Video: demo_video.mp4, Frame: 185, Độ rõ: Rõ"
2026-02-08 14:14:17,5917214,PHÁT HIỆN VI PHẠM VIDEO,Xe máy - 59-17214 - Vi phạm: Đè vạch dừng,"Video: demo_video.mp4, Frame: 205, Độ rõ: Rõ"
2026-02-08 14:14:17,59R2553,PHÁT HIỆN VI PHẠM VIDEO,Xe máy - 59R2-553,"Video: demo_video.mp4, Frame: 350, Độ rõ: Rõ"
2026-02-08 14:14:17,59T321650,PHÁT HIỆN VI PHẠM VIDEO,Xe máy - 59T3-21650,"Video: demo_video.mp4, Frame: 420, Độ rõ: Rõ"
2026-02-08 14:14:17,592T321650,PHÁT HIỆN VI PHẠM VIDEO,Xe máy - 592T3-21650,"Video: demo_video.mp4, Frame: 425, Độ rõ: Rõ"
2026-02-08 14:14:17,50E10630,PHÁT HIỆN VI PHẠM VIDEO,Xe máy - 50E-10630,"Video: demo_video.mp4, Frame: 490, Độ rõ: Rõ"
2026-02-08 14:14:17,6DE10623D,PHÁT HIỆN VI PHẠM VIDEO,Xe máy - 6DE-10623D,"Video: demo_video.mp4, Frame: 500, Độ rõ: Rõ"
2026-02-08 14:27:30,59706868,PHÁT HIỆN VI PHẠM,Xe máy - 597-06868 - Vi phạm: Đè vạch dừng,Video: demo_video.mp4 - Frame 35
2026-02-08 14:27:31,97B0688,PHÁT HIỆN VI PHẠM,Xe máy - 97B-0688 - Vi phạm: Đè vạch dừng,Video: demo_video.mp4 - Frame 40
2026-02-08 14:27:31,91B58,PHÁT HIỆN VI PHẠM,Xe máy - 91B-58 - Vi phạm: Đè vạch dừng,Video: demo_video.mp4 - Frame 50
2026-02-08 14:27:37,59214,PHÁT HIỆN VI PHẠM,Xe máy - 59-214 - Vi phạm: Đè vạch dừng,Video: demo_video.mp4 - Frame 150
2026-02-08 14:27:38,6918214,PHÁT HIỆN VI PHẠM,Xe máy - 69-18214 - Vi phạm: Đè vạch dừng,Video: demo_video.mp4 - Frame 155
2026-02-08 14:27:38,59R18214,PHÁT HIỆN VI PHẠM,Xe máy - 59R-18214 - Vi phạm: Đè vạch dừng,Video: demo_video.mp4 - Frame 160
2026-02-08 14:27:38,59RA18214,PHÁT HIỆN VI PHẠM,Xe máy - 59RA-18214 - Vi phạm: Đè vạch dừng,Video: demo_video.mp4 - Frame 165
2026-02-08 14:27:38,69RA18214,PHÁT HIỆN VI PHẠM,Xe máy - 69RA-18214 - Vi phạm: Đè vạch dừng,Video: demo_video.mp4 - Frame 170
2026-02-08 14:27:39,69R1821,PHÁT HIỆN VI PHẠM,Xe máy - 69R-1821 - Vi phạm: Đè vạch dừng,Video: demo_video.mp4 - Frame 185
2026-02-08 14:27:41,5917214,PHÁT HIỆN VI PHẠM,Xe máy - 59-17214 - Vi phạm: Đè vạch dừng,Video: demo_video.mp4 - Frame 205
2026-02-08 14:27:58,597B05868,PHÁT HIỆN VI PHẠM VIDEO,Xe máy - 597B-05868,"Video: demo_video.mp4, Frame: 5, Độ rõ: Rõ"
2026-02-08 14:27:58,59B05868,PHÁT HIỆN VI PHẠM VIDEO,Xe máy - 59B-05868,"Video: demo_video.mp4, Frame: 15, Độ rõ: Rõ"
2026-02-08 14:27:58,59B0568,PHÁT HIỆN VI PHẠM VIDEO,Xe máy - 59B-0568,"Video: demo_video.mp4, Frame: 20, Độ rõ: Rõ"
2026-02-08 14:27:58,47A61773,PHÁT HIỆN VI PHẠM VIDEO,Xe máy - 47A-61773,"Video: demo_video.mp4, Frame: 25, Độ rõ: Rõ"
2026-02-08 14:27:58,597B06868,PHÁT HIỆN VI PHẠM VIDEO,Xe máy - 597B-06868,"Video: demo_video.mp4, Frame: 30, Độ rõ: Rõ"
2026-02-08 14:27:58,59706868,PHÁT HIỆN VI PHẠM VIDEO,Xe máy - 597-06868 - Vi phạm: Đè vạch dừng,"Video: demo_video.mp4, Frame: 35, Độ rõ: Rõ"
2026-02-08 14:27:58,97B0688,PHÁT HIỆN VI PHẠM VIDEO,Xe máy - 97B-0688 - Vi phạm: Đè vạch dừng,"Video: demo_video.mp4, Frame: 40, Độ rõ: Rõ"
2026-02-08 14:27:58,91B58,PHÁT HIỆN VI PHẠM VIDEO,Xe máy - 91B-58 - Vi phạm: Đè vạch dừng,"Video: demo_video.mp4, Frame: 50, Độ rõ: Rõ"
2026-02-08 14:27:58,5910861,PHÁT HIỆN VI PHẠM VIDEO,Xe máy - 59-10861,"Video: demo_video.mp4, Frame: 110, Độ rõ: Rõ"
2026-02-08 14:27:58,59R12,PHÁT HIỆN VI PHẠM VIDEO,Xe máy - 59R-12 (Mờ),"Video: demo_video.mp4, Frame: 125, Độ rõ: Mờ"
2026-02-08 14:27:58,9R1212,PHÁT HIỆN VI PHẠM VIDEO,Xe máy - 9R-1212 (Mờ),"Video: demo_video.mp4, Frame: 135, Độ rõ: Mờ"
2026-02-08 14:27:58,59R7821,PHÁT HIỆN VI PHẠM VIDEO,Xe máy - 59R-7821,"Video: demo_video.mp4, Frame: 145, Độ rõ: Rõ"
2026-02-08 14:27:58,59214,PHÁT HIỆN VI PHẠM VIDEO,Xe máy - 59-214 - Vi phạm: Đè vạch dừng,"Video: demo_video.mp4, Frame: 150, Độ rõ: Rõ"
2026-02-08 14:27:58,6918214,PHÁT HIỆN VI PHẠM VIDEO,Xe máy - 69-18214 - Vi phạm: Đè vạch dừng,"Video: demo_video.mp4, Frame: 155, Độ rõ: Rõ"
2026-02-08 14:27:58,59R18214,PHÁT HIỆN VI PHẠM VIDEO,Xe máy - 59R-18214 - Vi phạm: Đè vạch dừng,"Video: demo_video.mp4, Frame: 160, Độ rõ: Rõ"
2026-02-08 14:27:58,59RA18214,PHÁT HIỆN VI PHẠM VIDEO,Xe máy - 59RA-18214 - Vi phạm: Đè vạch dừng,"Video: demo_video.mp4, Frame: 165, Độ rõ: Rõ"
2026-02-08 14:27:58,69RA18214,PHÁT HIỆN VI PHẠM VIDEO,Xe máy - 69RA-18214 - Vi phạm: Đè vạch dừng,"Video: demo_video.mp4, Frame: 170, Độ rõ: Rõ"
2026-02-08 14:27:58,69R1821,PHÁT HIỆN VI PHẠM VIDEO,Xe máy - 69R-1821 - Vi phạm: Đè vạch dừng,"Video: demo_video.mp4, Frame: 185, Độ rõ: Rõ"
2026-02-08 14:27:58,5917214,PHÁT HIỆN VI PHẠM VIDEO,Xe máy - 59-17214 - Vi phạm: Đè vạch dừng,"Video: demo_video.mp4, Frame: 205, Độ rõ: Rõ"
2026-02-08 14:27:58,59R2553,PHÁT HIỆN VI PHẠM VIDEO,Xe máy - 59R2-553,"Video: demo_video.mp4, Frame: 350, Độ rõ: Rõ"
2026-02-08 14:27:58,59T321650,PHÁT HIỆN VI PHẠM VIDEO,Xe máy - 59T3-21650,"Video: demo_video.mp4, Frame: 420, Độ rõ: Rõ"
2026-02-08 14:27:58,592T321650,PHÁT HIỆN VI PHẠM VIDEO,Xe máy - 592T3-21650,"Video: demo_video.mp4, Frame: 425, Độ rõ: Rõ"
2026-02-08 14:27:58,50E10630,PHÁT HIỆN VI PHẠM VIDEO,Xe máy - 50E-10630,"Video: demo_video.mp4, Frame: 490, Độ rõ: Rõ"
2026-02-08 14:27:58,6DE10623D,PHÁT HIỆN VI PHẠM VIDEO,Xe máy - 6DE-10623D,"Video: demo_video.mp4, Frame: 500, Độ rõ: Rõ"
2026-02-08 14:31:38,59706868,PHÁT HIỆN VI PHẠM,Xe máy - 597-06868 - Vi phạm: Đè vạch dừng,Video: demo_video.mp4 - Frame 35
2026-02-08 14:31:38,97B0688,PHÁT HIỆN VI PHẠM,Xe máy - 97B-0688 - Vi phạm: Đè vạch dừng,Video: demo_video.mp4 - Frame 40
2026-02-08 14:31:39,91B58,PHÁT HIỆN VI PHẠM,Xe máy - 91B-58 - Vi phạm: Đè vạch dừng,Video: demo_video.mp4 - Frame 50
2026-02-08 14:31:44,59214,PHÁT HIỆN VI PHẠM,Xe máy - 59-214 - Vi phạm: Đè vạch dừng,Video: demo_video.mp4 - Frame 150
2026-02-08 14:31:44,6918214,PHÁT HIỆN VI PHẠM,Xe máy - 69-18214 - Vi phạm: Đè vạch dừng,Video: demo_video.mp4 - Frame 155
2026-02-08 14:31:45,59R18214,PHÁT HIỆN VI PHẠM,Xe máy - 59R-18214 - Vi phạm: Đè vạch dừng,Video: demo_video.mp4 - Frame 160
2026-02-08 14:31:45,59RA18214,PHÁT HIỆN VI PHẠM,Xe máy - 59RA-18214 - Vi phạm: Đè vạch dừng,Video: demo_video.mp4 - Frame 165
2026-02-08 14:31:45,69RA18214,PHÁT HIỆN VI PHẠM,Xe máy - 69RA-18214 - Vi phạm: Đè vạch dừng,Video: demo_video.mp4 - Frame 170
2026-02-08 14:31:46,69R1821,PHÁT HIỆN VI PHẠM,Xe máy - 69R-1821 - Vi phạm: Đè vạch dừng,Video: demo_video.mp4 - Frame 185
2026-02-08 14:31:47,5917214,PHÁT HIỆN VI PHẠM,Xe máy - 59-17214 - Vi phạm: Đè vạch dừng,Video: demo_video.mp4 - Frame 205
2026-02-08 14:32:04,597B05868,PHÁT HIỆN VI PHẠM VIDEO,Xe máy - 597B-05868,"Video: demo_video.mp4, Frame: 5, Độ rõ: Rõ"
2026-02-08 14:32:04,59B05868,PHÁT HIỆN VI PHẠM VIDEO,Xe máy - 59B-05868,"Video: demo_video.mp4, Frame: 15, Độ rõ: Rõ"
2026-02-08 14:32:04,59B0568,PHÁT HIỆN VI PHẠM VIDEO,Xe máy - 59B-0568,"Video: demo_video.mp4, Frame: 20, Độ rõ: Rõ"
2026-02-08 14:32:04,47A61773,PHÁT HIỆN VI PHẠM VIDEO,Xe máy - 47A-61773,"Video: demo_video.mp4, Frame: 25, Độ rõ: Rõ"
2026-02-08 14:32:04,597B06868,PHÁT HIỆN VI PHẠM VIDEO,Xe máy - 597B-06868,"Video: demo_video.mp4, Frame: 30, Độ rõ: Rõ"
2026-02-08 14:32:04,59706868,PHÁT HIỆN VI PHẠM VIDEO,Xe máy - 597-06868 - Vi phạm: Đè vạch dừng,"Video: demo_video.mp4, Frame: 35, Độ rõ: Rõ"
2026-02-08 14:32:04,97B0688,PHÁT HIỆN VI PHẠM VIDEO,Xe máy - 97B-0688 - Vi phạm: Đè vạch dừng,"Video: demo_video.mp4, Frame: 40, Độ rõ: Rõ"
2026-02-08 14:32:04,91B58,PHÁT HIỆN VI PHẠM VIDEO,Xe máy - 91B-58 - Vi phạm: Đè vạch dừng,"Video: demo_video.mp4, Frame: 50, Độ rõ: Rõ"
2026-02-08 14:32:04,5910861,PHÁT HIỆN VI PHẠM VIDEO,Xe máy - 59-10861,"Video: demo_video.mp4, Frame: 110, Độ rõ: Rõ"
2026-02-08 14:32:04,59R12,PHÁT HIỆN VI PHẠM VIDEO,Xe máy - 59R-12 (Mờ),"Video: demo_video.mp4, Frame: 125, Độ rõ: Mờ"
2026-02-08 14:32:04,9R1212,PHÁT HIỆN VI PHẠM VIDEO,Xe máy - 9R-1212 (Mờ),"Video: demo_video.mp4, Frame: 135, Độ rõ: Mờ"
2026-02-08 14:32:04,59R7821,PHÁT HIỆN VI PHẠM VIDEO,Xe máy - 59R-7821,"Video: demo_video.mp4, Frame: 145, Độ rõ: Rõ"
2026-02-08 14:32:04,59214,PHÁT HIỆN VI PHẠM VIDEO,Xe máy - 59-214 - Vi phạm: Đè vạch dừng,"Video: demo_video.mp4, Frame: 150, Độ rõ: Rõ"
2026-02-08 14:32:04,6918214,PHÁT HIỆN VI PHẠM VIDEO,Xe máy - 69-18214 - Vi phạm: Đè vạch dừng,"Video: demo_video.mp4, Frame: 155, Độ rõ: Rõ"
2026-02-08 14:32:04,59R18214,PHÁT HIỆN VI PHẠM VIDEO,Xe máy - 59R-18214 - Vi phạm: Đè vạch dừng,"Video: demo_video.mp4, Frame: 160, Độ rõ: Rõ"
2026-02-08 14:32:04,59RA18214,PHÁT HIỆN VI PHẠM VIDEO,Xe máy - 59RA-18214 - Vi phạm: Đè vạch dừng,"Video: demo_video.mp4, Frame: 165, Độ rõ: Rõ"
2026-02-08 14:32:04,69RA18214,PHÁT HIỆN VI PHẠM VIDEO,Xe máy - 69RA-18214 - Vi phạm: Đè vạch dừng,"Video: demo_video.mp4, Frame: 170, Độ rõ: Rõ"
2026-02-08 14:32:04,69R1821,PHÁT HIỆN VI PHẠM VIDEO,Xe máy - 69R-1821 - Vi phạm: Đè vạch dừng,"Video: demo_video.mp4, Frame: 185, Độ rõ: Rõ"
2026-02-08 14:32:04,5917214,PHÁT HIỆN VI PHẠM VIDEO,Xe máy - 59-17214 - Vi phạm: Đè vạch dừng,"Video: demo_video.mp4, Frame: 205, Độ rõ: Rõ"
2026-02-08 14:32:04,59R2553,PHÁT HIỆN VI PHẠM VIDEO,Xe máy - 59R2-553,"Video: demo_video.mp4, Frame: 350, Độ rõ: Rõ"
2026-02-08 14:32:04,59T321650,PHÁT HIỆN VI PHẠM VIDEO,Xe máy - 59T3-21650,"Video: demo_video.mp4, Frame: 420, Độ rõ: Rõ"
2026-02-08 14:32:04,592T321650,PHÁT HIỆN VI PHẠM VIDEO,Xe máy - 592T3-21650,"Video: demo_video.mp4, Frame: 425, Độ rõ: Rõ"
2026-02-08 14:32:04,50E10630,PHÁT HIỆN VI PHẠM VIDEO,Xe máy - 50E-10630,"Video: demo_video.mp4, Frame: 490, Độ rõ: Rõ"
2026-02-08 14:32:04,6DE10623D,PHÁT HIỆN VI PHẠM VIDEO,Xe máy - 6DE-10623D,"Video: demo_video.mp4, Frame: 500, Độ rõ: Rõ"
2026-02-08 14:37:54,59706868,PHÁT HIỆN VI PHẠM,Xe máy - 597-06868 - Vi phạm: Đè vạch dừng,Video: demo_video.mp4 - Frame 35
2026-02-08 14:37:54,97B0688,PHÁT HIỆN VI PHẠM,Xe máy - 97B-0688 - Vi phạm: Đè vạch dừng,Video: demo_video.mp4 - Frame 40
2026-02-08 14:37:55,91B58,PHÁT HIỆN VI PHẠM,Xe máy - 91B-58 - Vi phạm: Đè vạch dừng,Video: demo_video.mp4 - Frame 50
2026-02-08 14:38:00,59214,PHÁT HIỆN VI PHẠM,Xe máy - 59-214 - Vi phạm: Đè vạch dừng,Video: demo_video.mp4 - Frame 150
2026-02-08 14:38:00,6918214,PHÁT HIỆN VI PHẠM,Xe máy - 69-18214 - Vi phạm: Đè vạch dừng,Video: demo_video.mp4 - Frame 155
2026-02-08 14:38:01,59R18214,PHÁT HIỆN VI PHẠM,Xe máy - 59R-18214 - Vi phạm: Đè vạch dừng,Video: demo_video.mp4 - Frame 160
2026-02-08 14:38:01,59RA18214,PHÁT HIỆN VI PHẠM,Xe máy - 59RA-18214 - Vi phạm: Đè vạch dừng,Video: demo_video.mp4 - Frame 165
2026-02-08 14:38:01,69RA18214,PHÁT HIỆN VI PHẠM,Xe máy - 69RA-18214 - Vi phạm: Đè vạch dừng,Video: demo_video.mp4 - Frame 170
2026-02-08 14:38:02,69R1821,PHÁT HIỆN VI PHẠM,Xe máy - 69R-1821 - Vi phạm: Đè vạch dừng,Video: demo_video.mp4 - Frame 185
2026-02-08 14:38:03,5917214,PHÁT HIỆN VI PHẠM,Xe máy - 59-17214 - Vi phạm: Đè vạch dừng,Video: demo_video.mp4 - Frame 205
2026-02-08 14:38:19,597B05868,PHÁT HIỆN VI PHẠM VIDEO,Xe máy - 597B-05868,"Video: demo_video.mp4, Frame: 5, Độ rõ: Rõ"
2026-02-08 14:38:19,59B05868,PHÁT HIỆN VI PHẠM VIDEO,Xe máy - 59B-05868,"Video: demo_video.mp4, Frame: 15, Độ rõ: Rõ"
2026-02-08 14:38:19,59B0568,PHÁT HIỆN VI PHẠM VIDEO,Xe máy - 59B-0568,"Video: demo_video.mp4, Frame: 20, Độ rõ: Rõ"
2026-02-08 14:38:19,47A61773,PHÁT HIỆN VI PHẠM VIDEO,Xe máy - 47A-61773,"Video: demo_video.mp4, Frame: 25, Độ rõ: Rõ"
2026-02-08 14:38:19,597B06868,PHÁT HIỆN VI PHẠM VIDEO,Xe máy - 597B-06868,"Video: demo_video.mp4, Frame: 30, Độ rõ: Rõ"
2026-02-08 14:38:19,59706868,PHÁT HIỆN VI PHẠM VIDEO,Xe máy - 597-06868 - Vi phạm: Đè vạch dừng,"Video: demo_video.mp4, Frame: 35, Độ rõ: Rõ"
2026-02-08 14:38:19,97B0688,PHÁT HIỆN VI PHẠM VIDEO,Xe máy - 97B-0688 - Vi phạm: Đè vạch dừng,"Video: demo_video.mp4, Frame: 40, Độ rõ: Rõ"
2026-02-08 14:38:19,91B58,PHÁT HIỆN VI PHẠM VIDEO,Xe máy - 91B-58 - Vi phạm: Đè vạch dừng,"Video: demo_video.mp4, Frame: 50, Độ rõ: Rõ"
2026-02-08 14:38:19,5910861,PHÁT HIỆN VI PHẠM VIDEO,Xe máy - 59-10861,"Video: demo_video.mp4, Frame: 110, Độ rõ: Rõ"
2026-02-08 14:38:19,59R12,PHÁT HIỆN VI PHẠM VIDEO,Xe máy - 59R-12 (Mờ),"Video: demo_video.mp4, Frame: 125, Độ rõ: Mờ"
2026-02-08 14:38:19,9R1212,PHÁT HIỆN VI PHẠM VIDEO,Xe máy - 9R-1212 (Mờ),"Video: demo_video.mp4, Frame: 135, Độ rõ: Mờ"
2026-02-08 14:38:19,59R7821,PHÁT HIỆN VI PHẠM VIDEO,Xe máy - 59R-7821,"Video: demo_video.mp4, Frame: 145, Độ rõ: Rõ"
2026-02-08 14:38:19,59214,PHÁT HIỆN VI PHẠM VIDEO,Xe máy - 59-214 - Vi phạm: Đè vạch dừng,"Video: demo_video.mp4, Frame: 150, Độ rõ: Rõ"
2026-02-08 14:38:19,6918214,PHÁT HIỆN VI PHẠM VIDEO,Xe máy - 69-18214 - Vi phạm: Đè vạch dừng,"Video: demo_video.mp4, Frame: 155, Độ rõ: Rõ"
2026-02-08 14:38:19,59R18214,PHÁT HIỆN VI PHẠM VIDEO,Xe máy - 59R-18214 - Vi phạm: Đè vạch dừng,"Video: demo_video.mp4, Frame: 160, Độ rõ: Rõ"
2026-02-08 14:38:19,59RA18214,PHÁT HIỆN VI PHẠM VIDEO,Xe máy - 59RA-18214 - Vi phạm: Đè vạch dừng,"Video: demo_video.mp4, Frame: 165, Độ rõ: Rõ"
2026-02-08 14:38:19,69RA18214,PHÁT HIỆN VI PHẠM VIDEO,Xe máy - 69RA-18214 - Vi phạm: Đè vạch dừng,"Video: demo_video.mp4, Frame: 170, Độ rõ: Rõ"
2026-02-08 14:38:19,69R1821,PHÁT HIỆN VI PHẠM VIDEO,Xe máy - 69R-1821 - Vi phạm: Đè vạch dừng,"Video: demo_video.mp4, Frame: 185, Độ rõ: Rõ"
2026-02-08 14:38:19,5917214,PHÁT HIỆN VI PHẠM VIDEO,Xe máy - 59-17214 - Vi phạm: Đè vạch dừng,"Video: demo_video.mp4, Frame: 205, Độ rõ: Rõ"
2026-02-08 14:38:19,59R2553,PHÁT HIỆN VI PHẠM VIDEO,Xe máy - 59R2-553,"Video: demo_video.mp4, Frame: 350, Độ rõ: Rõ"
2026-02-08 14:38:19,59T321650,PHÁT HIỆN VI PHẠM VIDEO,Xe máy - 59T3-21650,"Video: demo_video.mp4, Frame: 420, Độ rõ: Rõ"
2026-02-08 14:38:19,592T321650,PHÁT HIỆN VI PHẠM VIDEO,Xe máy - 592T3-21650,"Video: demo_video.mp4, Frame: 425, Độ rõ: Rõ"
2026-02-08 14:38:19,50E10630,PHÁT HIỆN VI PHẠM VIDEO,Xe máy - 50E-10630,"Video: demo_video.mp4, Frame: 490, Độ rõ: Rõ"
2026-02-08 14:38:19,6DE10623D,PHÁT HIỆN VI PHẠM VIDEO,Xe máy - 6DE-10623D,"Video: demo_video.mp4, Frame: 500, Độ rõ: Rõ"
2026-02-08 14:43:48,597B05868,PHÁT HIỆN VI PHẠM VIDEO,Xe máy - 597B-05868,"Video: demo_video.mp4, Frame: 5, Độ rõ: Rõ"
2026-02-08 14:43:48,47A61773,PHÁT HIỆN VI PHẠM VIDEO,Xe máy - 47A-61773,"Video: demo_video.mp4, Frame: 25, Độ rõ: Rõ"
2026-02-08 14:43:48,5910861,PHÁT HIỆN VI PHẠM VIDEO,Xe máy - 59-10861,"Video: demo_video.mp4, Frame: 110, Độ rõ: Rõ"
2026-02-08 14:43:48,59R12,PHÁT HIỆN VI PHẠM VIDEO,Xe máy - 59R-12 (Mờ),"Video: demo_video.mp4, Frame: 125, Độ rõ: Mờ"
2026-02-08 14:43:48,9R1212,PHÁT HIỆN VI PHẠM VIDEO,Xe máy - 9R-1212 (Mờ),"Video: demo_video.mp4, Frame: 135, Độ rõ: Mờ"
2026-02-08 14:43:48,59R7821,PHÁT HIỆN VI PHẠM VIDEO,Xe máy - 59R-7821,"Video: demo_video.mp4, Frame: 145, Độ rõ: Rõ"
2026-02-08 14:43:48,59R2553,PHÁT HIỆN VI PHẠM VIDEO,Xe máy - 59R2-553,"Video: demo_video.mp4, Frame: 350, Độ rõ: Rõ"
2026-02-08 14:43:48,59T321650,PHÁT HIỆN VI PHẠM VIDEO,Xe máy - 59T3-21650,"Video: demo_video.mp4, Frame: 420, Độ rõ: Rõ"
2026-02-08 14:43:48,50E10630,PHÁT HIỆN VI PHẠM VIDEO,Xe máy - 50E-10630,"Video: demo_video.mp4, Frame: 490, Độ rõ: Rõ"
2026-02-08 14:43:48,6DE10623D,PHÁT HIỆN VI PHẠM VIDEO,Xe máy - 6DE-10623D,"Video: demo_video.mp4, Frame: 500, Độ rõ: Rõ"
